[31mar2026 20:39:12.162] [main/INFO] [cpw.mods.modlauncher.Launcher/MODLAUNCHER]: ModLauncher running: args [--launchTarget, forgeclientdev, --version, 21.1.215, --assetIndex, asset-index, --assetsDir, C:\Users\SrNadien\.gradle\caches\minecraft\assets, --gameDir, ., --fml.fmlVersion, 4.0.42, --fml.mcVersion, 1.21.1, --fml.neoForgeVersion, 21.1.215, --fml.neoFormVersion, 20240808.144430]
[31mar2026 20:39:12.177] [main/INFO] [cpw.mods.modlauncher.Launcher/MODLAUNCHER]: JVM identified as Oracle Corporation Java HotSpot(TM) 64-Bit Server VM 21.0.7+8-LTS-245
[31mar2026 20:39:12.196] [main/INFO] [cpw.mods.modlauncher.Launcher/MODLAUNCHER]: ModLauncher 11.0.5+main.901c6ea8 starting: java version 21.0.7 by Oracle Corporation; OS Windows 10 arch amd64 version 10.0
[31mar2026 20:39:12.302] [main/DEBUG] [cpw.mods.modlauncher.LaunchServiceHandler/MODLAUNCHER]: Found launch services [minecraft,forgeclient,forgedatauserdev,testharness,forgeserverdev,forgeserveruserdev,forgejunitdev,forgeclientdev,forgeclientuserdev,forgeserver,forgejunituserdev,forgedatadev]
[31mar2026 20:39:12.613] [main/DEBUG] [cpw.mods.modlauncher.LaunchPluginHandler/MODLAUNCHER]: Found launch plugins: [mixin,slf4jfixer,runtime_enum_extender,accesstransformer,runtimedistcleaner]
[31mar2026 20:39:12.745] [main/DEBUG] [cpw.mods.modlauncher.TransformationServicesHandler/MODLAUNCHER]: Discovering transformation services
[31mar2026 20:39:12.760] [main/DEBUG] [net.neoforged.fml.loading.FMLPaths/CORE]: Path GAMEDIR is C:\Users\SrNadien\Documents\Ultimate-Foods\run
[31mar2026 20:39:12.760] [main/DEBUG] [net.neoforged.fml.loading.FMLPaths/CORE]: Path MODSDIR is C:\Users\SrNadien\Documents\Ultimate-Foods\run\mods
[31mar2026 20:39:12.760] [main/DEBUG] [net.neoforged.fml.loading.FMLPaths/CORE]: Path CONFIGDIR is C:\Users\SrNadien\Documents\Ultimate-Foods\run\config
[31mar2026 20:39:12.760] [main/DEBUG] [net.neoforged.fml.loading.FMLPaths/CORE]: Path FMLCONFIG is C:\Users\SrNadien\Documents\Ultimate-Foods\run\config\fml.toml
[31mar2026 20:39:12.854] [main/TRACE] [net.neoforged.fml.loading.FMLConfig/CORE]: Loaded FML config from C:\Users\SrNadien\Documents\Ultimate-Foods\run\config\fml.toml
[31mar2026 20:39:12.854] [main/TRACE] [net.neoforged.fml.loading.FMLConfig/CORE]: FMLConfig disableConfigWatcher is false
[31mar2026 20:39:12.854] [main/TRACE] [net.neoforged.fml.loading.FMLConfig/CORE]: FMLConfig earlyWindowControl is true
[31mar2026 20:39:12.854] [main/TRACE] [net.neoforged.fml.loading.FMLConfig/CORE]: FMLConfig maxThreads is 2
[31mar2026 20:39:12.854] [main/TRACE] [net.neoforged.fml.loading.FMLConfig/CORE]: FMLConfig versionCheck is true
[31mar2026 20:39:12.854] [main/TRACE] [net.neoforged.fml.loading.FMLConfig/CORE]: FMLConfig defaultConfigPath is defaultconfigs
[31mar2026 20:39:12.854] [main/TRACE] [net.neoforged.fml.loading.FMLConfig/CORE]: FMLConfig disableOptimizedDFU is true
[31mar2026 20:39:12.854] [main/TRACE] [net.neoforged.fml.loading.FMLConfig/CORE]: FMLConfig earlyWindowProvider is fmlearlywindow
[31mar2026 20:39:12.854] [main/TRACE] [net.neoforged.fml.loading.FMLConfig/CORE]: FMLConfig earlyWindowWidth is 854
[31mar2026 20:39:12.854] [main/TRACE] [net.neoforged.fml.loading.FMLConfig/CORE]: FMLConfig earlyWindowHeight is 480
[31mar2026 20:39:12.854] [main/TRACE] [net.neoforged.fml.loading.FMLConfig/CORE]: FMLConfig earlyWindowFBScale is 1
[31mar2026 20:39:12.854] [main/TRACE] [net.neoforged.fml.loading.FMLConfig/CORE]: FMLConfig earlyWindowMaximized is false
[31mar2026 20:39:12.854] [main/TRACE] [net.neoforged.fml.loading.FMLConfig/CORE]: FMLConfig earlyWindowSkipGLVersions is []
[31mar2026 20:39:12.854] [main/TRACE] [net.neoforged.fml.loading.FMLConfig/CORE]: FMLConfig earlyWindowSquir is false
[31mar2026 20:39:12.885] [main/DEBUG] [net.neoforged.fml.loading.targets.CommonLaunchHandler/CORE]: Got mod coordinates Ultimate-Foods%%C:\Users\SrNadien\Documents\Ultimate-Foods\build\resources\main;Ultimate-Foods%%C:\Users\SrNadien\Documents\Ultimate-Foods\build\classes\java\main from env
[31mar2026 20:39:12.916] [main/DEBUG] [net.neoforged.fml.loading.targets.CommonLaunchHandler/CORE]: Found supplied mod coordinates [{Ultimate-Foods=[C:\Users\SrNadien\Documents\Ultimate-Foods\build\resources\main, C:\Users\SrNadien\Documents\Ultimate-Foods\build\classes\java\main]}]
[31mar2026 20:39:12.916] [main/DEBUG] [cpw.mods.modlauncher.TransformationServicesHandler/MODLAUNCHER]: Found additional transformation services from discovery services: 
[31mar2026 20:39:12.947] [main/INFO] [net.neoforged.fml.loading.ImmediateWindowHandler/]: Loading ImmediateWindowProvider fmlearlywindow
[31mar2026 20:39:13.681] [main/INFO] [EARLYDISPLAY/]: Trying GL version 4.6
[31mar2026 20:39:14.988] [main/INFO] [EARLYDISPLAY/]: Requested GL version 4.6 got version 4.6
[31mar2026 20:39:15.348] [main/DEBUG] [cpw.mods.modlauncher.TransformationServicesHandler/MODLAUNCHER]: Found transformer services : [mixin,fml]
[31mar2026 20:39:15.348] [main/DEBUG] [cpw.mods.modlauncher.TransformationServicesHandler/MODLAUNCHER]: Transformation services loading
[31mar2026 20:39:15.348] [main/DEBUG] [cpw.mods.modlauncher.TransformationServiceDecorator/MODLAUNCHER]: Loading service mixin
[31mar2026 20:39:15.348] [main/DEBUG] [cpw.mods.modlauncher.TransformationServiceDecorator/MODLAUNCHER]: Loaded service mixin
[31mar2026 20:39:15.348] [main/DEBUG] [cpw.mods.modlauncher.TransformationServiceDecorator/MODLAUNCHER]: Loading service fml
[31mar2026 20:39:15.348] [main/DEBUG] [net.neoforged.fml.loading.FMLLoader/CORE]: FML 4.0.42 loading
[31mar2026 20:39:15.348] [main/DEBUG] [net.neoforged.fml.loading.FMLLoader/CORE]: FML found ModLauncher version : 11.0.5+main.901c6ea8
[31mar2026 20:39:15.364] [main/DEBUG] [net.neoforged.fml.loading.FMLLoader/CORE]: FML found AccessTransformer version : 10.0.1+139da711
[31mar2026 20:39:15.364] [main/DEBUG] [net.neoforged.fml.loading.FMLLoader/CORE]: FML found EventBus version : null
[31mar2026 20:39:15.364] [main/DEBUG] [net.neoforged.fml.loading.FMLLoader/CORE]: Found Runtime Dist Cleaner
[31mar2026 20:39:15.364] [main/DEBUG] [cpw.mods.modlauncher.TransformationServiceDecorator/MODLAUNCHER]: Loaded service fml
[31mar2026 20:39:15.364] [main/DEBUG] [cpw.mods.modlauncher.TransformationServicesHandler/MODLAUNCHER]: Configuring option handling for services
[31mar2026 20:39:15.426] [main/DEBUG] [net.neoforged.fml.loading.FMLServiceProvider/CORE]: Received command line version data  : VersionInfo[neoForgeVersion=21.1.215, fmlVersion=4.0.42, mcVersion=1.21.1, neoFormVersion=20240808.144430]
[31mar2026 20:39:15.426] [main/DEBUG] [cpw.mods.modlauncher.TransformationServicesHandler/MODLAUNCHER]: Transformation services initializing
[31mar2026 20:39:15.426] [main/DEBUG] [cpw.mods.modlauncher.TransformationServiceDecorator/MODLAUNCHER]: Initializing transformation service mixin
[31mar2026 20:39:15.458] [main/DEBUG] [mixin/]: MixinService [ModLauncher] was successfully booted in cpw.mods.cl.ModuleClassLoader@4034c28c
[31mar2026 20:39:15.504] [main/INFO] [mixin/]: SpongePowered MIXIN Subsystem Version=0.8.7 Source=union:/C:/Users/SrNadien/.gradle/caches/modules-2/files-2.1/net.fabricmc/sponge-mixin/0.15.2+mixin.0.8.7/2af2f021d8e02a0220dc27a7a72b4666d66d44ca/sponge-mixin-0.15.2+mixin.0.8.7.jar%23142!/ Service=ModLauncher Env=CLIENT
[31mar2026 20:39:15.538] [main/DEBUG] [mixin/]: Initialising Mixin Platform Manager
[31mar2026 20:39:15.538] [main/DEBUG] [mixin/]: Adding mixin platform agents for container ModLauncher Root Container(ModLauncher:4f56a0a2)
[31mar2026 20:39:15.540] [main/DEBUG] [mixin/]: Instancing new MixinPlatformAgentMinecraftForge for ModLauncher Root Container(ModLauncher:4f56a0a2)
[31mar2026 20:39:15.543] [main/DEBUG] [mixin/]: MixinPlatformAgentMinecraftForge rejected container ModLauncher Root Container(ModLauncher:4f56a0a2)
[31mar2026 20:39:15.545] [main/DEBUG] [mixin/]: Instancing new MixinPlatformAgentDefault for ModLauncher Root Container(ModLauncher:4f56a0a2)
[31mar2026 20:39:15.546] [main/DEBUG] [mixin/]: MixinPlatformAgentDefault accepted container ModLauncher Root Container(ModLauncher:4f56a0a2)
[31mar2026 20:39:15.550] [main/DEBUG] [cpw.mods.modlauncher.TransformationServiceDecorator/MODLAUNCHER]: Initialized transformation service mixin
[31mar2026 20:39:15.552] [main/DEBUG] [cpw.mods.modlauncher.TransformationServiceDecorator/MODLAUNCHER]: Initializing transformation service fml
[31mar2026 20:39:15.553] [main/DEBUG] [net.neoforged.fml.loading.FMLServiceProvider/CORE]: Setting up basic FML game directories
[31mar2026 20:39:15.554] [main/DEBUG] [net.neoforged.fml.loading.FMLPaths/CORE]: Path GAMEDIR is C:\Users\SrNadien\Documents\Ultimate-Foods\run
[31mar2026 20:39:15.556] [main/DEBUG] [net.neoforged.fml.loading.FMLPaths/CORE]: Path MODSDIR is C:\Users\SrNadien\Documents\Ultimate-Foods\run\mods
[31mar2026 20:39:15.556] [main/DEBUG] [net.neoforged.fml.loading.FMLPaths/CORE]: Path CONFIGDIR is C:\Users\SrNadien\Documents\Ultimate-Foods\run\config
[31mar2026 20:39:15.557] [main/DEBUG] [net.neoforged.fml.loading.FMLPaths/CORE]: Path FMLCONFIG is C:\Users\SrNadien\Documents\Ultimate-Foods\run\config\fml.toml
[31mar2026 20:39:15.558] [main/DEBUG] [net.neoforged.fml.loading.FMLServiceProvider/CORE]: Loading configuration
[31mar2026 20:39:15.604] [main/TRACE] [net.neoforged.fml.loading.FMLConfig/CORE]: Loaded FML config from C:\Users\SrNadien\Documents\Ultimate-Foods\run\config\fml.toml
[31mar2026 20:39:15.604] [main/TRACE] [net.neoforged.fml.loading.FMLConfig/CORE]: FMLConfig disableConfigWatcher is false
[31mar2026 20:39:15.604] [main/TRACE] [net.neoforged.fml.loading.FMLConfig/CORE]: FMLConfig earlyWindowControl is true
[31mar2026 20:39:15.605] [main/TRACE] [net.neoforged.fml.loading.FMLConfig/CORE]: FMLConfig maxThreads is 2
[31mar2026 20:39:15.605] [main/TRACE] [net.neoforged.fml.loading.FMLConfig/CORE]: FMLConfig versionCheck is true
[31mar2026 20:39:15.605] [main/TRACE] [net.neoforged.fml.loading.FMLConfig/CORE]: FMLConfig defaultConfigPath is defaultconfigs
[31mar2026 20:39:15.605] [main/TRACE] [net.neoforged.fml.loading.FMLConfig/CORE]: FMLConfig disableOptimizedDFU is true
[31mar2026 20:39:15.605] [main/TRACE] [net.neoforged.fml.loading.FMLConfig/CORE]: FMLConfig earlyWindowProvider is fmlearlywindow
[31mar2026 20:39:15.605] [main/TRACE] [net.neoforged.fml.loading.FMLConfig/CORE]: FMLConfig earlyWindowWidth is 854
[31mar2026 20:39:15.605] [main/TRACE] [net.neoforged.fml.loading.FMLConfig/CORE]: FMLConfig earlyWindowHeight is 480
[31mar2026 20:39:15.605] [main/TRACE] [net.neoforged.fml.loading.FMLConfig/CORE]: FMLConfig earlyWindowFBScale is 1
[31mar2026 20:39:15.605] [main/TRACE] [net.neoforged.fml.loading.FMLConfig/CORE]: FMLConfig earlyWindowMaximized is false
[31mar2026 20:39:15.606] [main/TRACE] [net.neoforged.fml.loading.FMLConfig/CORE]: FMLConfig earlyWindowSkipGLVersions is []
[31mar2026 20:39:15.606] [main/TRACE] [net.neoforged.fml.loading.FMLConfig/CORE]: FMLConfig earlyWindowSquir is false
[31mar2026 20:39:15.610] [main/DEBUG] [net.neoforged.fml.loading.LaunchContext/SCAN]: Located paths when launch context was created: [C:\Users\SrNadien\.gradle\caches\modules-2\files-2.1\org.lwjgl\lwjgl-freetype\3.3.3\15a8c1de7f51d07a92eae7ce1222557073a0c0c3\lwjgl-freetype-3.3.3-natives-windows-x86.jar, C:\Users\SrNadien\.gradle\caches\modules-2\files-2.1\org.lwjgl\lwjgl-stb\3.3.3\1d9facdf6541de114b0f963be33505b7679c78cb\lwjgl-stb-3.3.3-natives-windows.jar, C:\Users\SrNadien\.gradle\caches\modules-2\files-2.1\net.minecrell\terminalconsoleappender\1.3.0\b562e9bb61235c9520e26282cdee71f8f802d1fc\terminalconsoleappender-1.3.0.jar, C:\Users\SrNadien\.gradle\caches\modules-2\files-2.1\org.lwjgl\lwjgl-glfw\3.3.3\32334f3fd5270a59bad9939a93115acb6de36dcf\lwjgl-glfw-3.3.3-natives-windows-x86.jar, C:\Users\SrNadien\.gradle\caches\modules-2\files-2.1\com.electronwill.night-config\toml\3.8.3\90b2fd6efcb4a7d5b9810cf78f9d824994d717f2\toml-3.8.3.jar, C:\Users\SrNadien\.gradle\caches\modules-2\files-2.1\net.neoforged.fancymodloader\loader\4.0.42\76e15f98bf676fb44b36c5e776f52a55581ec43a\loader-4.0.42.jar, C:\Users\SrNadien\.gradle\caches\modules-2\files-2.1\org.apache.httpcomponents\httpcore\4.4.16\51cf043c87253c9f58b539c9f7e44c8894223850\httpcore-4.4.16.jar, C:\Users\SrNadien\.gradle\caches\modules-2\files-2.1\org.lwjgl\lwjgl-jemalloc\3.3.3\426222fc027602a5f21b9c0fe79cde6a4c7a011f\lwjgl-jemalloc-3.3.3-natives-windows.jar, C:\Users\SrNadien\.gradle\caches\modules-2\files-2.1\net.neoforged.fancymodloader\earlydisplay\4.0.42\46555dbfff14e9e052f1f693aed14d542a74e111\earlydisplay-4.0.42.jar, C:\Users\SrNadien\.gradle\caches\modules-2\files-2.1\com.mojang\brigadier\1.3.10\d15b53a14cf20fdcaa98f731af5dda654452c010\brigadier-1.3.10.jar, C:\Users\SrNadien\.gradle\caches\modules-2\files-2.1\ca.weblite\java-objc-bridge\1.1\1227f9e0666314f9de41477e3ec277e542ed7f7b\java-objc-bridge-1.1.jar, C:\Users\SrNadien\.gradle\caches\modules-2\files-2.1\com.google.errorprone\error_prone_annotations\2.18.0\89b684257096f548fa39a7df9fdaa409d4d4df91\error_prone_annotations-2.18.0.jar, C:\Users\SrNadien\.gradle\caches\modules-2\files-2.1\net.minecraftforge\srgutils\0.4.15\ca408b131759478f164e010fae0d73997e125fb5\srgutils-0.4.15.jar, C:\Users\SrNadien\.gradle\caches\modules-2\files-2.1\org.lwjgl\lwjgl-opengl\3.3.3\2f6b0147078396a58979125a4c947664e98293a\lwjgl-opengl-3.3.3.jar, C:\Users\SrNadien\.gradle\caches\modules-2\files-2.1\io.netty\netty-transport-native-unix-common\4.1.97.Final\d469d84265ab70095b01b40886cabdd433b6e664\netty-transport-native-unix-common-4.1.97.Final.jar, C:\Users\SrNadien\.gradle\caches\modules-2\files-2.1\com.mojang\text2speech\1.17.9\3cad216e3a7f0c19b4b394388bc9ffc446f13b14\text2speech-1.17.9.jar, C:\Users\SrNadien\.gradle\caches\modules-2\files-2.1\io.netty\netty-transport\4.1.97.Final\f37380d23c9bb079bc702910833b2fd532c9abd0\netty-transport-4.1.97.Final.jar, C:\Users\SrNadien\.gradle\caches\modules-2\files-2.1\org.lwjgl\lwjgl-freetype\3.3.3\a0db6c84a8becc8ca05f9dbfa985edc348a824c7\lwjgl-freetype-3.3.3.jar, C:\Users\SrNadien\.gradle\caches\modules-2\files-2.1\net.neoforged\mergetool\2.0.3\1275202cbbb248f49345cf6787ce299afd9a02fb\mergetool-2.0.3-api.jar, C:\Users\SrNadien\.gradle\caches\modules-2\files-2.1\org.apache.commons\commons-compress\1.26.0\659feffdd12280201c8aacb8f7be94f9a883c824\commons-compress-1.26.0.jar, C:\Users\SrNadien\.gradle\caches\modules-2\files-2.1\org.lz4\lz4-java\1.8.0\4b986a99445e49ea5fbf5d149c4b63f6ed6c6780\lz4-java-1.8.0.jar, C:\Users\SrNadien\.gradle\caches\modules-2\files-2.1\org.jetbrains\annotations\24.1.0\7af6a669488450c4a07c2c3254e2151df42d7d04\annotations-24.1.0.jar, C:\Users\SrNadien\.gradle\caches\modules-2\files-2.1\cpw.mods\modlauncher\11.0.5\b8f0d49294f733fdb6173931b263553e943dc950\modlauncher-11.0.5.jar, C:\Users\SrNadien\.gradle\caches\modules-2\files-2.1\net.java.dev.jna\jna-platform\5.14.0\28934d48aed814f11e4c584da55c49fa7032b31b\jna-platform-5.14.0.jar, C:\Users\SrNadien\.gradle\caches\modules-2\files-2.1\io.netty\netty-codec\4.1.97.Final\384ba4d75670befbedb45c4d3b497a93639c206d\netty-codec-4.1.97.Final.jar, C:\Users\SrNadien\.gradle\caches\modules-2\files-2.1\com.google.code.gson\gson\2.10.1\b3add478d4382b78ea20b1671390a858002feb6c\gson-2.10.1.jar, C:\Users\SrNadien\.gradle\caches\modules-2\files-2.1\org.lwjgl\lwjgl-tinyfd\3.3.3\a6697981b0449a5087c1d546fc08b4f73e8f98c9\lwjgl-tinyfd-3.3.3-natives-windows.jar, C:\Users\SrNadien\.gradle\caches\modules-2\files-2.1\com.github.oshi\oshi-core\6.4.10\b1d8ab82d11d92fd639b56d639f8f46f739dd5fa\oshi-core-6.4.10.jar, C:\Users\SrNadien\.gradle\caches\modules-2\files-2.1\org.apache.logging.log4j\log4j-slf4j2-impl\2.22.1\d7e6693c2606cb7e7335047d7bb96dec52db5665\log4j-slf4j2-impl-2.22.1.jar, C:\Users\SrNadien\.gradle\caches\modules-2\files-2.1\net.neoforged\bus\8.0.5\5b2d33285ab5d1554e9798ad98c40d6ea3868bd5\bus-8.0.5.jar, C:\Users\SrNadien\.gradle\caches\modules-2\files-2.1\org.lwjgl\lwjgl\3.3.3\9e670718e050aeaeea0c2d5b907cffb142f2e58f\lwjgl-3.3.3-natives-windows-x86.jar, C:\Users\SrNadien\.gradle\caches\modules-2\files-2.1\com.google.guava\guava\32.1.2-jre\5e64ec7e056456bef3a4bc4c6fdaef71e8ab6318\guava-32.1.2-jre.jar, C:\Users\SrNadien\.gradle\caches\modules-2\files-2.1\org.lwjgl\lwjgl-tinyfd\3.3.3\82d755ca94b102e9ca77283b9e2dc46d1b15fbe5\lwjgl-tinyfd-3.3.3.jar, C:\Users\SrNadien\.gradle\caches\modules-2\files-2.1\org.lwjgl\lwjgl-glfw\3.3.3\efa1eb78c5ccd840e9f329717109b5e892d72f8e\lwjgl-glfw-3.3.3.jar, C:\Users\SrNadien\.gradle\caches\modules-2\files-2.1\net.neoforged\accesstransformers\10.0.1\fd83b5725f76eae9115e9355fa1c456a6a441400\accesstransformers-10.0.1.jar, C:\Users\SrNadien\.gradle\caches\modules-2\files-2.1\net.sf.jopt-simple\jopt-simple\5.0.4\4fdac2fbe92dfad86aa6e9301736f6b4342a3f5c\jopt-simple-5.0.4.jar, C:\Users\SrNadien\.gradle\caches\modules-2\files-2.1\net.neoforged.accesstransformers\at-modlauncher\10.0.1\5aba50202aceead086bc09fbc2751c9f05cb4890\at-modlauncher-10.0.1.jar, C:\Users\SrNadien\.gradle\caches\modules-2\files-2.1\org.antlr\antlr4-runtime\4.13.1\17125bae1d965624e265ef49552f6465a2bfa307\antlr4-runtime-4.13.1.jar, C:\Users\SrNadien\.gradle\caches\modules-2\files-2.1\com.ibm.icu\icu4j\73.2\61ad4ef7f9131fcf6d25c34b817f90d6da06c9e9\icu4j-73.2.jar, C:\Users\SrNadien\.gradle\caches\modules-2\files-2.1\com.mojang\patchy\2.2.10\da05971b07cbb379d002cf7eaec6a2048211fefc\patchy-2.2.10.jar, C:\Users\SrNadien\.gradle\caches\modules-2\files-2.1\org.apache.logging.log4j\log4j-api\2.22.1\bea6fede6328fabafd7e68363161a7ea6605abd1\log4j-api-2.22.1.jar, C:\Users\SrNadien\.gradle\caches\modules-2\files-2.1\org.jline\jline-reader\3.20.0\8f15415b022a25b473e8e16c28ae913186ffb9c4\jline-reader-3.20.0.jar, C:\Users\SrNadien\.gradle\caches\modules-2\files-2.1\io.netty\netty-buffer\4.1.97.Final\f8f3d8644afa5e6e1a40a3a6aeb9d9aa970ecb4f\netty-buffer-4.1.97.Final.jar, C:\Users\SrNadien\.gradle\caches\modules-2\files-2.1\com.google.j2objc\j2objc-annotations\2.8\c85270e307e7b822f1086b93689124b89768e273\j2objc-annotations-2.8.jar, C:\Users\SrNadien\.gradle\caches\modules-2\files-2.1\net.java.dev.jna\jna\5.14.0\67bf3eaea4f0718cb376a181a629e5f88fa1c9dd\jna-5.14.0.jar, C:\Users\SrNadien\.gradle\caches\modules-2\files-2.1\org.jcraft\jorbis\0.0.17\8872d22b293e8f5d7d56ff92be966e6dc28ebdc6\jorbis-0.0.17.jar, C:\Users\SrNadien\.gradle\caches\modules-2\files-2.1\commons-io\commons-io\2.15.1\f11560da189ab563a5c8e351941415430e9304ea\commons-io-2.15.1.jar, C:\Users\SrNadien\.gradle\caches\modules-2\files-2.1\commons-logging\commons-logging\1.2\4bfc12adfe4842bf07b657f0369c4cb522955686\commons-logging-1.2.jar, C:\Users\SrNadien\.gradle\caches\modules-2\files-2.1\com.mojang\datafixerupper\8.0.16\67d4de6d7f95d89bcf5862995fb854ebaec02a34\datafixerupper-8.0.16.jar, C:\Users\SrNadien\.gradle\caches\modules-2\files-2.1\io.netty\netty-transport-classes-epoll\4.1.97.Final\795da37ded759e862457a82d9d92c4d39ce8ecee\netty-transport-classes-epoll-4.1.97.Final.jar, C:\Users\SrNadien\.gradle\caches\modules-2\files-2.1\com.electronwill.night-config\core\3.8.3\b442a95f09e349927f5a945ecb594455870fcf4f\core-3.8.3.jar, C:\Users\SrNadien\.gradle\caches\modules-2\files-2.1\net.jodah\typetools\0.6.3\a01aaa6ddaea9ec07ec4f209487b7a46a526283a\typetools-0.6.3.jar, C:\Users\SrNadien\.gradle\caches\modules-2\files-2.1\org.jline\jline-terminal\3.20.0\d0ddcc708ddf527a3454c941b7b9225cc83a15ff\jline-terminal-3.20.0.jar, C:\Users\SrNadien\.gradle\caches\modules-2\files-2.1\org.lwjgl\lwjgl-stb\3.3.3\25dd6161988d7e65f71d5065c99902402ee32746\lwjgl-stb-3.3.3.jar, C:\Users\SrNadien\.gradle\caches\modules-2\files-2.1\com.machinezoo.noexception\noexception\1.7.1\b65330c98e38a1f915fa54a6e5eca496505e3f0a\noexception-1.7.1.jar, C:\Users\SrNadien\.gradle\caches\modules-2\files-2.1\org.apache.logging.log4j\log4j-core\2.22.1\7183a25510a02ad00cc6a95d3b3d2a7d3c5a8dc4\log4j-core-2.22.1.jar, C:\Users\SrNadien\.gradle\caches\modules-2\files-2.1\org.apache.httpcomponents\httpclient\4.5.13\e5f6cae5ca7ecaac1ec2827a9e2d65ae2869cada\httpclient-4.5.13.jar, C:\Users\SrNadien\.gradle\caches\modules-2\files-2.1\org.lwjgl\lwjgl-openal\3.3.3\daada81ceb5fc0c291fbfdd4433cb8d9423577f2\lwjgl-openal-3.3.3.jar, C:\Users\SrNadien\.gradle\caches\modules-2\files-2.1\com.mojang\blocklist\1.0.10\5c685c5ffa94c4cd39496c7184c1d122e515ecef\blocklist-1.0.10.jar, C:\Users\SrNadien\.gradle\caches\modules-2\files-2.1\org.lwjgl\lwjgl-opengl\3.3.3\65e956d3735a1abdc82eff4baec1b61174697d4b\lwjgl-opengl-3.3.3-natives-windows-arm64.jar, C:\Users\SrNadien\.gradle\caches\modules-2\files-2.1\org.openjdk.nashorn\nashorn-core\15.4\f67f5ffaa5f5130cf6fb9b133da00c7df3b532a5\nashorn-core-15.4.jar, C:\Users\SrNadien\.gradle\caches\modules-2\files-2.1\net.neoforged\JarJarSelector\0.4.1\fb3cc7a58af22ad2880adb98af6d518128c47dae\JarJarSelector-0.4.1.jar, C:\Users\SrNadien\.gradle\caches\modules-2\files-2.1\org.joml\joml\1.10.5\22566d58af70ad3d72308bab63b8339906deb649\joml-1.10.5.jar, C:\Users\SrNadien\.gradle\caches\modules-2\files-2.1\io.netty\netty-handler\4.1.97.Final\abb86c6906bf512bf2b797a41cd7d2e8d3cd7c36\netty-handler-4.1.97.Final.jar, C:\Users\SrNadien\.gradle\caches\modules-2\files-2.1\org.checkerframework\checker-qual\3.33.0\de2b60b62da487644fc11f734e73c8b0b431238f\checker-qual-3.33.0.jar, C:\Users\SrNadien\.gradle\caches\modules-2\files-2.1\com.mojang\authlib\6.0.54\de8bc95660e1b2fe8793fd427a7a10dcec5b3ea7\authlib-6.0.54.jar, C:\Users\SrNadien\.gradle\caches\modules-2\files-2.1\org.lwjgl\lwjgl-openal\3.3.3\87b8d5050e3adb46bb58fe1cb2669a4a48fce10d\lwjgl-openal-3.3.3-natives-windows-x86.jar, C:\Users\SrNadien\.gradle\caches\modules-2\files-2.1\com.google.code.findbugs\jsr305\3.0.2\25ea2e8b0c338a877313bd4672d3fe056ea78f0d\jsr305-3.0.2.jar, C:\Users\SrNadien\.gradle\caches\modules-2\files-2.1\org.lwjgl\lwjgl\3.3.3\29589b5f87ed335a6c7e7ee6a5775f81f97ecb84\lwjgl-3.3.3.jar, C:\Users\SrNadien\Documents\Ultimate-Foods\.gradle\repositories\ng_dummy_ng\net\minecraft\client\1.21.1\client-1.21.1-client-extra.jar, C:\Users\SrNadien\.gradle\caches\modules-2\files-2.1\org.codehaus.plexus\plexus-utils\3.3.0\cf43b5391de623b36fe066a21127baef82c64022\plexus-utils-3.3.0.jar, C:\Users\SrNadien\.gradle\caches\modules-2\files-2.1\com.google.guava\listenablefuture\9999.0-empty-to-avoid-conflict-with-guava\b421526c5f297295adef1c886e5246c39d4ac629\listenablefuture-9999.0-empty-to-avoid-conflict-with-guava.jar, C:\Users\SrNadien\.gradle\caches\modules-2\files-2.1\org.lwjgl\lwjgl-jemalloc\3.3.3\b543467b7ff3c6920539a88ee602d34098628be5\lwjgl-jemalloc-3.3.3.jar, C:\Users\SrNadien\.gradle\caches\modules-2\files-2.1\org.slf4j\slf4j-api\2.0.9\7cf2726fdcfbc8610f9a71fb3ed639871f315340\slf4j-api-2.0.9.jar, C:\Users\SrNadien\.gradle\caches\modules-2\files-2.1\net.neoforged\JarJarMetadata\0.4.1\f8da03683dc81694556dc3e177c5e3bb77ae6fcb\JarJarMetadata-0.4.1.jar, C:\Users\SrNadien\.gradle\caches\modules-2\files-2.1\com.mojang\logging\1.2.7\24cb95ffb0e3433fd6e844c04e68009e504ca1c0\logging-1.2.7.jar, C:\Users\SrNadien\.gradle\caches\modules-2\files-2.1\org.apache.maven\maven-artifact\3.8.5\4433f50c07debefaed0553bd0068f4f48d449313\maven-artifact-3.8.5.jar, C:\Users\SrNadien\.gradle\caches\modules-2\files-2.1\com.google.guava\failureaccess\1.0.1\1dcf1de382a0bf95a3d8b0849546c88bac1292c9\failureaccess-1.0.1.jar, C:\Users\SrNadien\.gradle\caches\modules-2\files-2.1\it.unimi.dsi\fastutil\8.5.12\c24946d46824bd528054bface3231d2ecb7e95e8\fastutil-8.5.12.jar, C:\Users\SrNadien\.gradle\caches\modules-2\files-2.1\commons-codec\commons-codec\1.16.0\4e3eb3d79888d76b54e28b350915b5dc3919c9de\commons-codec-1.16.0.jar, C:\Users\SrNadien\.gradle\caches\modules-2\files-2.1\net.neoforged\coremods\7.0.3\9147e6f638b4272b3bd5fc8f92ad37802512c6c\coremods-7.0.3.jar, C:\Users\SrNadien\.gradle\caches\modules-2\files-2.1\net.fabricmc\sponge-mixin\0.15.2+mixin.0.8.7\2af2f021d8e02a0220dc27a7a72b4666d66d44ca\sponge-mixin-0.15.2+mixin.0.8.7.jar, C:\Users\SrNadien\.gradle\caches\modules-2\files-2.1\org.apache.commons\commons-lang3\3.14.0\1ed471194b02f2c6cb734a0cd6f6f107c673afae\commons-lang3-3.14.0.jar, C:\Users\SrNadien\.gradle\caches\modules-2\files-2.1\io.netty\netty-common\4.1.97.Final\7cceacaf11df8dc63f23d0fb58e9d4640fc88404\netty-common-4.1.97.Final.jar, C:\Users\SrNadien\.gradle\caches\modules-2\files-2.1\io.netty\netty-resolver\4.1.97.Final\cec8348108dc76c47cf87c669d514be52c922144\netty-resolver-4.1.97.Final.jar]
[31mar2026 20:39:15.611] [main/DEBUG] [net.neoforged.fml.loading.FMLServiceProvider/CORE]: Preparing launch handler
[31mar2026 20:39:15.612] [main/DEBUG] [net.neoforged.fml.loading.FMLLoader/CORE]: Using forgeclientdev as launch service
[31mar2026 20:39:15.613] [main/DEBUG] [net.neoforged.fml.common.asm.RuntimeDistCleaner/DISTXFORM]: Configuring for Dist CLIENT
[31mar2026 20:39:15.618] [main/DEBUG] [cpw.mods.modlauncher.TransformationServiceDecorator/MODLAUNCHER]: Initialized transformation service fml
[31mar2026 20:39:15.618] [main/DEBUG] [cpw.mods.modlauncher.TransformationServicesHandler/MODLAUNCHER]: Transformation services begin scanning
[31mar2026 20:39:15.619] [main/DEBUG] [cpw.mods.modlauncher.TransformationServiceDecorator/MODLAUNCHER]: Beginning scan trigger - transformation service mixin
[31mar2026 20:39:15.620] [main/DEBUG] [cpw.mods.modlauncher.TransformationServiceDecorator/MODLAUNCHER]: End scan trigger - transformation service mixin
[31mar2026 20:39:15.620] [main/DEBUG] [cpw.mods.modlauncher.TransformationServiceDecorator/MODLAUNCHER]: Beginning scan trigger - transformation service fml
[31mar2026 20:39:15.620] [main/DEBUG] [net.neoforged.fml.loading.FMLServiceProvider/CORE]: Initiating mod scan
[31mar2026 20:39:15.625] [main/DEBUG] [net.neoforged.fml.loading.targets.CommonLaunchHandler/CORE]: Got mod coordinates Ultimate-Foods%%C:\Users\SrNadien\Documents\Ultimate-Foods\build\resources\main;Ultimate-Foods%%C:\Users\SrNadien\Documents\Ultimate-Foods\build\classes\java\main from env
[31mar2026 20:39:15.629] [main/DEBUG] [net.neoforged.fml.loading.targets.CommonLaunchHandler/CORE]: Found supplied mod coordinates [{Ultimate-Foods=[C:\Users\SrNadien\Documents\Ultimate-Foods\build\resources\main, C:\Users\SrNadien\Documents\Ultimate-Foods\build\classes\java\main]}]
[31mar2026 20:39:15.633] [main/DEBUG] [net.neoforged.fml.loading.targets.CommonDevLaunchHandler/]: Launching with NeoForge from C:\Users\SrNadien\Documents\Ultimate-Foods\.gradle\repositories\ng_dummy_ng\net\neoforged\neoforge\21.1.215\neoforge-21.1.215.jar
[31mar2026 20:39:15.669] [main/DEBUG] [net.neoforged.fml.util.ServiceLoaderUtil/CORE]: Found 4 implementations of IModFileCandidateLocator:
[31mar2026 20:39:15.669] [main/DEBUG] [net.neoforged.fml.util.ServiceLoaderUtil/CORE]: 	       0 - [built-in] net.neoforged.fml.loading.moddiscovery.locators.NeoForgeDevProvider from loader-4.0.42.jar
[31mar2026 20:39:15.669] [main/DEBUG] [net.neoforged.fml.util.ServiceLoaderUtil/CORE]: 	       0 - net.neoforged.fml.loading.moddiscovery.locators.ModsFolderLocator from loader-4.0.42.jar
[31mar2026 20:39:15.669] [main/DEBUG] [net.neoforged.fml.util.ServiceLoaderUtil/CORE]: 	       0 - net.neoforged.fml.loading.moddiscovery.locators.MavenDirectoryLocator from loader-4.0.42.jar
[31mar2026 20:39:15.669] [main/DEBUG] [net.neoforged.fml.util.ServiceLoaderUtil/CORE]: 	   -1000 - [built-in] net.neoforged.fml.loading.moddiscovery.locators.UserdevLocator from loader-4.0.42.jar
[31mar2026 20:39:15.669] [main/DEBUG] [net.neoforged.fml.util.ServiceLoaderUtil/CORE]: Found 2 implementations of IModFileReader:
[31mar2026 20:39:15.669] [main/DEBUG] [net.neoforged.fml.util.ServiceLoaderUtil/CORE]: 	       0 - net.neoforged.fml.loading.moddiscovery.readers.JarModsDotTomlModFileReader from loader-4.0.42.jar
[31mar2026 20:39:15.669] [main/DEBUG] [net.neoforged.fml.util.ServiceLoaderUtil/CORE]: 	   -1000 - net.neoforged.fml.loading.moddiscovery.readers.NestedLibraryModReader from loader-4.0.42.jar
[31mar2026 20:39:15.685] [main/DEBUG] [net.neoforged.fml.util.ServiceLoaderUtil/CORE]: Found 1 implementations of IDependencyLocator:
[31mar2026 20:39:15.685] [main/DEBUG] [net.neoforged.fml.util.ServiceLoaderUtil/CORE]: 	       0 - net.neoforged.fml.loading.moddiscovery.locators.JarInJarDependencyLocator from loader-4.0.42.jar
[31mar2026 20:39:15.685] [main/DEBUG] [net.neoforged.fml.loading.moddiscovery.ModDiscoverer/SCAN]: Scanning for mods and other resources to load. We know 4 ways to find mods
[31mar2026 20:39:15.685] [main/DEBUG] [net.neoforged.fml.loading.moddiscovery.ModDiscoverer/SCAN]: Trying locator neoforge devenv provider ([C:\Users\SrNadien\Documents\Ultimate-Foods\.gradle\repositories\ng_dummy_ng\net\neoforged\neoforge\21.1.215\neoforge-21.1.215.jar])
[31mar2026 20:39:16.415] [main/DEBUG] [net.neoforged.fml.loading.moddiscovery.ModFileInfo/LOADING]: Found valid mod file neoforge-21.1.215.jar with {minecraft} mods - versions {1.21.1}
[31mar2026 20:39:16.416] [main/INFO] [net.neoforged.fml.loading.moddiscovery.ModDiscoverer/SCAN]: Found mod file "neoforge-21.1.215.jar" [locator: neoforge devenv provider ([C:\Users\SrNadien\Documents\Ultimate-Foods\.gradle\repositories\ng_dummy_ng\net\neoforged\neoforge\21.1.215\neoforge-21.1.215.jar])]
[31mar2026 20:39:16.427] [main/DEBUG] [net.neoforged.fml.loading.moddiscovery.readers.JarModsDotTomlModFileReader/SCAN]: Found META-INF/neoforge.mods.toml mod of type null: C:\Users\SrNadien\Documents\Ultimate-Foods\.gradle\repositories\ng_dummy_ng\net\neoforged\neoforge\21.1.215\neoforge-21.1.215.jar
[31mar2026 20:39:16.427] [main/DEBUG] [net.neoforged.fml.loading.moddiscovery.ModFileParser/LOADING]: Considering mod file candidate C:\Users\SrNadien\Documents\Ultimate-Foods\.gradle\repositories\ng_dummy_ng\net\neoforged\neoforge\21.1.215\neoforge-21.1.215.jar
[31mar2026 20:39:16.506] [main/DEBUG] [net.neoforged.fml.loading.moddiscovery.ModFileInfo/LOADING]: Found valid mod file neoforge-21.1.215.jar with {neoforge} mods - versions {21.1.215}
[31mar2026 20:39:16.506] [main/INFO] [net.neoforged.fml.loading.moddiscovery.ModDiscoverer/SCAN]: Found mod file "neoforge-21.1.215.jar" [locator: neoforge devenv provider ([C:\Users\SrNadien\Documents\Ultimate-Foods\.gradle\repositories\ng_dummy_ng\net\neoforged\neoforge\21.1.215\neoforge-21.1.215.jar])]
[31mar2026 20:39:16.509] [main/DEBUG] [net.neoforged.fml.loading.moddiscovery.ModDiscoverer/SCAN]: Locator neoforge devenv provider ([C:\Users\SrNadien\Documents\Ultimate-Foods\.gradle\repositories\ng_dummy_ng\net\neoforged\neoforge\21.1.215\neoforge-21.1.215.jar]) found 2 mods, 0 warnings, 0 errors and skipped 0 candidates
[31mar2026 20:39:16.509] [main/DEBUG] [net.neoforged.fml.loading.moddiscovery.ModDiscoverer/SCAN]: Trying locator {mods folder locator at C:\Users\SrNadien\Documents\Ultimate-Foods\run\mods}
[31mar2026 20:39:16.509] [main/DEBUG] [net.neoforged.fml.loading.moddiscovery.locators.ModsFolderLocator/SCAN]: Scanning mods dir C:\Users\SrNadien\Documents\Ultimate-Foods\run\mods for mods
[31mar2026 20:39:16.513] [main/DEBUG] [net.neoforged.fml.loading.moddiscovery.ModDiscoverer/SCAN]: Locator {mods folder locator at C:\Users\SrNadien\Documents\Ultimate-Foods\run\mods} found 0 mods, 0 warnings, 0 errors and skipped 0 candidates
[31mar2026 20:39:16.514] [main/DEBUG] [net.neoforged.fml.loading.moddiscovery.ModDiscoverer/SCAN]: Trying locator maven libs
[31mar2026 20:39:16.521] [main/DEBUG] [net.neoforged.fml.loading.moddiscovery.ModListHandler/CORE]: Found mod coordinates from lists: []
[31mar2026 20:39:16.522] [main/DEBUG] [net.neoforged.fml.loading.moddiscovery.ModDiscoverer/SCAN]: Locator maven libs found 0 mods, 0 warnings, 0 errors and skipped 0 candidates
[31mar2026 20:39:16.522] [main/DEBUG] [net.neoforged.fml.loading.moddiscovery.ModDiscoverer/SCAN]: Trying locator userdev mods and services
[31mar2026 20:39:16.527] [main/DEBUG] [net.neoforged.fml.loading.moddiscovery.readers.JarModsDotTomlModFileReader/SCAN]: Found META-INF/neoforge.mods.toml mod of type null: C:\Users\SrNadien\Documents\Ultimate-Foods\build\resources\main
[31mar2026 20:39:16.528] [main/DEBUG] [net.neoforged.fml.loading.moddiscovery.ModFileParser/LOADING]: Considering mod file candidate C:\Users\SrNadien\Documents\Ultimate-Foods\build\resources\main
[31mar2026 20:39:16.568] [main/DEBUG] [net.neoforged.fml.loading.moddiscovery.ModFileInfo/LOADING]: Found valid mod file main with {ultimatefoods} mods - versions {2.0.7}
[31mar2026 20:39:16.568] [main/INFO] [net.neoforged.fml.loading.moddiscovery.ModDiscoverer/SCAN]: Found mod file "main" [locator: userdev mods and services, reader: mod manifest]
[31mar2026 20:39:16.599] [main/DEBUG] [net.neoforged.fml.loading.moddiscovery.readers.JarModsDotTomlModFileReader/SCAN]: Found META-INF/neoforge.mods.toml mod of type null: C:\Users\SrNadien\Documents\Ultimate-Foods\.gradle\repositories\ng_dummy_ng\net\neoforged\neoforge\21.1.215\neoforge-21.1.215.jar
[31mar2026 20:39:16.600] [main/DEBUG] [net.neoforged.fml.loading.moddiscovery.ModFileParser/LOADING]: Considering mod file candidate C:\Users\SrNadien\Documents\Ultimate-Foods\.gradle\repositories\ng_dummy_ng\net\neoforged\neoforge\21.1.215\neoforge-21.1.215.jar
[31mar2026 20:39:16.609] [main/DEBUG] [net.neoforged.fml.loading.moddiscovery.ModFileInfo/LOADING]: Found valid mod file neoforge-21.1.215.jar with {neoforge} mods - versions {21.1.215}
[31mar2026 20:39:16.609] [main/INFO] [net.neoforged.fml.loading.moddiscovery.ModDiscoverer/SCAN]: Found mod file "neoforge-21.1.215.jar" [locator: userdev mods and services, reader: mod manifest]
[31mar2026 20:39:16.629] [main/DEBUG] [net.neoforged.fml.loading.moddiscovery.readers.JarModsDotTomlModFileReader/SCAN]: Found META-INF/neoforge.mods.toml mod of type null: C:\Users\SrNadien\.gradle\caches\modules-2\files-2.1\curse.maven\jade-324717\7428884\7d23a1dd515872bd6498b8edd06bb84e61f2c4e7\jade-324717-7428884.jar
[31mar2026 20:39:16.629] [main/DEBUG] [net.neoforged.fml.loading.moddiscovery.ModFileParser/LOADING]: Considering mod file candidate C:\Users\SrNadien\.gradle\caches\modules-2\files-2.1\curse.maven\jade-324717\7428884\7d23a1dd515872bd6498b8edd06bb84e61f2c4e7\jade-324717-7428884.jar
[31mar2026 20:39:16.653] [main/DEBUG] [net.neoforged.fml.loading.moddiscovery.ModFileInfo/LOADING]: Found valid mod file jade-324717-7428884.jar with {jade} mods - versions {15.10.4+neoforge}
[31mar2026 20:39:16.654] [main/INFO] [net.neoforged.fml.loading.moddiscovery.ModDiscoverer/SCAN]: Found mod file "jade-324717-7428884.jar" [locator: userdev mods and services, reader: mod manifest]
[31mar2026 20:39:16.662] [main/DEBUG] [net.neoforged.fml.loading.moddiscovery.readers.JarModsDotTomlModFileReader/SCAN]: Found META-INF/neoforge.mods.toml mod of type null: C:\Users\SrNadien\.gradle\caches\modules-2\files-2.1\curse.maven\re-avaritia-623969\7445860\696aeaf58f6180f1b550c95ad65b8fcf5bfe3f10\re-avaritia-623969-7445860.jar
[31mar2026 20:39:16.663] [main/DEBUG] [net.neoforged.fml.loading.moddiscovery.ModFileParser/LOADING]: Considering mod file candidate C:\Users\SrNadien\.gradle\caches\modules-2\files-2.1\curse.maven\re-avaritia-623969\7445860\696aeaf58f6180f1b550c95ad65b8fcf5bfe3f10\re-avaritia-623969-7445860.jar
[31mar2026 20:39:16.695] [main/DEBUG] [net.neoforged.fml.loading.moddiscovery.ModFileInfo/LOADING]: Found valid mod file re-avaritia-623969-7445860.jar with {avaritia} mods - versions {1.3.9.4}
[31mar2026 20:39:16.696] [main/INFO] [net.neoforged.fml.loading.moddiscovery.ModDiscoverer/SCAN]: Found mod file "re-avaritia-623969-7445860.jar" [locator: userdev mods and services, reader: mod manifest]
[31mar2026 20:39:16.705] [main/DEBUG] [net.neoforged.fml.loading.moddiscovery.readers.JarModsDotTomlModFileReader/SCAN]: Found META-INF/neoforge.mods.toml mod of type null: C:\Users\SrNadien\.gradle\caches\modules-2\files-2.1\mezz.jei\jei-1.21.1-neoforge\19.27.0.340\27d0d85e7e32e926fc3664ab6815df5cdabb7941\jei-1.21.1-neoforge-19.27.0.340.jar
[31mar2026 20:39:16.705] [main/DEBUG] [net.neoforged.fml.loading.moddiscovery.ModFileParser/LOADING]: Considering mod file candidate C:\Users\SrNadien\.gradle\caches\modules-2\files-2.1\mezz.jei\jei-1.21.1-neoforge\19.27.0.340\27d0d85e7e32e926fc3664ab6815df5cdabb7941\jei-1.21.1-neoforge-19.27.0.340.jar
[31mar2026 20:39:16.724] [main/DEBUG] [net.neoforged.fml.loading.moddiscovery.ModFileInfo/LOADING]: Found valid mod file jei-1.21.1-neoforge-19.27.0.340.jar with {jei} mods - versions {19.27.0.340}
[31mar2026 20:39:16.725] [main/INFO] [net.neoforged.fml.loading.moddiscovery.ModDiscoverer/SCAN]: Found mod file "jei-1.21.1-neoforge-19.27.0.340.jar" [locator: userdev mods and services, reader: mod manifest]
[31mar2026 20:39:16.733] [main/DEBUG] [net.neoforged.fml.loading.moddiscovery.readers.JarModsDotTomlModFileReader/SCAN]: Found META-INF/neoforge.mods.toml mod of type null: C:\Users\SrNadien\.gradle\caches\modules-2\files-2.1\squeek.appleskin\appleskin-neoforge\mc1.21-3.0.8\ece24d5915a3893ab6ebe14df2c727bf2cb6bdab\appleskin-neoforge-mc1.21-3.0.8.jar
[31mar2026 20:39:16.733] [main/DEBUG] [net.neoforged.fml.loading.moddiscovery.ModFileParser/LOADING]: Considering mod file candidate C:\Users\SrNadien\.gradle\caches\modules-2\files-2.1\squeek.appleskin\appleskin-neoforge\mc1.21-3.0.8\ece24d5915a3893ab6ebe14df2c727bf2cb6bdab\appleskin-neoforge-mc1.21-3.0.8.jar
[31mar2026 20:39:16.744] [main/DEBUG] [net.neoforged.fml.loading.moddiscovery.ModFileInfo/LOADING]: Found valid mod file appleskin-neoforge-mc1.21-3.0.8.jar with {appleskin} mods - versions {3.0.8+mc1.21}
[31mar2026 20:39:16.744] [main/INFO] [net.neoforged.fml.loading.moddiscovery.ModDiscoverer/SCAN]: Found mod file "appleskin-neoforge-mc1.21-3.0.8.jar" [locator: userdev mods and services, reader: mod manifest]
[31mar2026 20:39:16.836] [main/DEBUG] [net.neoforged.fml.loading.moddiscovery.ModDiscoverer/]: Skipping C:\Users\SrNadien\.gradle\caches\modules-2\files-2.1\com.github.oshi\oshi-core\6.4.10\b1d8ab82d11d92fd639b56d639f8f46f739dd5fa\oshi-core-6.4.10.jar because it was already located earlier
[31mar2026 20:39:16.837] [main/DEBUG] [net.neoforged.fml.loading.moddiscovery.ModDiscoverer/]: Skipping C:\Users\SrNadien\.gradle\caches\modules-2\files-2.1\com.mojang\authlib\6.0.54\de8bc95660e1b2fe8793fd427a7a10dcec5b3ea7\authlib-6.0.54.jar because it was already located earlier
[31mar2026 20:39:16.837] [main/DEBUG] [net.neoforged.fml.loading.moddiscovery.ModDiscoverer/]: Skipping C:\Users\SrNadien\.gradle\caches\modules-2\files-2.1\com.mojang\datafixerupper\8.0.16\67d4de6d7f95d89bcf5862995fb854ebaec02a34\datafixerupper-8.0.16.jar because it was already located earlier
[31mar2026 20:39:16.838] [main/DEBUG] [net.neoforged.fml.loading.moddiscovery.ModDiscoverer/]: Skipping C:\Users\SrNadien\.gradle\caches\modules-2\files-2.1\net.neoforged.fancymodloader\earlydisplay\4.0.42\46555dbfff14e9e052f1f693aed14d542a74e111\earlydisplay-4.0.42.jar because it was already located earlier
[31mar2026 20:39:16.838] [main/DEBUG] [net.neoforged.fml.loading.moddiscovery.ModDiscoverer/]: Skipping C:\Users\SrNadien\.gradle\caches\modules-2\files-2.1\net.neoforged.fancymodloader\loader\4.0.42\76e15f98bf676fb44b36c5e776f52a55581ec43a\loader-4.0.42.jar because it was already located earlier
[31mar2026 20:39:16.838] [main/DEBUG] [net.neoforged.fml.loading.moddiscovery.ModDiscoverer/]: Skipping C:\Users\SrNadien\.gradle\caches\modules-2\files-2.1\net.neoforged\JarJarSelector\0.4.1\fb3cc7a58af22ad2880adb98af6d518128c47dae\JarJarSelector-0.4.1.jar because it was already located earlier
[31mar2026 20:39:16.838] [main/DEBUG] [net.neoforged.fml.loading.moddiscovery.ModDiscoverer/]: Skipping C:\Users\SrNadien\.gradle\caches\modules-2\files-2.1\net.neoforged\JarJarMetadata\0.4.1\f8da03683dc81694556dc3e177c5e3bb77ae6fcb\JarJarMetadata-0.4.1.jar because it was already located earlier
[31mar2026 20:39:16.838] [main/DEBUG] [net.neoforged.fml.loading.moddiscovery.ModDiscoverer/]: Skipping C:\Users\SrNadien\.gradle\caches\modules-2\files-2.1\net.fabricmc\sponge-mixin\0.15.2+mixin.0.8.7\2af2f021d8e02a0220dc27a7a72b4666d66d44ca\sponge-mixin-0.15.2+mixin.0.8.7.jar because it was already located earlier
[31mar2026 20:39:16.838] [main/DEBUG] [net.neoforged.fml.loading.moddiscovery.ModDiscoverer/]: Skipping C:\Users\SrNadien\.gradle\caches\modules-2\files-2.1\com.google.code.gson\gson\2.10.1\b3add478d4382b78ea20b1671390a858002feb6c\gson-2.10.1.jar because it was already located earlier
[31mar2026 20:39:16.838] [main/DEBUG] [net.neoforged.fml.loading.moddiscovery.ModDiscoverer/]: Skipping C:\Users\SrNadien\.gradle\caches\modules-2\files-2.1\com.mojang\patchy\2.2.10\da05971b07cbb379d002cf7eaec6a2048211fefc\patchy-2.2.10.jar because it was already located earlier
[31mar2026 20:39:16.838] [main/DEBUG] [net.neoforged.fml.loading.moddiscovery.ModDiscoverer/]: Skipping C:\Users\SrNadien\.gradle\caches\modules-2\files-2.1\com.mojang\text2speech\1.17.9\3cad216e3a7f0c19b4b394388bc9ffc446f13b14\text2speech-1.17.9.jar because it was already located earlier
[31mar2026 20:39:16.840] [main/DEBUG] [net.neoforged.fml.loading.moddiscovery.ModDiscoverer/]: Skipping C:\Users\SrNadien\.gradle\caches\modules-2\files-2.1\com.google.guava\guava\32.1.2-jre\5e64ec7e056456bef3a4bc4c6fdaef71e8ab6318\guava-32.1.2-jre.jar because it was already located earlier
[31mar2026 20:39:16.840] [main/DEBUG] [net.neoforged.fml.loading.moddiscovery.ModDiscoverer/]: Skipping C:\Users\SrNadien\.gradle\caches\modules-2\files-2.1\com.google.guava\failureaccess\1.0.1\1dcf1de382a0bf95a3d8b0849546c88bac1292c9\failureaccess-1.0.1.jar because it was already located earlier
[31mar2026 20:39:16.841] [main/DEBUG] [net.neoforged.fml.loading.moddiscovery.ModDiscoverer/]: Skipping C:\Users\SrNadien\.gradle\caches\modules-2\files-2.1\com.ibm.icu\icu4j\73.2\61ad4ef7f9131fcf6d25c34b817f90d6da06c9e9\icu4j-73.2.jar because it was already located earlier
[31mar2026 20:39:16.841] [main/DEBUG] [net.neoforged.fml.loading.moddiscovery.ModDiscoverer/]: Skipping C:\Users\SrNadien\.gradle\caches\modules-2\files-2.1\com.mojang\blocklist\1.0.10\5c685c5ffa94c4cd39496c7184c1d122e515ecef\blocklist-1.0.10.jar because it was already located earlier
[31mar2026 20:39:16.841] [main/DEBUG] [net.neoforged.fml.loading.moddiscovery.ModDiscoverer/]: Skipping C:\Users\SrNadien\.gradle\caches\modules-2\files-2.1\com.mojang\brigadier\1.3.10\d15b53a14cf20fdcaa98f731af5dda654452c010\brigadier-1.3.10.jar because it was already located earlier
[31mar2026 20:39:16.841] [main/DEBUG] [net.neoforged.fml.loading.moddiscovery.ModDiscoverer/]: Skipping C:\Users\SrNadien\.gradle\caches\modules-2\files-2.1\com.mojang\logging\1.2.7\24cb95ffb0e3433fd6e844c04e68009e504ca1c0\logging-1.2.7.jar because it was already located earlier
[31mar2026 20:39:16.842] [main/DEBUG] [net.neoforged.fml.loading.moddiscovery.ModDiscoverer/]: Skipping C:\Users\SrNadien\.gradle\caches\modules-2\files-2.1\org.apache.httpcomponents\httpclient\4.5.13\e5f6cae5ca7ecaac1ec2827a9e2d65ae2869cada\httpclient-4.5.13.jar because it was already located earlier
[31mar2026 20:39:16.842] [main/DEBUG] [net.neoforged.fml.loading.moddiscovery.ModDiscoverer/]: Skipping C:\Users\SrNadien\.gradle\caches\modules-2\files-2.1\commons-codec\commons-codec\1.16.0\4e3eb3d79888d76b54e28b350915b5dc3919c9de\commons-codec-1.16.0.jar because it was already located earlier
[31mar2026 20:39:16.842] [main/DEBUG] [net.neoforged.fml.loading.moddiscovery.ModDiscoverer/]: Skipping C:\Users\SrNadien\.gradle\caches\modules-2\files-2.1\org.apache.commons\commons-compress\1.26.0\659feffdd12280201c8aacb8f7be94f9a883c824\commons-compress-1.26.0.jar because it was already located earlier
[31mar2026 20:39:16.842] [main/DEBUG] [net.neoforged.fml.loading.moddiscovery.ModDiscoverer/]: Skipping C:\Users\SrNadien\.gradle\caches\modules-2\files-2.1\commons-io\commons-io\2.15.1\f11560da189ab563a5c8e351941415430e9304ea\commons-io-2.15.1.jar because it was already located earlier
[31mar2026 20:39:16.843] [main/DEBUG] [net.neoforged.fml.loading.moddiscovery.ModDiscoverer/]: Skipping C:\Users\SrNadien\.gradle\caches\modules-2\files-2.1\commons-logging\commons-logging\1.2\4bfc12adfe4842bf07b657f0369c4cb522955686\commons-logging-1.2.jar because it was already located earlier
[31mar2026 20:39:16.843] [main/DEBUG] [net.neoforged.fml.loading.moddiscovery.ModDiscoverer/]: Skipping C:\Users\SrNadien\.gradle\caches\modules-2\files-2.1\io.netty\netty-handler\4.1.97.Final\abb86c6906bf512bf2b797a41cd7d2e8d3cd7c36\netty-handler-4.1.97.Final.jar because it was already located earlier
[31mar2026 20:39:16.843] [main/DEBUG] [net.neoforged.fml.loading.moddiscovery.ModDiscoverer/]: Skipping C:\Users\SrNadien\.gradle\caches\modules-2\files-2.1\io.netty\netty-codec\4.1.97.Final\384ba4d75670befbedb45c4d3b497a93639c206d\netty-codec-4.1.97.Final.jar because it was already located earlier
[31mar2026 20:39:16.843] [main/DEBUG] [net.neoforged.fml.loading.moddiscovery.ModDiscoverer/]: Skipping C:\Users\SrNadien\.gradle\caches\modules-2\files-2.1\io.netty\netty-transport-classes-epoll\4.1.97.Final\795da37ded759e862457a82d9d92c4d39ce8ecee\netty-transport-classes-epoll-4.1.97.Final.jar because it was already located earlier
[31mar2026 20:39:16.843] [main/DEBUG] [net.neoforged.fml.loading.moddiscovery.ModDiscoverer/]: Skipping C:\Users\SrNadien\.gradle\caches\modules-2\files-2.1\io.netty\netty-transport-native-unix-common\4.1.97.Final\d469d84265ab70095b01b40886cabdd433b6e664\netty-transport-native-unix-common-4.1.97.Final.jar because it was already located earlier
[31mar2026 20:39:16.843] [main/DEBUG] [net.neoforged.fml.loading.moddiscovery.ModDiscoverer/]: Skipping C:\Users\SrNadien\.gradle\caches\modules-2\files-2.1\io.netty\netty-transport\4.1.97.Final\f37380d23c9bb079bc702910833b2fd532c9abd0\netty-transport-4.1.97.Final.jar because it was already located earlier
[31mar2026 20:39:16.845] [main/DEBUG] [net.neoforged.fml.loading.moddiscovery.ModDiscoverer/]: Skipping C:\Users\SrNadien\.gradle\caches\modules-2\files-2.1\io.netty\netty-buffer\4.1.97.Final\f8f3d8644afa5e6e1a40a3a6aeb9d9aa970ecb4f\netty-buffer-4.1.97.Final.jar because it was already located earlier
[31mar2026 20:39:16.846] [main/DEBUG] [net.neoforged.fml.loading.moddiscovery.ModDiscoverer/]: Skipping C:\Users\SrNadien\.gradle\caches\modules-2\files-2.1\io.netty\netty-resolver\4.1.97.Final\cec8348108dc76c47cf87c669d514be52c922144\netty-resolver-4.1.97.Final.jar because it was already located earlier
[31mar2026 20:39:16.846] [main/DEBUG] [net.neoforged.fml.loading.moddiscovery.ModDiscoverer/]: Skipping C:\Users\SrNadien\.gradle\caches\modules-2\files-2.1\io.netty\netty-common\4.1.97.Final\7cceacaf11df8dc63f23d0fb58e9d4640fc88404\netty-common-4.1.97.Final.jar because it was already located earlier
[31mar2026 20:39:16.848] [main/DEBUG] [net.neoforged.fml.loading.moddiscovery.ModDiscoverer/]: Skipping C:\Users\SrNadien\.gradle\caches\modules-2\files-2.1\it.unimi.dsi\fastutil\8.5.12\c24946d46824bd528054bface3231d2ecb7e95e8\fastutil-8.5.12.jar because it was already located earlier
[31mar2026 20:39:16.849] [main/DEBUG] [net.neoforged.fml.loading.moddiscovery.ModDiscoverer/]: Skipping C:\Users\SrNadien\.gradle\caches\modules-2\files-2.1\net.java.dev.jna\jna-platform\5.14.0\28934d48aed814f11e4c584da55c49fa7032b31b\jna-platform-5.14.0.jar because it was already located earlier
[31mar2026 20:39:16.849] [main/DEBUG] [net.neoforged.fml.loading.moddiscovery.ModDiscoverer/]: Skipping C:\Users\SrNadien\.gradle\caches\modules-2\files-2.1\ca.weblite\java-objc-bridge\1.1\1227f9e0666314f9de41477e3ec277e542ed7f7b\java-objc-bridge-1.1.jar because it was already located earlier
[31mar2026 20:39:16.849] [main/DEBUG] [net.neoforged.fml.loading.moddiscovery.ModDiscoverer/]: Skipping C:\Users\SrNadien\.gradle\caches\modules-2\files-2.1\net.java.dev.jna\jna\5.14.0\67bf3eaea4f0718cb376a181a629e5f88fa1c9dd\jna-5.14.0.jar because it was already located earlier
[31mar2026 20:39:16.850] [main/DEBUG] [net.neoforged.fml.loading.moddiscovery.ModDiscoverer/]: Skipping C:\Users\SrNadien\.gradle\caches\modules-2\files-2.1\net.neoforged\mergetool\2.0.3\1275202cbbb248f49345cf6787ce299afd9a02fb\mergetool-2.0.3-api.jar because it was already located earlier
[31mar2026 20:39:16.850] [main/DEBUG] [net.neoforged.fml.loading.moddiscovery.ModDiscoverer/]: Skipping C:\Users\SrNadien\.gradle\caches\modules-2\files-2.1\net.neoforged.accesstransformers\at-modlauncher\10.0.1\5aba50202aceead086bc09fbc2751c9f05cb4890\at-modlauncher-10.0.1.jar because it was already located earlier
[31mar2026 20:39:16.851] [main/DEBUG] [net.neoforged.fml.loading.moddiscovery.ModDiscoverer/]: Skipping C:\Users\SrNadien\.gradle\caches\modules-2\files-2.1\net.neoforged\coremods\7.0.3\9147e6f638b4272b3bd5fc8f92ad37802512c6c\coremods-7.0.3.jar because it was already located earlier
[31mar2026 20:39:16.851] [main/DEBUG] [net.neoforged.fml.loading.moddiscovery.ModDiscoverer/]: Skipping C:\Users\SrNadien\.gradle\caches\modules-2\files-2.1\cpw.mods\modlauncher\11.0.5\b8f0d49294f733fdb6173931b263553e943dc950\modlauncher-11.0.5.jar because it was already located earlier
[31mar2026 20:39:16.851] [main/DEBUG] [net.neoforged.fml.loading.moddiscovery.ModDiscoverer/]: Skipping C:\Users\SrNadien\.gradle\caches\modules-2\files-2.1\net.sf.jopt-simple\jopt-simple\5.0.4\4fdac2fbe92dfad86aa6e9301736f6b4342a3f5c\jopt-simple-5.0.4.jar because it was already located earlier
[31mar2026 20:39:16.852] [main/DEBUG] [net.neoforged.fml.loading.moddiscovery.ModDiscoverer/]: Skipping C:\Users\SrNadien\.gradle\caches\modules-2\files-2.1\org.apache.maven\maven-artifact\3.8.5\4433f50c07debefaed0553bd0068f4f48d449313\maven-artifact-3.8.5.jar because it was already located earlier
[31mar2026 20:39:16.852] [main/DEBUG] [net.neoforged.fml.loading.moddiscovery.ModDiscoverer/]: Skipping C:\Users\SrNadien\.gradle\caches\modules-2\files-2.1\org.apache.commons\commons-lang3\3.14.0\1ed471194b02f2c6cb734a0cd6f6f107c673afae\commons-lang3-3.14.0.jar because it was already located earlier
[31mar2026 20:39:16.852] [main/DEBUG] [net.neoforged.fml.loading.moddiscovery.ModDiscoverer/]: Skipping C:\Users\SrNadien\.gradle\caches\modules-2\files-2.1\org.apache.httpcomponents\httpcore\4.4.16\51cf043c87253c9f58b539c9f7e44c8894223850\httpcore-4.4.16.jar because it was already located earlier
[31mar2026 20:39:16.852] [main/DEBUG] [net.neoforged.fml.loading.moddiscovery.ModDiscoverer/]: Skipping C:\Users\SrNadien\.gradle\caches\modules-2\files-2.1\org.apache.logging.log4j\log4j-slf4j2-impl\2.22.1\d7e6693c2606cb7e7335047d7bb96dec52db5665\log4j-slf4j2-impl-2.22.1.jar because it was already located earlier
[31mar2026 20:39:16.852] [main/DEBUG] [net.neoforged.fml.loading.moddiscovery.ModDiscoverer/]: Skipping C:\Users\SrNadien\.gradle\caches\modules-2\files-2.1\net.minecrell\terminalconsoleappender\1.3.0\b562e9bb61235c9520e26282cdee71f8f802d1fc\terminalconsoleappender-1.3.0.jar because it was already located earlier
[31mar2026 20:39:16.853] [main/DEBUG] [net.neoforged.fml.loading.moddiscovery.ModDiscoverer/]: Skipping C:\Users\SrNadien\.gradle\caches\modules-2\files-2.1\org.apache.logging.log4j\log4j-core\2.22.1\7183a25510a02ad00cc6a95d3b3d2a7d3c5a8dc4\log4j-core-2.22.1.jar because it was already located earlier
[31mar2026 20:39:16.853] [main/DEBUG] [net.neoforged.fml.loading.moddiscovery.ModDiscoverer/]: Skipping C:\Users\SrNadien\.gradle\caches\modules-2\files-2.1\net.neoforged\bus\8.0.5\5b2d33285ab5d1554e9798ad98c40d6ea3868bd5\bus-8.0.5.jar because it was already located earlier
[31mar2026 20:39:16.853] [main/DEBUG] [net.neoforged.fml.loading.moddiscovery.ModDiscoverer/]: Skipping C:\Users\SrNadien\.gradle\caches\modules-2\files-2.1\org.apache.logging.log4j\log4j-api\2.22.1\bea6fede6328fabafd7e68363161a7ea6605abd1\log4j-api-2.22.1.jar because it was already located earlier
[31mar2026 20:39:16.853] [main/DEBUG] [net.neoforged.fml.loading.moddiscovery.ModDiscoverer/]: Skipping C:\Users\SrNadien\.gradle\caches\modules-2\files-2.1\org.jcraft\jorbis\0.0.17\8872d22b293e8f5d7d56ff92be966e6dc28ebdc6\jorbis-0.0.17.jar because it was already located earlier
[31mar2026 20:39:16.853] [main/DEBUG] [net.neoforged.fml.loading.moddiscovery.ModDiscoverer/]: Skipping C:\Users\SrNadien\.gradle\caches\modules-2\files-2.1\org.joml\joml\1.10.5\22566d58af70ad3d72308bab63b8339906deb649\joml-1.10.5.jar because it was already located earlier
[31mar2026 20:39:16.853] [main/DEBUG] [net.neoforged.fml.loading.moddiscovery.ModDiscoverer/]: Skipping C:\Users\SrNadien\.gradle\caches\modules-2\files-2.1\org.lwjgl\lwjgl-freetype\3.3.3\a0db6c84a8becc8ca05f9dbfa985edc348a824c7\lwjgl-freetype-3.3.3.jar because it was already located earlier
[31mar2026 20:39:16.864] [main/DEBUG] [net.neoforged.fml.loading.moddiscovery.ModDiscoverer/]: Skipping C:\Users\SrNadien\.gradle\caches\modules-2\files-2.1\org.lwjgl\lwjgl-freetype\3.3.3\15a8c1de7f51d07a92eae7ce1222557073a0c0c3\lwjgl-freetype-3.3.3-natives-windows-x86.jar because it was already located earlier
[31mar2026 20:39:16.865] [main/DEBUG] [net.neoforged.fml.loading.moddiscovery.ModDiscoverer/]: Skipping C:\Users\SrNadien\.gradle\caches\modules-2\files-2.1\org.lwjgl\lwjgl-glfw\3.3.3\efa1eb78c5ccd840e9f329717109b5e892d72f8e\lwjgl-glfw-3.3.3.jar because it was already located earlier
[31mar2026 20:39:16.881] [main/DEBUG] [net.neoforged.fml.loading.moddiscovery.ModDiscoverer/]: Skipping C:\Users\SrNadien\.gradle\caches\modules-2\files-2.1\org.lwjgl\lwjgl-glfw\3.3.3\32334f3fd5270a59bad9939a93115acb6de36dcf\lwjgl-glfw-3.3.3-natives-windows-x86.jar because it was already located earlier
[31mar2026 20:39:16.910] [main/DEBUG] [net.neoforged.fml.loading.moddiscovery.ModDiscoverer/]: Skipping C:\Users\SrNadien\.gradle\caches\modules-2\files-2.1\org.lwjgl\lwjgl-jemalloc\3.3.3\b543467b7ff3c6920539a88ee602d34098628be5\lwjgl-jemalloc-3.3.3.jar because it was already located earlier
[31mar2026 20:39:16.910] [main/DEBUG] [net.neoforged.fml.loading.moddiscovery.ModDiscoverer/]: Skipping C:\Users\SrNadien\.gradle\caches\modules-2\files-2.1\org.lwjgl\lwjgl-jemalloc\3.3.3\426222fc027602a5f21b9c0fe79cde6a4c7a011f\lwjgl-jemalloc-3.3.3-natives-windows.jar because it was already located earlier
[31mar2026 20:39:16.923] [main/DEBUG] [net.neoforged.fml.loading.moddiscovery.ModDiscoverer/]: Skipping C:\Users\SrNadien\.gradle\caches\modules-2\files-2.1\org.lwjgl\lwjgl-openal\3.3.3\daada81ceb5fc0c291fbfdd4433cb8d9423577f2\lwjgl-openal-3.3.3.jar because it was already located earlier
[31mar2026 20:39:16.936] [main/DEBUG] [net.neoforged.fml.loading.moddiscovery.ModDiscoverer/]: Skipping C:\Users\SrNadien\.gradle\caches\modules-2\files-2.1\org.lwjgl\lwjgl-openal\3.3.3\87b8d5050e3adb46bb58fe1cb2669a4a48fce10d\lwjgl-openal-3.3.3-natives-windows-x86.jar because it was already located earlier
[31mar2026 20:39:16.936] [main/DEBUG] [net.neoforged.fml.loading.moddiscovery.ModDiscoverer/]: Skipping C:\Users\SrNadien\.gradle\caches\modules-2\files-2.1\org.lwjgl\lwjgl-opengl\3.3.3\2f6b0147078396a58979125a4c947664e98293a\lwjgl-opengl-3.3.3.jar because it was already located earlier
[31mar2026 20:39:16.943] [main/DEBUG] [net.neoforged.fml.loading.moddiscovery.ModDiscoverer/]: Skipping C:\Users\SrNadien\.gradle\caches\modules-2\files-2.1\org.lwjgl\lwjgl-opengl\3.3.3\65e956d3735a1abdc82eff4baec1b61174697d4b\lwjgl-opengl-3.3.3-natives-windows-arm64.jar because it was already located earlier
[31mar2026 20:39:16.949] [main/DEBUG] [net.neoforged.fml.loading.moddiscovery.ModDiscoverer/]: Skipping C:\Users\SrNadien\.gradle\caches\modules-2\files-2.1\org.lwjgl\lwjgl-stb\3.3.3\25dd6161988d7e65f71d5065c99902402ee32746\lwjgl-stb-3.3.3.jar because it was already located earlier
[31mar2026 20:39:16.949] [main/DEBUG] [net.neoforged.fml.loading.moddiscovery.ModDiscoverer/]: Skipping C:\Users\SrNadien\.gradle\caches\modules-2\files-2.1\org.lwjgl\lwjgl-stb\3.3.3\1d9facdf6541de114b0f963be33505b7679c78cb\lwjgl-stb-3.3.3-natives-windows.jar because it was already located earlier
[31mar2026 20:39:17.006] [main/DEBUG] [net.neoforged.fml.loading.moddiscovery.ModDiscoverer/]: Skipping C:\Users\SrNadien\.gradle\caches\modules-2\files-2.1\org.lwjgl\lwjgl-tinyfd\3.3.3\82d755ca94b102e9ca77283b9e2dc46d1b15fbe5\lwjgl-tinyfd-3.3.3.jar because it was already located earlier
[31mar2026 20:39:17.007] [main/DEBUG] [net.neoforged.fml.loading.moddiscovery.ModDiscoverer/]: Skipping C:\Users\SrNadien\.gradle\caches\modules-2\files-2.1\org.lwjgl\lwjgl-tinyfd\3.3.3\a6697981b0449a5087c1d546fc08b4f73e8f98c9\lwjgl-tinyfd-3.3.3-natives-windows.jar because it was already located earlier
[31mar2026 20:39:17.018] [main/DEBUG] [net.neoforged.fml.loading.moddiscovery.ModDiscoverer/]: Skipping C:\Users\SrNadien\.gradle\caches\modules-2\files-2.1\org.lwjgl\lwjgl\3.3.3\29589b5f87ed335a6c7e7ee6a5775f81f97ecb84\lwjgl-3.3.3.jar because it was already located earlier
[31mar2026 20:39:17.030] [main/DEBUG] [net.neoforged.fml.loading.moddiscovery.ModDiscoverer/]: Skipping C:\Users\SrNadien\.gradle\caches\modules-2\files-2.1\org.lwjgl\lwjgl\3.3.3\9e670718e050aeaeea0c2d5b907cffb142f2e58f\lwjgl-3.3.3-natives-windows-x86.jar because it was already located earlier
[31mar2026 20:39:17.030] [main/DEBUG] [net.neoforged.fml.loading.moddiscovery.ModDiscoverer/]: Skipping C:\Users\SrNadien\.gradle\caches\modules-2\files-2.1\org.lz4\lz4-java\1.8.0\4b986a99445e49ea5fbf5d149c4b63f6ed6c6780\lz4-java-1.8.0.jar because it was already located earlier
[31mar2026 20:39:17.030] [main/DEBUG] [net.neoforged.fml.loading.moddiscovery.ModDiscoverer/]: Skipping C:\Users\SrNadien\.gradle\caches\modules-2\files-2.1\net.neoforged\accesstransformers\10.0.1\fd83b5725f76eae9115e9355fa1c456a6a441400\accesstransformers-10.0.1.jar because it was already located earlier
[31mar2026 20:39:17.031] [main/DEBUG] [net.neoforged.fml.loading.moddiscovery.ModDiscoverer/]: Skipping C:\Users\SrNadien\.gradle\caches\modules-2\files-2.1\com.machinezoo.noexception\noexception\1.7.1\b65330c98e38a1f915fa54a6e5eca496505e3f0a\noexception-1.7.1.jar because it was already located earlier
[31mar2026 20:39:17.031] [main/DEBUG] [net.neoforged.fml.loading.moddiscovery.ModDiscoverer/]: Skipping C:\Users\SrNadien\.gradle\caches\modules-2\files-2.1\org.slf4j\slf4j-api\2.0.9\7cf2726fdcfbc8610f9a71fb3ed639871f315340\slf4j-api-2.0.9.jar because it was already located earlier
[31mar2026 20:39:17.031] [main/DEBUG] [net.neoforged.fml.loading.moddiscovery.ModDiscoverer/]: Skipping C:\Users\SrNadien\.gradle\caches\modules-2\files-2.1\com.google.code.findbugs\jsr305\3.0.2\25ea2e8b0c338a877313bd4672d3fe056ea78f0d\jsr305-3.0.2.jar because it was already located earlier
[31mar2026 20:39:17.032] [main/DEBUG] [net.neoforged.fml.loading.moddiscovery.ModDiscoverer/]: Skipping C:\Users\SrNadien\.gradle\caches\modules-2\files-2.1\org.jetbrains\annotations\24.1.0\7af6a669488450c4a07c2c3254e2151df42d7d04\annotations-24.1.0.jar because it was already located earlier
[31mar2026 20:39:17.034] [main/DEBUG] [net.neoforged.fml.loading.moddiscovery.ModDiscoverer/]: Skipping C:\Users\SrNadien\.gradle\caches\modules-2\files-2.1\com.electronwill.night-config\toml\3.8.3\90b2fd6efcb4a7d5b9810cf78f9d824994d717f2\toml-3.8.3.jar because it was already located earlier
[31mar2026 20:39:17.034] [main/DEBUG] [net.neoforged.fml.loading.moddiscovery.ModDiscoverer/]: Skipping C:\Users\SrNadien\.gradle\caches\modules-2\files-2.1\com.electronwill.night-config\core\3.8.3\b442a95f09e349927f5a945ecb594455870fcf4f\core-3.8.3.jar because it was already located earlier
[31mar2026 20:39:17.034] [main/DEBUG] [net.neoforged.fml.loading.moddiscovery.ModDiscoverer/]: Skipping C:\Users\SrNadien\.gradle\caches\modules-2\files-2.1\net.jodah\typetools\0.6.3\a01aaa6ddaea9ec07ec4f209487b7a46a526283a\typetools-0.6.3.jar because it was already located earlier
[31mar2026 20:39:17.034] [main/DEBUG] [net.neoforged.fml.loading.moddiscovery.ModDiscoverer/]: Skipping C:\Users\SrNadien\.gradle\caches\modules-2\files-2.1\org.openjdk.nashorn\nashorn-core\15.4\f67f5ffaa5f5130cf6fb9b133da00c7df3b532a5\nashorn-core-15.4.jar because it was already located earlier
[31mar2026 20:39:17.118] [main/DEBUG] [net.neoforged.fml.loading.moddiscovery.readers.JarModsDotTomlModFileReader/SCAN]: Found META-INF/MANIFEST.MF mod of type GAMELIBRARY: C:\Users\SrNadien\.gradle\caches\modules-2\files-2.1\io.github.llamalad7\mixinextras-neoforge\0.5.0\d734b83ce6542bb70ea31755c1595b88992dbe65\mixinextras-neoforge-0.5.0.jar
[31mar2026 20:39:17.123] [main/INFO] [net.neoforged.fml.loading.moddiscovery.ModDiscoverer/SCAN]: Found gamelibrary file "mixinextras-neoforge-0.5.0.jar" [locator: userdev mods and services, reader: mod manifest]
[31mar2026 20:39:17.123] [main/DEBUG] [net.neoforged.fml.loading.moddiscovery.ModDiscoverer/]: Skipping C:\Users\SrNadien\.gradle\caches\modules-2\files-2.1\org.antlr\antlr4-runtime\4.13.1\17125bae1d965624e265ef49552f6465a2bfa307\antlr4-runtime-4.13.1.jar because it was already located earlier
[31mar2026 20:39:17.123] [main/DEBUG] [net.neoforged.fml.loading.moddiscovery.ModDiscoverer/]: Skipping C:\Users\SrNadien\.gradle\caches\modules-2\files-2.1\org.jline\jline-reader\3.20.0\8f15415b022a25b473e8e16c28ae913186ffb9c4\jline-reader-3.20.0.jar because it was already located earlier
[31mar2026 20:39:17.124] [main/DEBUG] [net.neoforged.fml.loading.moddiscovery.ModDiscoverer/]: Skipping C:\Users\SrNadien\.gradle\caches\modules-2\files-2.1\org.jline\jline-terminal\3.20.0\d0ddcc708ddf527a3454c941b7b9225cc83a15ff\jline-terminal-3.20.0.jar because it was already located earlier
[31mar2026 20:39:17.124] [main/DEBUG] [net.neoforged.fml.loading.moddiscovery.ModDiscoverer/]: Skipping C:\Users\SrNadien\.gradle\caches\modules-2\files-2.1\net.minecraftforge\srgutils\0.4.15\ca408b131759478f164e010fae0d73997e125fb5\srgutils-0.4.15.jar because it was already located earlier
[31mar2026 20:39:17.124] [main/DEBUG] [net.neoforged.fml.loading.moddiscovery.ModDiscoverer/]: Skipping C:\Users\SrNadien\.gradle\caches\modules-2\files-2.1\com.google.guava\listenablefuture\9999.0-empty-to-avoid-conflict-with-guava\b421526c5f297295adef1c886e5246c39d4ac629\listenablefuture-9999.0-empty-to-avoid-conflict-with-guava.jar because it was already located earlier
[31mar2026 20:39:17.124] [main/DEBUG] [net.neoforged.fml.loading.moddiscovery.ModDiscoverer/]: Skipping C:\Users\SrNadien\.gradle\caches\modules-2\files-2.1\org.checkerframework\checker-qual\3.33.0\de2b60b62da487644fc11f734e73c8b0b431238f\checker-qual-3.33.0.jar because it was already located earlier
[31mar2026 20:39:17.124] [main/DEBUG] [net.neoforged.fml.loading.moddiscovery.ModDiscoverer/]: Skipping C:\Users\SrNadien\.gradle\caches\modules-2\files-2.1\com.google.errorprone\error_prone_annotations\2.18.0\89b684257096f548fa39a7df9fdaa409d4d4df91\error_prone_annotations-2.18.0.jar because it was already located earlier
[31mar2026 20:39:17.124] [main/DEBUG] [net.neoforged.fml.loading.moddiscovery.ModDiscoverer/]: Skipping C:\Users\SrNadien\.gradle\caches\modules-2\files-2.1\com.google.j2objc\j2objc-annotations\2.8\c85270e307e7b822f1086b93689124b89768e273\j2objc-annotations-2.8.jar because it was already located earlier
[31mar2026 20:39:17.124] [main/DEBUG] [net.neoforged.fml.loading.moddiscovery.ModDiscoverer/]: Skipping C:\Users\SrNadien\.gradle\caches\modules-2\files-2.1\org.codehaus.plexus\plexus-utils\3.3.0\cf43b5391de623b36fe066a21127baef82c64022\plexus-utils-3.3.0.jar because it was already located earlier
[31mar2026 20:39:17.124] [main/DEBUG] [net.neoforged.fml.loading.moddiscovery.ModDiscoverer/]: Skipping C:\Users\SrNadien\Documents\Ultimate-Foods\.gradle\repositories\ng_dummy_ng\net\minecraft\client\1.21.1\client-1.21.1-client-extra.jar because it was already located earlier
[31mar2026 20:39:17.124] [main/DEBUG] [net.neoforged.fml.loading.moddiscovery.ModDiscoverer/SCAN]: Locator userdev mods and services found 7 mods, 0 warnings, 0 errors and skipped 85 candidates
[31mar2026 20:39:17.128] [main/DEBUG] [net.neoforged.fml.loading.UniqueModListBuilder/]: Found 2 mods for first modid neoforge, selecting most recent based on version data
[31mar2026 20:39:17.130] [main/DEBUG] [net.neoforged.fml.loading.UniqueModListBuilder/]: Selected file neoforge-21.1.215.jar for modid neoforge with version 21.1.215
[31mar2026 20:39:17.136] [main/DEBUG] [net.neoforged.fml.loading.moddiscovery.ModDiscoverer/SCAN]: Successfully Loaded 8 mods. Attempting to load dependencies...
[31mar2026 20:39:17.137] [main/DEBUG] [net.neoforged.fml.loading.moddiscovery.ModDiscoverer/SCAN]: Trying locator jarinjar
[31mar2026 20:39:17.142] [main/TRACE] [net.neoforged.fml.loading.moddiscovery.locators.JarInJarDependencyLocator/]: Failed to load resource META-INF\jarjar\metadata.json from neoforge-21.1.215.jar, it does not contain dependency information.
[31mar2026 20:39:17.143] [main/TRACE] [net.neoforged.fml.loading.moddiscovery.locators.JarInJarDependencyLocator/]: Failed to load resource META-INF\jarjar\metadata.json from mixinextras-neoforge-0.5.0.jar, it does not contain dependency information.
[31mar2026 20:39:17.143] [main/TRACE] [net.neoforged.fml.loading.moddiscovery.locators.JarInJarDependencyLocator/]: Failed to load resource META-INF\jarjar\metadata.json from main, it does not contain dependency information.
[31mar2026 20:39:17.144] [main/TRACE] [net.neoforged.fml.loading.moddiscovery.locators.JarInJarDependencyLocator/]: Failed to load resource META-INF\jarjar\metadata.json from re-avaritia-623969-7445860.jar, it does not contain dependency information.
[31mar2026 20:39:17.144] [main/TRACE] [net.neoforged.fml.loading.moddiscovery.locators.JarInJarDependencyLocator/]: Failed to load resource META-INF\jarjar\metadata.json from jade-324717-7428884.jar, it does not contain dependency information.
[31mar2026 20:39:17.146] [main/TRACE] [net.neoforged.fml.loading.moddiscovery.locators.JarInJarDependencyLocator/]: Failed to load resource META-INF\jarjar\metadata.json from appleskin-neoforge-mc1.21-3.0.8.jar, it does not contain dependency information.
[31mar2026 20:39:17.147] [main/TRACE] [net.neoforged.fml.loading.moddiscovery.locators.JarInJarDependencyLocator/]: Failed to load resource META-INF\jarjar\metadata.json from jei-1.21.1-neoforge-19.27.0.340.jar, it does not contain dependency information.
[31mar2026 20:39:17.557] [main/DEBUG] [net.neoforged.fml.loading.moddiscovery.readers.JarModsDotTomlModFileReader/SCAN]: Found META-INF/MANIFEST.MF mod of type GAMELIBRARY: 
[31mar2026 20:39:17.604] [main/DEBUG] [net.neoforged.fml.loading.moddiscovery.readers.JarModsDotTomlModFileReader/SCAN]: Found META-INF/MANIFEST.MF mod of type LIBRARY: 
[31mar2026 20:39:17.604] [main/TRACE] [net.neoforged.fml.loading.moddiscovery.locators.JarInJarDependencyLocator/]: Failed to load resource META-INF\jarjar\metadata.json from mixinextras-neoforge-0.5.0.jar, it does not contain dependency information.
[31mar2026 20:39:17.604] [main/TRACE] [net.neoforged.fml.loading.moddiscovery.locators.JarInJarDependencyLocator/]: Failed to load resource META-INF\jarjar\metadata.json from net.neoforged.neoforge-coremods-21.1.215.jar, it does not contain dependency information.
[31mar2026 20:39:17.682] [main/DEBUG] [net.neoforged.fml.loading.moddiscovery.readers.JarModsDotTomlModFileReader/SCAN]: Found META-INF/MANIFEST.MF mod of type LIBRARY: 
[31mar2026 20:39:17.714] [main/DEBUG] [net.neoforged.fml.loading.moddiscovery.readers.JarModsDotTomlModFileReader/SCAN]: Found META-INF/MANIFEST.MF mod of type GAMELIBRARY: 
[31mar2026 20:39:17.729] [main/WARN] [net.neoforged.jarjar.selection.JarSelector/]: Attempted to select a dependency jar for JarJar which was passed in as source: library:mixinextras.neoforge. Using Mod File: C:\Users\SrNadien\.gradle\caches\modules-2\files-2.1\io.github.llamalad7\mixinextras-neoforge\0.5.0\d734b83ce6542bb70ea31755c1595b88992dbe65\mixinextras-neoforge-0.5.0.jar
[31mar2026 20:39:17.729] [main/INFO] [net.neoforged.fml.loading.moddiscovery.locators.JarInJarDependencyLocator/]: Found 1 dependencies adding them to mods collection
[31mar2026 20:39:17.729] [main/INFO] [net.neoforged.fml.loading.moddiscovery.ModDiscoverer/SCAN]: Found library file "net.neoforged.neoforge-coremods-21.1.215.jar" [parent: neoforge-21.1.215.jar, locator: jarinjar, reader: mod manifest]
[31mar2026 20:39:17.729] [main/INFO] [net.neoforged.fml.loading.moddiscovery.ModDiscoverer/]: 
     Mod List:
		Name Version (Mod Id)

		AppleSkin 3.0.8+mc1.21 (appleskin)
		Jade 15.10.4+neoforge (jade)
		Just Enough Items 19.27.0.340 (jei)
		Minecraft 1.21.1 (minecraft)
		NeoForge 21.1.215 (neoforge)
		Re-Avaritia 1.3.9.4 (avaritia)
		UltimateFoods  2.0.7 (ultimatefoods)
[31mar2026 20:39:17.729] [main/DEBUG] [net.neoforged.fml.loading.moddiscovery.ModFileInfo/LOADING]: Found valid mod file neoforge-21.1.215.jar with {minecraft} mods - versions {1.21.1}
[31mar2026 20:39:17.760] [main/DEBUG] [net.neoforged.fml.loading.moddiscovery.ModFile/LOADING]: Loading mod file C:\Users\SrNadien\Documents\Ultimate-Foods\.gradle\repositories\ng_dummy_ng\net\neoforged\neoforge\21.1.215\neoforge-21.1.215.jar with languages [LanguageSpec[languageName=minecraft, acceptedVersions=1]]
[31mar2026 20:39:17.760] [main/DEBUG] [net.neoforged.fml.loading.moddiscovery.ModFileParser/LOADING]: Considering mod file candidate C:\Users\SrNadien\Documents\Ultimate-Foods\build\resources\main
[31mar2026 20:39:17.776] [main/DEBUG] [net.neoforged.fml.loading.moddiscovery.ModFileInfo/LOADING]: Found valid mod file main with {ultimatefoods} mods - versions {2.0.7}
[31mar2026 20:39:17.776] [main/DEBUG] [net.neoforged.fml.loading.moddiscovery.ModFile/LOADING]: Loading mod file C:\Users\SrNadien\Documents\Ultimate-Foods\build\resources\main with languages [LanguageSpec[languageName=javafml, acceptedVersions=[4,)]]
[31mar2026 20:39:17.776] [main/DEBUG] [net.neoforged.fml.loading.moddiscovery.ModFileParser/LOADING]: Considering mod file candidate C:\Users\SrNadien\.gradle\caches\modules-2\files-2.1\curse.maven\re-avaritia-623969\7445860\696aeaf58f6180f1b550c95ad65b8fcf5bfe3f10\re-avaritia-623969-7445860.jar
[31mar2026 20:39:17.792] [main/DEBUG] [net.neoforged.fml.loading.moddiscovery.ModFileInfo/LOADING]: Found valid mod file re-avaritia-623969-7445860.jar with {avaritia} mods - versions {1.3.9.4}
[31mar2026 20:39:17.792] [main/DEBUG] [net.neoforged.fml.loading.moddiscovery.ModFile/LOADING]: Loading mod file C:\Users\SrNadien\.gradle\caches\modules-2\files-2.1\curse.maven\re-avaritia-623969\7445860\696aeaf58f6180f1b550c95ad65b8fcf5bfe3f10\re-avaritia-623969-7445860.jar with languages [LanguageSpec[languageName=javafml, acceptedVersions=[4,)]]
[31mar2026 20:39:17.792] [main/DEBUG] [net.neoforged.fml.loading.moddiscovery.ModFile/LOADING]: Found mixin config MixinConfig[config=avaritia.mixins.json, requiredMods=[]]
[31mar2026 20:39:17.792] [main/DEBUG] [net.neoforged.fml.loading.moddiscovery.ModFileParser/LOADING]: Considering mod file candidate C:\Users\SrNadien\.gradle\caches\modules-2\files-2.1\curse.maven\jade-324717\7428884\7d23a1dd515872bd6498b8edd06bb84e61f2c4e7\jade-324717-7428884.jar
[31mar2026 20:39:17.792] [main/DEBUG] [net.neoforged.fml.loading.moddiscovery.ModFileInfo/LOADING]: Found valid mod file jade-324717-7428884.jar with {jade} mods - versions {15.10.4+neoforge}
[31mar2026 20:39:17.792] [main/DEBUG] [net.neoforged.fml.loading.moddiscovery.ModFile/LOADING]: Loading mod file C:\Users\SrNadien\.gradle\caches\modules-2\files-2.1\curse.maven\jade-324717\7428884\7d23a1dd515872bd6498b8edd06bb84e61f2c4e7\jade-324717-7428884.jar with languages [LanguageSpec[languageName=javafml, acceptedVersions=[1,)]]
[31mar2026 20:39:17.792] [main/DEBUG] [net.neoforged.fml.loading.moddiscovery.ModFile/LOADING]: Found mixin config MixinConfig[config=jade.mixins.json, requiredMods=[]]
[31mar2026 20:39:17.792] [main/DEBUG] [net.neoforged.fml.loading.moddiscovery.ModFileParser/LOADING]: Considering mod file candidate C:\Users\SrNadien\.gradle\caches\modules-2\files-2.1\squeek.appleskin\appleskin-neoforge\mc1.21-3.0.8\ece24d5915a3893ab6ebe14df2c727bf2cb6bdab\appleskin-neoforge-mc1.21-3.0.8.jar
[31mar2026 20:39:17.792] [main/DEBUG] [net.neoforged.fml.loading.moddiscovery.ModFileInfo/LOADING]: Found valid mod file appleskin-neoforge-mc1.21-3.0.8.jar with {appleskin} mods - versions {3.0.8+mc1.21}
[31mar2026 20:39:17.792] [main/DEBUG] [net.neoforged.fml.loading.moddiscovery.ModFile/LOADING]: Loading mod file C:\Users\SrNadien\.gradle\caches\modules-2\files-2.1\squeek.appleskin\appleskin-neoforge\mc1.21-3.0.8\ece24d5915a3893ab6ebe14df2c727bf2cb6bdab\appleskin-neoforge-mc1.21-3.0.8.jar with languages [LanguageSpec[languageName=javafml, acceptedVersions=[2,)]]
[31mar2026 20:39:17.792] [main/DEBUG] [net.neoforged.fml.loading.moddiscovery.ModFileParser/LOADING]: Considering mod file candidate C:\Users\SrNadien\Documents\Ultimate-Foods\.gradle\repositories\ng_dummy_ng\net\neoforged\neoforge\21.1.215\neoforge-21.1.215.jar
[31mar2026 20:39:17.792] [main/DEBUG] [net.neoforged.fml.loading.moddiscovery.ModFileInfo/LOADING]: Found valid mod file neoforge-21.1.215.jar with {neoforge} mods - versions {21.1.215}
[31mar2026 20:39:17.792] [main/DEBUG] [net.neoforged.fml.loading.moddiscovery.ModFile/LOADING]: Loading mod file C:\Users\SrNadien\Documents\Ultimate-Foods\.gradle\repositories\ng_dummy_ng\net\neoforged\neoforge\21.1.215\neoforge-21.1.215.jar with languages [LanguageSpec[languageName=javafml, acceptedVersions=[3,]]]
[31mar2026 20:39:17.792] [main/DEBUG] [net.neoforged.fml.loading.moddiscovery.ModFile/LOADING]: Found mixin config MixinConfig[config=neoforge.mixins.json, requiredMods=[]]
[31mar2026 20:39:17.792] [main/DEBUG] [net.neoforged.fml.loading.moddiscovery.ModFileParser/LOADING]: Considering mod file candidate C:\Users\SrNadien\.gradle\caches\modules-2\files-2.1\mezz.jei\jei-1.21.1-neoforge\19.27.0.340\27d0d85e7e32e926fc3664ab6815df5cdabb7941\jei-1.21.1-neoforge-19.27.0.340.jar
[31mar2026 20:39:17.807] [main/DEBUG] [net.neoforged.fml.loading.moddiscovery.ModFileInfo/LOADING]: Found valid mod file jei-1.21.1-neoforge-19.27.0.340.jar with {jei} mods - versions {19.27.0.340}
[31mar2026 20:39:17.807] [main/DEBUG] [net.neoforged.fml.loading.moddiscovery.ModFile/LOADING]: Loading mod file C:\Users\SrNadien\.gradle\caches\modules-2\files-2.1\mezz.jei\jei-1.21.1-neoforge\19.27.0.340\27d0d85e7e32e926fc3664ab6815df5cdabb7941\jei-1.21.1-neoforge-19.27.0.340.jar with languages [LanguageSpec[languageName=javafml, acceptedVersions=[4,)]]
[31mar2026 20:39:17.807] [main/DEBUG] [net.neoforged.fml.loading.moddiscovery.ModFile/LOADING]: Loading mod file C:\Users\SrNadien\.gradle\caches\modules-2\files-2.1\io.github.llamalad7\mixinextras-neoforge\0.5.0\d734b83ce6542bb70ea31755c1595b88992dbe65\mixinextras-neoforge-0.5.0.jar with languages []
[31mar2026 20:39:17.807] [main/DEBUG] [net.neoforged.fml.loading.moddiscovery.ModValidator/SCAN]: Found 8 mod files with 7 mods
[31mar2026 20:39:17.807] [main/DEBUG] [cpw.mods.modlauncher.TransformationServiceDecorator/MODLAUNCHER]: End scan trigger - transformation service fml
[31mar2026 20:39:17.854] [main/DEBUG] [net.neoforged.fml.util.ServiceLoaderUtil/CORE]: Found 3 implementations of IModLanguageLoader:
[31mar2026 20:39:17.854] [main/DEBUG] [net.neoforged.fml.util.ServiceLoaderUtil/CORE]: 	net.neoforged.fml.javafmlmod.FMLJavaModLanguageProvider from loader-4.0.42.jar
[31mar2026 20:39:17.854] [main/DEBUG] [net.neoforged.fml.util.ServiceLoaderUtil/CORE]: 	net.neoforged.fml.lowcodemod.LowCodeModLanguageProvider from loader-4.0.42.jar
[31mar2026 20:39:17.854] [main/DEBUG] [net.neoforged.fml.util.ServiceLoaderUtil/CORE]: 	net.neoforged.fml.mclanguageprovider.MinecraftModLanguageProvider from loader-4.0.42.jar
[31mar2026 20:39:17.854] [main/DEBUG] [net.neoforged.fml.loading.LanguageProviderLoader/CORE]: Found language provider javafml, version 4.0.42
[31mar2026 20:39:17.854] [main/DEBUG] [net.neoforged.fml.loading.LanguageProviderLoader/CORE]: Found language provider lowcodefml, version 4.0.42
[31mar2026 20:39:17.854] [main/DEBUG] [net.neoforged.fml.loading.LanguageProviderLoader/CORE]: Found language provider minecraft, version 4.0.42
[31mar2026 20:39:17.870] [main/DEBUG] [net.neoforged.fml.loading.ModSorter/]: Configured system mods: [minecraft, neoforge]
[31mar2026 20:39:17.870] [main/DEBUG] [net.neoforged.fml.loading.ModSorter/]: Found system mod: minecraft
[31mar2026 20:39:17.870] [main/DEBUG] [net.neoforged.fml.loading.ModSorter/]: Found system mod: neoforge
[31mar2026 20:39:17.885] [main/DEBUG] [net.neoforged.fml.loading.ModSorter/LOADING]: Found 12 mod requirements (9 mandatory, 3 optional)
[31mar2026 20:39:17.885] [main/DEBUG] [net.neoforged.fml.loading.ModSorter/LOADING]: Found 0 mod requirements missing (0 mandatory, 0 optional)
[31mar2026 20:39:17.932] [main/DEBUG] [net.neoforged.fml.loading.FMLLoader/SCAN]: Adding Access Transformer in C:\Users\SrNadien\.gradle\caches\modules-2\files-2.1\curse.maven\re-avaritia-623969\7445860\696aeaf58f6180f1b550c95ad65b8fcf5bfe3f10\re-avaritia-623969-7445860.jar
[31mar2026 20:39:17.948] [main/DEBUG] [AXFORM/AXFORM]: Loading access transformer accesstransformer.cfg
[31mar2026 20:39:18.229] [main/DEBUG] [AXFORM/AXFORM]: Loaded access transformer accesstransformer.cfg
[31mar2026 20:39:18.229] [main/DEBUG] [net.neoforged.fml.loading.FMLLoader/SCAN]: Adding Access Transformer in C:\Users\SrNadien\.gradle\caches\modules-2\files-2.1\curse.maven\jade-324717\7428884\7d23a1dd515872bd6498b8edd06bb84e61f2c4e7\jade-324717-7428884.jar
[31mar2026 20:39:18.230] [main/DEBUG] [AXFORM/AXFORM]: Loading access transformer accesstransformer.cfg
[31mar2026 20:39:18.244] [main/DEBUG] [AXFORM/AXFORM]: Loaded access transformer accesstransformer.cfg
[31mar2026 20:39:18.244] [main/DEBUG] [net.neoforged.fml.loading.FMLLoader/SCAN]: Adding Access Transformer in C:\Users\SrNadien\Documents\Ultimate-Foods\.gradle\repositories\ng_dummy_ng\net\neoforged\neoforge\21.1.215\neoforge-21.1.215.jar
[31mar2026 20:39:18.248] [main/DEBUG] [AXFORM/AXFORM]: Loading access transformer accesstransformer.cfg
[31mar2026 20:39:18.386] [main/DEBUG] [AXFORM/AXFORM]: Loaded access transformer accesstransformer.cfg
[31mar2026 20:39:18.387] [main/DEBUG] [net.neoforged.fml.loading.FMLLoader/SCAN]: Adding Access Transformer in C:\Users\SrNadien\.gradle\caches\modules-2\files-2.1\mezz.jei\jei-1.21.1-neoforge\19.27.0.340\27d0d85e7e32e926fc3664ab6815df5cdabb7941\jei-1.21.1-neoforge-19.27.0.340.jar
[31mar2026 20:39:18.387] [main/DEBUG] [AXFORM/AXFORM]: Loading access transformer accesstransformer.cfg
[31mar2026 20:39:18.391] [main/DEBUG] [AXFORM/AXFORM]: Loaded access transformer accesstransformer.cfg
[31mar2026 20:39:18.403] [main/DEBUG] [mixin/]: Adding mixin platform agents for container net.neoforged.fml.loading.mixin.FMLMixinContainerHandle@6f38a289
[31mar2026 20:39:18.403] [main/DEBUG] [mixin/]: Instancing new MixinPlatformAgentMinecraftForge for net.neoforged.fml.loading.mixin.FMLMixinContainerHandle@6f38a289
[31mar2026 20:39:18.403] [main/DEBUG] [mixin/]: MixinPlatformAgentMinecraftForge rejected container net.neoforged.fml.loading.mixin.FMLMixinContainerHandle@6f38a289
[31mar2026 20:39:18.403] [main/DEBUG] [mixin/]: Instancing new MixinPlatformAgentDefault for net.neoforged.fml.loading.mixin.FMLMixinContainerHandle@6f38a289
[31mar2026 20:39:18.403] [main/DEBUG] [mixin/]: MixinPlatformAgentDefault accepted container net.neoforged.fml.loading.mixin.FMLMixinContainerHandle@6f38a289
[31mar2026 20:39:18.403] [main/DEBUG] [mixin/]: Instancing new FMLMixinPlatformAgent for net.neoforged.fml.loading.mixin.FMLMixinContainerHandle@6f38a289
[31mar2026 20:39:18.403] [main/DEBUG] [mixin/]: FMLMixinPlatformAgent accepted container net.neoforged.fml.loading.mixin.FMLMixinContainerHandle@6f38a289
[31mar2026 20:39:18.442] [main/DEBUG] [cpw.mods.modlauncher.TransformationServicesHandler/MODLAUNCHER]: Transformation services loading transformers
[31mar2026 20:39:18.443] [main/DEBUG] [cpw.mods.modlauncher.TransformationServiceDecorator/MODLAUNCHER]: Initializing transformers for transformation service mixin
[31mar2026 20:39:18.444] [main/DEBUG] [cpw.mods.modlauncher.TransformationServiceDecorator/MODLAUNCHER]: Initialized transformers for transformation service mixin
[31mar2026 20:39:18.445] [main/DEBUG] [cpw.mods.modlauncher.TransformationServiceDecorator/MODLAUNCHER]: Initializing transformers for transformation service fml
[31mar2026 20:39:18.445] [main/DEBUG] [net.neoforged.fml.loading.FMLServiceProvider/LOADING]: Loading coremod transformers
[31mar2026 20:39:18.445] [main/DEBUG] [net.neoforged.fml.loading.FMLServiceProvider/CORE]: Not loading coremod script-engine since no mod requested it
[31mar2026 20:39:18.447] [main/DEBUG] [net.neoforged.fml.util.ServiceLoaderUtil/CORE]: Found 1 implementations of ICoreMod:
[31mar2026 20:39:18.450] [main/DEBUG] [net.neoforged.fml.util.ServiceLoaderUtil/CORE]: 	net.neoforged.neoforge.coremods.NeoForgeCoreMod from neoforge-21.1.215.jar > net.neoforged.neoforge-coremods-21.1.215.jar
[31mar2026 20:39:18.479] [main/DEBUG] [net.neoforged.fml.loading.FMLServiceProvider/CORE]: Adding [Target[className=net.minecraft.world.level.biome.Biome, elementName=, elementDescriptor=, targetType=cpw.mods.modlauncher.api.TargetType@aeab9a1]] transformer from core-mod net.neoforged.neoforge.coremods.NeoForgeCoreMod@65a5d4f9 in neoforge-21.1.215.jar > net.neoforged.neoforge-coremods-21.1.215.jar
[31mar2026 20:39:18.479] [main/DEBUG] [net.neoforged.fml.loading.FMLServiceProvider/CORE]: Adding [Target[className=net.minecraft.world.level.levelgen.structure.Structure, elementName=, elementDescriptor=, targetType=cpw.mods.modlauncher.api.TargetType@aeab9a1]] transformer from core-mod net.neoforged.neoforge.coremods.NeoForgeCoreMod@65a5d4f9 in neoforge-21.1.215.jar > net.neoforged.neoforge-coremods-21.1.215.jar
[31mar2026 20:39:18.479] [main/DEBUG] [net.neoforged.fml.loading.FMLServiceProvider/CORE]: Adding [Target[className=net.minecraft.world.level.block.FlowerPotBlock, elementName=, elementDescriptor=, targetType=cpw.mods.modlauncher.api.TargetType@aeab9a1]] transformer from core-mod net.neoforged.neoforge.coremods.NeoForgeCoreMod@65a5d4f9 in neoforge-21.1.215.jar > net.neoforged.neoforge-coremods-21.1.215.jar
[31mar2026 20:39:18.483] [main/DEBUG] [net.neoforged.fml.loading.FMLServiceProvider/CORE]: Adding [Target[className=net/minecraft/world/entity/npc/CatSpawner, elementName=, elementDescriptor=, targetType=cpw.mods.modlauncher.api.TargetType@aeab9a1], Target[className=net/minecraft/world/level/levelgen/PhantomSpawner, elementName=, elementDescriptor=, targetType=cpw.mods.modlauncher.api.TargetType@aeab9a1], Target[className=net/minecraft/world/entity/monster/Zombie, elementName=, elementDescriptor=, targetType=cpw.mods.modlauncher.api.TargetType@aeab9a1], Target[className=net/minecraft/world/entity/monster/Spider, elementName=, elementDescriptor=, targetType=cpw.mods.modlauncher.api.TargetType@aeab9a1], Target[className=net/minecraft/world/level/levelgen/structure/structures/OceanRuinPieces$OceanRuinPiece, elementName=, elementDescriptor=, targetType=cpw.mods.modlauncher.api.TargetType@aeab9a1], Target[className=net/minecraft/world/level/levelgen/structure/templatesystem/StructureTemplate, elementName=, elementDescriptor=, targetType=cpw.mods.modlauncher.api.TargetType@aeab9a1], Target[className=net/minecraft/world/entity/animal/horse/SkeletonTrapGoal, elementName=, elementDescriptor=, targetType=cpw.mods.modlauncher.api.TargetType@aeab9a1], Target[className=net/minecraft/world/entity/raid/Raid, elementName=, elementDescriptor=, targetType=cpw.mods.modlauncher.api.TargetType@aeab9a1], Target[className=net/minecraft/world/entity/ai/village/VillageSiege, elementName=, elementDescriptor=, targetType=cpw.mods.modlauncher.api.TargetType@aeab9a1], Target[className=net/minecraft/world/entity/monster/Strider, elementName=, elementDescriptor=, targetType=cpw.mods.modlauncher.api.TargetType@aeab9a1], Target[className=net/minecraft/world/level/NaturalSpawner, elementName=, elementDescriptor=, targetType=cpw.mods.modlauncher.api.TargetType@aeab9a1], Target[className=net/minecraft/world/entity/EntityType, elementName=, elementDescriptor=, targetType=cpw.mods.modlauncher.api.TargetType@aeab9a1], Target[className=net/minecraft/server/commands/SummonCommand, elementName=, elementDescriptor=, targetType=cpw.mods.modlauncher.api.TargetType@aeab9a1], Target[className=net/minecraft/world/level/levelgen/structure/structures/WoodlandMansionPieces$WoodlandMansionPiece, elementName=, elementDescriptor=, targetType=cpw.mods.modlauncher.api.TargetType@aeab9a1], Target[className=net/minecraft/server/commands/RaidCommand, elementName=, elementDescriptor=, targetType=cpw.mods.modlauncher.api.TargetType@aeab9a1], Target[className=net/minecraft/world/entity/monster/Evoker$EvokerSummonSpellGoal, elementName=, elementDescriptor=, targetType=cpw.mods.modlauncher.api.TargetType@aeab9a1], Target[className=net/minecraft/world/level/levelgen/PatrolSpawner, elementName=, elementDescriptor=, targetType=cpw.mods.modlauncher.api.TargetType@aeab9a1], Target[className=net/minecraft/world/entity/monster/ZombieVillager, elementName=, elementDescriptor=, targetType=cpw.mods.modlauncher.api.TargetType@aeab9a1], Target[className=net/minecraft/world/level/levelgen/structure/structures/OceanMonumentPieces$OceanMonumentPiece, elementName=, elementDescriptor=, targetType=cpw.mods.modlauncher.api.TargetType@aeab9a1], Target[className=net/minecraft/world/level/levelgen/structure/structures/SwampHutPiece, elementName=, elementDescriptor=, targetType=cpw.mods.modlauncher.api.TargetType@aeab9a1], Target[className=net/minecraft/world/entity/animal/frog/Tadpole, elementName=, elementDescriptor=, targetType=cpw.mods.modlauncher.api.TargetType@aeab9a1], Target[className=net/minecraft/world/entity/npc/Villager, elementName=, elementDescriptor=, targetType=cpw.mods.modlauncher.api.TargetType@aeab9a1]] transformer from core-mod net.neoforged.neoforge.coremods.NeoForgeCoreMod@65a5d4f9 in neoforge-21.1.215.jar > net.neoforged.neoforge-coremods-21.1.215.jar
[31mar2026 20:39:18.486] [main/DEBUG] [cpw.mods.modlauncher.TransformStore/MODLAUNCHER]: Adding transformer net.neoforged.neoforge.coremods.ReplaceFieldWithGetterAccess@62566842 to Target : cpw.mods.modlauncher.api.TargetType@aeab9a1 {Lnet/minecraft/world/level/biome/Biome;} {} {V}
[31mar2026 20:39:18.489] [main/DEBUG] [cpw.mods.modlauncher.TransformStore/MODLAUNCHER]: Adding transformer net.neoforged.neoforge.coremods.ReplaceFieldWithGetterAccess@7b4acdc2 to Target : cpw.mods.modlauncher.api.TargetType@aeab9a1 {Lnet/minecraft/world/level/levelgen/structure/Structure;} {} {V}
[31mar2026 20:39:18.489] [main/DEBUG] [cpw.mods.modlauncher.TransformStore/MODLAUNCHER]: Adding transformer net.neoforged.neoforge.coremods.ReplaceFieldWithGetterAccess@26a262d6 to Target : cpw.mods.modlauncher.api.TargetType@aeab9a1 {Lnet/minecraft/world/level/block/FlowerPotBlock;} {} {V}
[31mar2026 20:39:18.491] [main/DEBUG] [cpw.mods.modlauncher.TransformStore/MODLAUNCHER]: Adding transformer net.neoforged.neoforge.coremods.MethodRedirector@11bd803 to Target : cpw.mods.modlauncher.api.TargetType@aeab9a1 {Lnet/minecraft/world/entity/npc/CatSpawner;} {} {V}
[31mar2026 20:39:18.491] [main/DEBUG] [cpw.mods.modlauncher.TransformStore/MODLAUNCHER]: Adding transformer net.neoforged.neoforge.coremods.MethodRedirector@11bd803 to Target : cpw.mods.modlauncher.api.TargetType@aeab9a1 {Lnet/minecraft/world/level/levelgen/PhantomSpawner;} {} {V}
[31mar2026 20:39:18.491] [main/DEBUG] [cpw.mods.modlauncher.TransformStore/MODLAUNCHER]: Adding transformer net.neoforged.neoforge.coremods.MethodRedirector@11bd803 to Target : cpw.mods.modlauncher.api.TargetType@aeab9a1 {Lnet/minecraft/world/entity/monster/Zombie;} {} {V}
[31mar2026 20:39:18.491] [main/DEBUG] [cpw.mods.modlauncher.TransformStore/MODLAUNCHER]: Adding transformer net.neoforged.neoforge.coremods.MethodRedirector@11bd803 to Target : cpw.mods.modlauncher.api.TargetType@aeab9a1 {Lnet/minecraft/world/entity/monster/Spider;} {} {V}
[31mar2026 20:39:18.492] [main/DEBUG] [cpw.mods.modlauncher.TransformStore/MODLAUNCHER]: Adding transformer net.neoforged.neoforge.coremods.MethodRedirector@11bd803 to Target : cpw.mods.modlauncher.api.TargetType@aeab9a1 {Lnet/minecraft/world/level/levelgen/structure/structures/OceanRuinPieces$OceanRuinPiece;} {} {V}
[31mar2026 20:39:18.492] [main/DEBUG] [cpw.mods.modlauncher.TransformStore/MODLAUNCHER]: Adding transformer net.neoforged.neoforge.coremods.MethodRedirector@11bd803 to Target : cpw.mods.modlauncher.api.TargetType@aeab9a1 {Lnet/minecraft/world/level/levelgen/structure/templatesystem/StructureTemplate;} {} {V}
[31mar2026 20:39:18.494] [main/DEBUG] [cpw.mods.modlauncher.TransformStore/MODLAUNCHER]: Adding transformer net.neoforged.neoforge.coremods.MethodRedirector@11bd803 to Target : cpw.mods.modlauncher.api.TargetType@aeab9a1 {Lnet/minecraft/world/entity/animal/horse/SkeletonTrapGoal;} {} {V}
[31mar2026 20:39:18.494] [main/DEBUG] [cpw.mods.modlauncher.TransformStore/MODLAUNCHER]: Adding transformer net.neoforged.neoforge.coremods.MethodRedirector@11bd803 to Target : cpw.mods.modlauncher.api.TargetType@aeab9a1 {Lnet/minecraft/world/entity/raid/Raid;} {} {V}
[31mar2026 20:39:18.494] [main/DEBUG] [cpw.mods.modlauncher.TransformStore/MODLAUNCHER]: Adding transformer net.neoforged.neoforge.coremods.MethodRedirector@11bd803 to Target : cpw.mods.modlauncher.api.TargetType@aeab9a1 {Lnet/minecraft/world/entity/ai/village/VillageSiege;} {} {V}
[31mar2026 20:39:18.494] [main/DEBUG] [cpw.mods.modlauncher.TransformStore/MODLAUNCHER]: Adding transformer net.neoforged.neoforge.coremods.MethodRedirector@11bd803 to Target : cpw.mods.modlauncher.api.TargetType@aeab9a1 {Lnet/minecraft/world/entity/monster/Strider;} {} {V}
[31mar2026 20:39:18.495] [main/DEBUG] [cpw.mods.modlauncher.TransformStore/MODLAUNCHER]: Adding transformer net.neoforged.neoforge.coremods.MethodRedirector@11bd803 to Target : cpw.mods.modlauncher.api.TargetType@aeab9a1 {Lnet/minecraft/world/level/NaturalSpawner;} {} {V}
[31mar2026 20:39:18.495] [main/DEBUG] [cpw.mods.modlauncher.TransformStore/MODLAUNCHER]: Adding transformer net.neoforged.neoforge.coremods.MethodRedirector@11bd803 to Target : cpw.mods.modlauncher.api.TargetType@aeab9a1 {Lnet/minecraft/world/entity/EntityType;} {} {V}
[31mar2026 20:39:18.495] [main/DEBUG] [cpw.mods.modlauncher.TransformStore/MODLAUNCHER]: Adding transformer net.neoforged.neoforge.coremods.MethodRedirector@11bd803 to Target : cpw.mods.modlauncher.api.TargetType@aeab9a1 {Lnet/minecraft/server/commands/SummonCommand;} {} {V}
[31mar2026 20:39:18.495] [main/DEBUG] [cpw.mods.modlauncher.TransformStore/MODLAUNCHER]: Adding transformer net.neoforged.neoforge.coremods.MethodRedirector@11bd803 to Target : cpw.mods.modlauncher.api.TargetType@aeab9a1 {Lnet/minecraft/world/level/levelgen/structure/structures/WoodlandMansionPieces$WoodlandMansionPiece;} {} {V}
[31mar2026 20:39:18.495] [main/DEBUG] [cpw.mods.modlauncher.TransformStore/MODLAUNCHER]: Adding transformer net.neoforged.neoforge.coremods.MethodRedirector@11bd803 to Target : cpw.mods.modlauncher.api.TargetType@aeab9a1 {Lnet/minecraft/server/commands/RaidCommand;} {} {V}
[31mar2026 20:39:18.495] [main/DEBUG] [cpw.mods.modlauncher.TransformStore/MODLAUNCHER]: Adding transformer net.neoforged.neoforge.coremods.MethodRedirector@11bd803 to Target : cpw.mods.modlauncher.api.TargetType@aeab9a1 {Lnet/minecraft/world/entity/monster/Evoker$EvokerSummonSpellGoal;} {} {V}
[31mar2026 20:39:18.495] [main/DEBUG] [cpw.mods.modlauncher.TransformStore/MODLAUNCHER]: Adding transformer net.neoforged.neoforge.coremods.MethodRedirector@11bd803 to Target : cpw.mods.modlauncher.api.TargetType@aeab9a1 {Lnet/minecraft/world/level/levelgen/PatrolSpawner;} {} {V}
[31mar2026 20:39:18.495] [main/DEBUG] [cpw.mods.modlauncher.TransformStore/MODLAUNCHER]: Adding transformer net.neoforged.neoforge.coremods.MethodRedirector@11bd803 to Target : cpw.mods.modlauncher.api.TargetType@aeab9a1 {Lnet/minecraft/world/entity/monster/ZombieVillager;} {} {V}
[31mar2026 20:39:18.495] [main/DEBUG] [cpw.mods.modlauncher.TransformStore/MODLAUNCHER]: Adding transformer net.neoforged.neoforge.coremods.MethodRedirector@11bd803 to Target : cpw.mods.modlauncher.api.TargetType@aeab9a1 {Lnet/minecraft/world/level/levelgen/structure/structures/OceanMonumentPieces$OceanMonumentPiece;} {} {V}
[31mar2026 20:39:18.496] [main/DEBUG] [cpw.mods.modlauncher.TransformStore/MODLAUNCHER]: Adding transformer net.neoforged.neoforge.coremods.MethodRedirector@11bd803 to Target : cpw.mods.modlauncher.api.TargetType@aeab9a1 {Lnet/minecraft/world/level/levelgen/structure/structures/SwampHutPiece;} {} {V}
[31mar2026 20:39:18.497] [main/DEBUG] [cpw.mods.modlauncher.TransformStore/MODLAUNCHER]: Adding transformer net.neoforged.neoforge.coremods.MethodRedirector@11bd803 to Target : cpw.mods.modlauncher.api.TargetType@aeab9a1 {Lnet/minecraft/world/entity/animal/frog/Tadpole;} {} {V}
[31mar2026 20:39:18.497] [main/DEBUG] [cpw.mods.modlauncher.TransformStore/MODLAUNCHER]: Adding transformer net.neoforged.neoforge.coremods.MethodRedirector@11bd803 to Target : cpw.mods.modlauncher.api.TargetType@aeab9a1 {Lnet/minecraft/world/entity/npc/Villager;} {} {V}
[31mar2026 20:39:18.497] [main/DEBUG] [cpw.mods.modlauncher.TransformationServiceDecorator/MODLAUNCHER]: Initialized transformers for transformation service fml
[31mar2026 20:39:19.427] [main/DEBUG] [mixin/]: Processing prepare() for PlatformAgent[MixinPlatformAgentDefault:ModLauncher Root Container(ModLauncher:4f56a0a2)]
[31mar2026 20:39:19.479] [main/DEBUG] [mixin/]: Processing prepare() for PlatformAgent[MixinPlatformAgentDefault:net.neoforged.fml.loading.mixin.FMLMixinContainerHandle@6f38a289]
[31mar2026 20:39:19.495] [main/DEBUG] [mixin/]: Processing prepare() for PlatformAgent[FMLMixinPlatformAgent:null]
[31mar2026 20:39:19.720] [main/DEBUG] [mixin/]: Compatibility level JAVA_20 specified by avaritia.mixins.json is higher than the maximum level supported by this version of mixin (JAVA_13).
[31mar2026 20:39:19.755] [main/INFO] [mixin/]: Compatibility level set to JAVA_20
[31mar2026 20:39:19.759] [main/DEBUG] [mixin/]: Compatibility level JAVA_16 specified by jade.mixins.json is higher than the maximum level supported by this version of mixin (JAVA_13).
[31mar2026 20:39:19.764] [main/DEBUG] [mixin/]: Processing launch tasks for PlatformAgent[MixinPlatformAgentDefault:ModLauncher Root Container(ModLauncher:4f56a0a2)]
[31mar2026 20:39:19.765] [main/DEBUG] [mixin/]: Adding mixin platform agents for container SecureJarResource(mixin_synthetic)
[31mar2026 20:39:19.765] [main/DEBUG] [mixin/]: Instancing new MixinPlatformAgentMinecraftForge for SecureJarResource(mixin_synthetic)
[31mar2026 20:39:19.765] [main/DEBUG] [mixin/]: MixinPlatformAgentMinecraftForge rejected container SecureJarResource(mixin_synthetic)
[31mar2026 20:39:19.765] [main/DEBUG] [mixin/]: Instancing new MixinPlatformAgentDefault for SecureJarResource(mixin_synthetic)
[31mar2026 20:39:19.765] [main/DEBUG] [mixin/]: MixinPlatformAgentDefault accepted container SecureJarResource(mixin_synthetic)
[31mar2026 20:39:19.765] [main/DEBUG] [mixin/]: Instancing new FMLMixinPlatformAgent for SecureJarResource(mixin_synthetic)
[31mar2026 20:39:19.765] [main/DEBUG] [mixin/]: FMLMixinPlatformAgent rejected container SecureJarResource(mixin_synthetic)
[31mar2026 20:39:19.765] [main/DEBUG] [mixin/]: Processing prepare() for PlatformAgent[MixinPlatformAgentDefault:SecureJarResource(mixin_synthetic)]
[31mar2026 20:39:19.765] [main/DEBUG] [mixin/]: Adding mixin platform agents for container SecureJarResource(minecraft)
[31mar2026 20:39:19.765] [main/DEBUG] [mixin/]: Instancing new MixinPlatformAgentMinecraftForge for SecureJarResource(minecraft)
[31mar2026 20:39:19.765] [main/DEBUG] [mixin/]: MixinPlatformAgentMinecraftForge rejected container SecureJarResource(minecraft)
[31mar2026 20:39:19.766] [main/DEBUG] [mixin/]: Instancing new MixinPlatformAgentDefault for SecureJarResource(minecraft)
[31mar2026 20:39:19.766] [main/DEBUG] [mixin/]: MixinPlatformAgentDefault accepted container SecureJarResource(minecraft)
[31mar2026 20:39:19.766] [main/DEBUG] [mixin/]: Instancing new FMLMixinPlatformAgent for SecureJarResource(minecraft)
[31mar2026 20:39:19.766] [main/DEBUG] [mixin/]: FMLMixinPlatformAgent rejected container SecureJarResource(minecraft)
[31mar2026 20:39:19.766] [main/DEBUG] [mixin/]: Processing prepare() for PlatformAgent[MixinPlatformAgentDefault:SecureJarResource(minecraft)]
[31mar2026 20:39:19.766] [main/DEBUG] [mixin/]: Adding mixin platform agents for container SecureJarResource(ultimatefoods)
[31mar2026 20:39:19.766] [main/DEBUG] [mixin/]: Instancing new MixinPlatformAgentMinecraftForge for SecureJarResource(ultimatefoods)
[31mar2026 20:39:19.766] [main/DEBUG] [mixin/]: MixinPlatformAgentMinecraftForge rejected container SecureJarResource(ultimatefoods)
[31mar2026 20:39:19.766] [main/DEBUG] [mixin/]: Instancing new MixinPlatformAgentDefault for SecureJarResource(ultimatefoods)
[31mar2026 20:39:19.767] [main/DEBUG] [mixin/]: MixinPlatformAgentDefault accepted container SecureJarResource(ultimatefoods)
[31mar2026 20:39:19.767] [main/DEBUG] [mixin/]: Instancing new FMLMixinPlatformAgent for SecureJarResource(ultimatefoods)
[31mar2026 20:39:19.767] [main/DEBUG] [mixin/]: FMLMixinPlatformAgent rejected container SecureJarResource(ultimatefoods)
[31mar2026 20:39:19.767] [main/DEBUG] [mixin/]: Processing prepare() for PlatformAgent[MixinPlatformAgentDefault:SecureJarResource(ultimatefoods)]
[31mar2026 20:39:19.767] [main/DEBUG] [mixin/]: Adding mixin platform agents for container SecureJarResource(avaritia)
[31mar2026 20:39:19.767] [main/DEBUG] [mixin/]: Instancing new MixinPlatformAgentMinecraftForge for SecureJarResource(avaritia)
[31mar2026 20:39:19.767] [main/DEBUG] [mixin/]: MixinPlatformAgentMinecraftForge rejected container SecureJarResource(avaritia)
[31mar2026 20:39:19.767] [main/DEBUG] [mixin/]: Instancing new MixinPlatformAgentDefault for SecureJarResource(avaritia)
[31mar2026 20:39:19.767] [main/DEBUG] [mixin/]: MixinPlatformAgentDefault accepted container SecureJarResource(avaritia)
[31mar2026 20:39:19.767] [main/DEBUG] [mixin/]: Instancing new FMLMixinPlatformAgent for SecureJarResource(avaritia)
[31mar2026 20:39:19.767] [main/DEBUG] [mixin/]: FMLMixinPlatformAgent rejected container SecureJarResource(avaritia)
[31mar2026 20:39:19.768] [main/DEBUG] [mixin/]: Processing prepare() for PlatformAgent[MixinPlatformAgentDefault:SecureJarResource(avaritia)]
[31mar2026 20:39:19.768] [main/DEBUG] [mixin/]: Adding mixin platform agents for container SecureJarResource(jade)
[31mar2026 20:39:19.768] [main/DEBUG] [mixin/]: Instancing new MixinPlatformAgentMinecraftForge for SecureJarResource(jade)
[31mar2026 20:39:19.768] [main/DEBUG] [mixin/]: MixinPlatformAgentMinecraftForge rejected container SecureJarResource(jade)
[31mar2026 20:39:19.768] [main/DEBUG] [mixin/]: Instancing new MixinPlatformAgentDefault for SecureJarResource(jade)
[31mar2026 20:39:19.768] [main/DEBUG] [mixin/]: MixinPlatformAgentDefault accepted container SecureJarResource(jade)
[31mar2026 20:39:19.768] [main/DEBUG] [mixin/]: Instancing new FMLMixinPlatformAgent for SecureJarResource(jade)
[31mar2026 20:39:19.768] [main/DEBUG] [mixin/]: FMLMixinPlatformAgent rejected container SecureJarResource(jade)
[31mar2026 20:39:19.768] [main/DEBUG] [mixin/]: Processing prepare() for PlatformAgent[MixinPlatformAgentDefault:SecureJarResource(jade)]
[31mar2026 20:39:19.768] [main/DEBUG] [mixin/]: Registering mixin config: jade.mixins.json source=SecureJarResource(jade)
[31mar2026 20:39:19.771] [main/DEBUG] [mixin/]: Adding mixin platform agents for container SecureJarResource(appleskin)
[31mar2026 20:39:19.771] [main/DEBUG] [mixin/]: Instancing new MixinPlatformAgentMinecraftForge for SecureJarResource(appleskin)
[31mar2026 20:39:19.771] [main/DEBUG] [mixin/]: MixinPlatformAgentMinecraftForge rejected container SecureJarResource(appleskin)
[31mar2026 20:39:19.771] [main/DEBUG] [mixin/]: Instancing new MixinPlatformAgentDefault for SecureJarResource(appleskin)
[31mar2026 20:39:19.771] [main/DEBUG] [mixin/]: MixinPlatformAgentDefault accepted container SecureJarResource(appleskin)
[31mar2026 20:39:19.771] [main/DEBUG] [mixin/]: Instancing new FMLMixinPlatformAgent for SecureJarResource(appleskin)
[31mar2026 20:39:19.771] [main/DEBUG] [mixin/]: FMLMixinPlatformAgent rejected container SecureJarResource(appleskin)
[31mar2026 20:39:19.772] [main/DEBUG] [mixin/]: Processing prepare() for PlatformAgent[MixinPlatformAgentDefault:SecureJarResource(appleskin)]
[31mar2026 20:39:19.772] [main/DEBUG] [mixin/]: Adding mixin platform agents for container SecureJarResource(jei)
[31mar2026 20:39:19.772] [main/DEBUG] [mixin/]: Instancing new MixinPlatformAgentMinecraftForge for SecureJarResource(jei)
[31mar2026 20:39:19.772] [main/DEBUG] [mixin/]: MixinPlatformAgentMinecraftForge rejected container SecureJarResource(jei)
[31mar2026 20:39:19.772] [main/DEBUG] [mixin/]: Instancing new MixinPlatformAgentDefault for SecureJarResource(jei)
[31mar2026 20:39:19.772] [main/DEBUG] [mixin/]: MixinPlatformAgentDefault accepted container SecureJarResource(jei)
[31mar2026 20:39:19.772] [main/DEBUG] [mixin/]: Instancing new FMLMixinPlatformAgent for SecureJarResource(jei)
[31mar2026 20:39:19.772] [main/DEBUG] [mixin/]: FMLMixinPlatformAgent rejected container SecureJarResource(jei)
[31mar2026 20:39:19.772] [main/DEBUG] [mixin/]: Processing prepare() for PlatformAgent[MixinPlatformAgentDefault:SecureJarResource(jei)]
[31mar2026 20:39:19.772] [main/DEBUG] [mixin/]: Adding mixin platform agents for container SecureJarResource(mixinextras.neoforge)
[31mar2026 20:39:19.772] [main/DEBUG] [mixin/]: Instancing new MixinPlatformAgentMinecraftForge for SecureJarResource(mixinextras.neoforge)
[31mar2026 20:39:19.773] [main/DEBUG] [mixin/]: MixinPlatformAgentMinecraftForge rejected container SecureJarResource(mixinextras.neoforge)
[31mar2026 20:39:19.773] [main/DEBUG] [mixin/]: Instancing new MixinPlatformAgentDefault for SecureJarResource(mixinextras.neoforge)
[31mar2026 20:39:19.773] [main/DEBUG] [mixin/]: MixinPlatformAgentDefault accepted container SecureJarResource(mixinextras.neoforge)
[31mar2026 20:39:19.773] [main/DEBUG] [mixin/]: Instancing new FMLMixinPlatformAgent for SecureJarResource(mixinextras.neoforge)
[31mar2026 20:39:19.773] [main/DEBUG] [mixin/]: FMLMixinPlatformAgent rejected container SecureJarResource(mixinextras.neoforge)
[31mar2026 20:39:19.773] [main/DEBUG] [mixin/]: Processing prepare() for PlatformAgent[MixinPlatformAgentDefault:SecureJarResource(mixinextras.neoforge)]
[31mar2026 20:39:19.773] [main/DEBUG] [mixin/]: Registering mixin config: mixinextras.init.mixins.json source=SecureJarResource(mixinextras.neoforge)
[31mar2026 20:39:19.776] [main/DEBUG] [mixin/]: inject() running with 10 agents
[31mar2026 20:39:19.776] [main/DEBUG] [mixin/]: Processing inject() for PlatformAgent[MixinPlatformAgentDefault:ModLauncher Root Container(ModLauncher:4f56a0a2)]
[31mar2026 20:39:19.776] [main/DEBUG] [mixin/]: Processing inject() for PlatformAgent[MixinPlatformAgentDefault:net.neoforged.fml.loading.mixin.FMLMixinContainerHandle@6f38a289]
[31mar2026 20:39:19.776] [main/DEBUG] [mixin/]: Processing inject() for PlatformAgent[FMLMixinPlatformAgent:null]
[31mar2026 20:39:19.776] [main/DEBUG] [mixin/]: Processing inject() for PlatformAgent[MixinPlatformAgentDefault:SecureJarResource(mixin_synthetic)]
[31mar2026 20:39:19.793] [main/DEBUG] [mixin/]: Processing inject() for PlatformAgent[MixinPlatformAgentDefault:SecureJarResource(minecraft)]
[31mar2026 20:39:19.793] [main/DEBUG] [mixin/]: Processing inject() for PlatformAgent[MixinPlatformAgentDefault:SecureJarResource(ultimatefoods)]
[31mar2026 20:39:19.795] [main/DEBUG] [mixin/]: Processing inject() for PlatformAgent[MixinPlatformAgentDefault:SecureJarResource(avaritia)]
[31mar2026 20:39:19.795] [main/DEBUG] [mixin/]: Processing inject() for PlatformAgent[MixinPlatformAgentDefault:SecureJarResource(jade)]
[31mar2026 20:39:19.795] [main/DEBUG] [mixin/]: Processing inject() for PlatformAgent[MixinPlatformAgentDefault:SecureJarResource(appleskin)]
[31mar2026 20:39:19.797] [main/DEBUG] [mixin/]: Processing inject() for PlatformAgent[MixinPlatformAgentDefault:SecureJarResource(jei)]
[31mar2026 20:39:19.797] [main/DEBUG] [mixin/]: Processing inject() for PlatformAgent[MixinPlatformAgentDefault:SecureJarResource(mixinextras.neoforge)]
[31mar2026 20:39:19.798] [main/INFO] [cpw.mods.modlauncher.LaunchServiceHandler/MODLAUNCHER]: Launching target 'forgeclientdev' with arguments [--version, 21.1.215, --gameDir, ., --assetsDir, C:\Users\SrNadien\.gradle\caches\minecraft\assets, --assetIndex, asset-index]
[31mar2026 20:39:19.987] [main/DEBUG] [mixin/]: Preparing mixins for MixinEnvironment[DEFAULT]
[31mar2026 20:39:19.988] [main/DEBUG] [mixin/]: Selecting config avaritia.mixins.json
[31mar2026 20:39:20.035] [main/WARN] [mixin/]: Reference map 'avaritia.refmap.json' for avaritia.mixins.json could not be read. If this is a development environment you can ignore this message
[31mar2026 20:39:20.036] [main/DEBUG] [mixin/]: Selecting config jade.mixins.json
[31mar2026 20:39:20.037] [main/DEBUG] [mixin/]: Selecting config neoforge.mixins.json
[31mar2026 20:39:20.039] [main/DEBUG] [mixin/]: Selecting config mixinextras.init.mixins.json
[31mar2026 20:39:20.305] [main/DEBUG] [MixinExtras|Service/]: com.llamalad7.mixinextras.service.MixinExtrasServiceImpl(version=0.5.0) is taking over from null
[31mar2026 20:39:20.430] [main/DEBUG] [mixin/]: Registering new injector for @Inject with org.spongepowered.asm.mixin.injection.struct.CallbackInjectionInfo
[31mar2026 20:39:20.430] [main/DEBUG] [mixin/]: Registering new injector for @ModifyArg with org.spongepowered.asm.mixin.injection.struct.ModifyArgInjectionInfo
[31mar2026 20:39:20.430] [main/DEBUG] [mixin/]: Registering new injector for @ModifyArgs with org.spongepowered.asm.mixin.injection.struct.ModifyArgsInjectionInfo
[31mar2026 20:39:20.430] [main/DEBUG] [mixin/]: Registering new injector for @Redirect with org.spongepowered.asm.mixin.injection.struct.RedirectInjectionInfo
[31mar2026 20:39:20.430] [main/DEBUG] [mixin/]: Registering new injector for @ModifyVariable with org.spongepowered.asm.mixin.injection.struct.ModifyVariableInjectionInfo
[31mar2026 20:39:20.446] [main/DEBUG] [mixin/]: Registering new injector for @ModifyConstant with org.spongepowered.asm.mixin.injection.struct.ModifyConstantInjectionInfo
[31mar2026 20:39:20.508] [main/DEBUG] [mixin/]: Preparing avaritia.mixins.json (10)
[31mar2026 20:39:20.681] [main/DEBUG] [net.neoforged.accesstransformer.AccessTransformer/AXFORM]: Transforming net.minecraft.world.item.enchantment.EnchantmentHelper INNERCLASS EnchantmentInSlotVisitor to access PUBLIC and LEAVE
[31mar2026 20:39:20.681] [main/DEBUG] [net.neoforged.accesstransformer.AccessTransformer/AXFORM]: Transforming net.minecraft.world.item.enchantment.EnchantmentHelper INNERCLASS EnchantmentVisitor to access PUBLIC and LEAVE
[31mar2026 20:39:20.681] [main/DEBUG] [net.neoforged.accesstransformer.AccessTransformer/AXFORM]: Transforming net.minecraft.world.item.enchantment.EnchantmentHelper METHOD getComponentType(Lnet/minecraft/world/item/ItemStack;)Lnet/minecraft/core/component/DataComponentType; to access PUBLIC and LEAVE
[31mar2026 20:39:20.681] [main/DEBUG] [net.neoforged.accesstransformer.AccessTransformer/AXFORM]: Transforming net.minecraft.world.item.enchantment.EnchantmentHelper METHOD runIterationOnItem(Lnet/minecraft/world/item/ItemStack;Lnet/minecraft/world/item/enchantment/EnchantmentHelper$EnchantmentVisitor;)V to access PUBLIC and LEAVE
[31mar2026 20:39:20.681] [main/DEBUG] [net.neoforged.accesstransformer.AccessTransformer/AXFORM]: Transforming net.minecraft.world.item.enchantment.EnchantmentHelper METHOD runIterationOnItem(Lnet/minecraft/world/item/ItemStack;Lnet/minecraft/world/entity/EquipmentSlot;Lnet/minecraft/world/entity/LivingEntity;Lnet/minecraft/world/item/enchantment/EnchantmentHelper$EnchantmentInSlotVisitor;)V to access PUBLIC and LEAVE
[31mar2026 20:39:20.681] [main/DEBUG] [net.neoforged.accesstransformer.AccessTransformer/AXFORM]: Transforming net.minecraft.world.item.enchantment.EnchantmentHelper METHOD runIterationOnEquipment(Lnet/minecraft/world/entity/LivingEntity;Lnet/minecraft/world/item/enchantment/EnchantmentHelper$EnchantmentInSlotVisitor;)V to access PUBLIC and LEAVE
[31mar2026 20:39:20.791] [main/TRACE] [mixin/]: Added class metadata for net/minecraft/world/item/enchantment/EnchantmentHelper to metadata cache
[31mar2026 20:39:20.841] [main/DEBUG] [net.neoforged.accesstransformer.AccessTransformer/AXFORM]: Transforming net.minecraft.world.item.Item FIELD components to access PRIVATE and REMOVEFINAL
[31mar2026 20:39:20.841] [main/DEBUG] [net.neoforged.accesstransformer.AccessTransformer/AXFORM]: Transforming net.minecraft.world.item.Item METHOD getPlayerPOVHitResult(Lnet/minecraft/world/level/Level;Lnet/minecraft/world/entity/player/Player;Lnet/minecraft/world/level/ClipContext$Fluid;)Lnet/minecraft/world/phys/BlockHitResult; to access PUBLIC and LEAVE
[31mar2026 20:39:20.841] [main/TRACE] [mixin/]: Added class metadata for net/minecraft/world/item/Item to metadata cache
[31mar2026 20:39:20.841] [main/DEBUG] [net.neoforged.accesstransformer.AccessTransformer/AXFORM]: Transforming net.minecraft.world.item.ItemStack METHOD addToTooltip(Lnet/minecraft/core/component/DataComponentType;Lnet/minecraft/world/item/Item$TooltipContext;Ljava/util/function/Consumer;Lnet/minecraft/world/item/TooltipFlag;)V to access PUBLIC and LEAVE
[31mar2026 20:39:20.934] [main/TRACE] [mixin/]: Added class metadata for net/minecraft/world/item/ItemStack to metadata cache
[31mar2026 20:39:20.941] [main/DEBUG] [net.neoforged.accesstransformer.AccessTransformer/AXFORM]: Transforming net.minecraft.world.level.block.NetherWartBlock METHOD <init>(Lnet/minecraft/world/level/block/state/BlockBehaviour$Properties;)V to access PUBLIC and LEAVE
[31mar2026 20:39:20.941] [main/TRACE] [mixin/]: Added class metadata for net/minecraft/world/level/block/NetherWartBlock to metadata cache
[31mar2026 20:39:20.945] [main/DEBUG] [net.neoforged.accesstransformer.AccessTransformer/AXFORM]: Transforming net.minecraft.world.entity.player.Player METHOD closeContainer()V to access PUBLIC and LEAVE
[31mar2026 20:39:20.977] [main/TRACE] [mixin/]: Added class metadata for net/minecraft/world/entity/player/Player to metadata cache
[31mar2026 20:39:20.983] [main/DEBUG] [net.neoforged.accesstransformer.AccessTransformer/AXFORM]: Transforming net.minecraft.world.item.crafting.RecipeManager FIELD byType to access PUBLIC and LEAVE
[31mar2026 20:39:20.983] [main/DEBUG] [net.neoforged.accesstransformer.AccessTransformer/AXFORM]: Transforming net.minecraft.world.item.crafting.RecipeManager FIELD byName to access PUBLIC and LEAVE
[31mar2026 20:39:20.983] [main/DEBUG] [net.neoforged.accesstransformer.AccessTransformer/AXFORM]: Transforming net.minecraft.world.item.crafting.RecipeManager METHOD byType(Lnet/minecraft/world/item/crafting/RecipeType;)Ljava/util/Collection; to access PUBLIC and LEAVE
[31mar2026 20:39:20.983] [main/TRACE] [mixin/]: Added class metadata for net/minecraft/world/item/crafting/RecipeManager to metadata cache
[31mar2026 20:39:21.011] [main/TRACE] [mixin/]: Added class metadata for net/minecraft/server/ReloadableServerResources to metadata cache
[31mar2026 20:39:21.045] [main/TRACE] [mixin/]: Added class metadata for net/minecraft/core/MappedRegistry to metadata cache
[31mar2026 20:39:21.045] [main/DEBUG] [net.neoforged.fml.common.asm.RuntimeDistCleaner/DISTXFORM]: Removing Class Annotation: committee/nova/mods/avaritia/init/mixins/PlayerRendererMixin @Lnet/neoforged/api/distmarker/OnlyIn;
[31mar2026 20:39:21.054] [main/DEBUG] [net.neoforged.accesstransformer.AccessTransformer/AXFORM]: Transforming net.minecraft.client.renderer.entity.ItemRenderer METHOD renderModelLists(Lnet/minecraft/client/resources/model/BakedModel;Lnet/minecraft/world/item/ItemStack;IILcom/mojang/blaze3d/vertex/PoseStack;Lcom/mojang/blaze3d/vertex/VertexConsumer;)V to access PUBLIC and LEAVE
[31mar2026 20:39:21.054] [main/DEBUG] [net.neoforged.accesstransformer.AccessTransformer/AXFORM]: Transforming net.minecraft.client.renderer.entity.ItemRenderer METHOD renderQuadList(Lcom/mojang/blaze3d/vertex/PoseStack;Lcom/mojang/blaze3d/vertex/VertexConsumer;Ljava/util/List;Lnet/minecraft/world/item/ItemStack;II)V to access PUBLIC and LEAVE
[31mar2026 20:39:21.054] [main/DEBUG] [net.neoforged.fml.common.asm.RuntimeDistCleaner/DISTXFORM]: Removing Class Annotation: net/minecraft/client/renderer/entity/ItemRenderer @Lnet/neoforged/api/distmarker/OnlyIn;
[31mar2026 20:39:21.054] [main/TRACE] [mixin/]: Added class metadata for net/minecraft/client/renderer/entity/ItemRenderer to metadata cache
[31mar2026 20:39:21.099] [main/DEBUG] [net.neoforged.fml.common.asm.RuntimeDistCleaner/DISTXFORM]: Removing Class Annotation: net/minecraft/client/renderer/entity/player/PlayerRenderer @Lnet/neoforged/api/distmarker/OnlyIn;
[31mar2026 20:39:21.099] [main/TRACE] [mixin/]: Added class metadata for net/minecraft/client/renderer/entity/player/PlayerRenderer to metadata cache
[31mar2026 20:39:21.099] [main/DEBUG] [mixin/]: Preparing jade.mixins.json (6)
[31mar2026 20:39:21.109] [main/DEBUG] [net.neoforged.accesstransformer.AccessTransformer/AXFORM]: Transforming net.minecraft.world.level.block.entity.AbstractFurnaceBlockEntity FIELD litTime to access PUBLIC and LEAVE
[31mar2026 20:39:21.109] [main/TRACE] [mixin/]: Added class metadata for net/minecraft/world/level/block/entity/AbstractFurnaceBlockEntity to metadata cache
[31mar2026 20:39:21.109] [main/TRACE] [mixin/]: Added class metadata for net/neoforged/neoforge/common/loot/CanItemPerformAbility to metadata cache
[31mar2026 20:39:21.183] [main/DEBUG] [net.neoforged.accesstransformer.AccessTransformer/AXFORM]: Transforming net.minecraft.world.entity.Entity FIELD ENTITY_COUNTER to access PROTECTED and LEAVE
[31mar2026 20:39:21.183] [main/DEBUG] [net.neoforged.accesstransformer.AccessTransformer/AXFORM]: Transforming net.minecraft.world.entity.Entity METHOD getEncodeId()Ljava/lang/String; to access PUBLIC and LEAVE
[31mar2026 20:39:21.261] [main/TRACE] [mixin/]: Added class metadata for net/minecraft/world/entity/Entity to metadata cache
[31mar2026 20:39:21.282] [main/DEBUG] [net.neoforged.accesstransformer.AccessTransformer/AXFORM]: Transforming net.minecraft.client.gui.Font INNERCLASS StringRenderOutput to access PUBLIC and LEAVE
[31mar2026 20:39:21.282] [main/DEBUG] [net.neoforged.accesstransformer.AccessTransformer/AXFORM]: Transforming net.minecraft.client.gui.Font FIELD fonts to access PUBLIC and LEAVE
[31mar2026 20:39:21.282] [main/DEBUG] [net.neoforged.accesstransformer.AccessTransformer/AXFORM]: Transforming net.minecraft.client.gui.Font FIELD filterFishyGlyphs to access PUBLIC and LEAVE
[31mar2026 20:39:21.282] [main/DEBUG] [net.neoforged.accesstransformer.AccessTransformer/AXFORM]: Transforming net.minecraft.client.gui.Font FIELD splitter to access PUBLIC and REMOVEFINAL
[31mar2026 20:39:21.282] [main/DEBUG] [net.neoforged.accesstransformer.AccessTransformer/AXFORM]: Transforming net.minecraft.client.gui.Font METHOD getFontSet(Lnet/minecraft/resources/ResourceLocation;)Lnet/minecraft/client/gui/font/FontSet; to access PUBLIC and LEAVE
[31mar2026 20:39:21.282] [main/DEBUG] [net.neoforged.fml.common.asm.RuntimeDistCleaner/DISTXFORM]: Removing Class Annotation: net/minecraft/client/gui/Font @Lnet/neoforged/api/distmarker/OnlyIn;
[31mar2026 20:39:21.282] [main/TRACE] [mixin/]: Added class metadata for net/minecraft/client/gui/Font to metadata cache
[31mar2026 20:39:21.288] [main/DEBUG] [net.neoforged.accesstransformer.AccessTransformer/AXFORM]: Transforming net.minecraft.client.multiplayer.SessionSearchTrees INNERCLASS Key to access PUBLIC and LEAVE
[31mar2026 20:39:21.288] [main/DEBUG] [net.neoforged.accesstransformer.AccessTransformer/AXFORM]: Transforming net.minecraft.client.multiplayer.SessionSearchTrees FIELD CREATIVE_NAMES to access PUBLIC and LEAVE
[31mar2026 20:39:21.288] [main/DEBUG] [net.neoforged.accesstransformer.AccessTransformer/AXFORM]: Transforming net.minecraft.client.multiplayer.SessionSearchTrees FIELD CREATIVE_TAGS to access PUBLIC and LEAVE
[31mar2026 20:39:21.288] [main/DEBUG] [net.neoforged.fml.common.asm.RuntimeDistCleaner/DISTXFORM]: Removing Class Annotation: net/minecraft/client/multiplayer/SessionSearchTrees @Lnet/neoforged/api/distmarker/OnlyIn;
[31mar2026 20:39:21.288] [main/TRACE] [mixin/]: Added class metadata for net/minecraft/client/multiplayer/SessionSearchTrees to metadata cache
[31mar2026 20:39:21.288] [main/DEBUG] [net.neoforged.accesstransformer.AccessTransformer/AXFORM]: Transforming net.minecraft.client.gui.Font$StringRenderOutput CLASS to access PUBLIC and LEAVE
[31mar2026 20:39:21.288] [main/DEBUG] [net.neoforged.fml.common.asm.RuntimeDistCleaner/DISTXFORM]: Removing Class Annotation: net/minecraft/client/gui/Font$StringRenderOutput @Lnet/neoforged/api/distmarker/OnlyIn;
[31mar2026 20:39:21.288] [main/TRACE] [mixin/]: Added class metadata for net/minecraft/client/gui/Font$StringRenderOutput to metadata cache
[31mar2026 20:39:21.288] [main/DEBUG] [mixin/]: Preparing neoforge.mixins.json (2)
[31mar2026 20:39:21.313] [main/DEBUG] [net.neoforged.accesstransformer.AccessTransformer/AXFORM]: Transforming net.minecraft.world.level.block.entity.BlockEntityType INNERCLASS BlockEntitySupplier to access PUBLIC and LEAVE
[31mar2026 20:39:21.313] [main/TRACE] [mixin/]: Added class metadata for net/minecraft/world/level/block/entity/BlockEntityType to metadata cache
[31mar2026 20:39:21.313] [main/DEBUG] [mixin/]: Preparing mixinextras.init.mixins.json (0)
[31mar2026 20:39:21.353] [main/TRACE] [mixin/]: Added class metadata for net/minecraft/world/item/Item$TooltipContext to metadata cache
[31mar2026 20:39:21.353] [main/TRACE] [mixin/]: Added class metadata for java/lang/invoke/MethodHandles$Lookup to metadata cache
[31mar2026 20:39:21.353] [main/DEBUG] [net.neoforged.accesstransformer.AccessTransformer/AXFORM]: Transforming net.minecraft.world.level.block.state.BlockBehaviour$Properties FIELD explosionResistance to access PUBLIC and LEAVE
[31mar2026 20:39:21.353] [main/DEBUG] [net.neoforged.accesstransformer.AccessTransformer/AXFORM]: Transforming net.minecraft.world.level.block.state.BlockBehaviour$Properties FIELD destroyTime to access PUBLIC and LEAVE
[31mar2026 20:39:21.353] [main/DEBUG] [net.neoforged.accesstransformer.AccessTransformer/AXFORM]: Transforming net.minecraft.world.level.block.state.BlockBehaviour$Properties FIELD speedFactor to access PUBLIC and LEAVE
[31mar2026 20:39:21.353] [main/DEBUG] [net.neoforged.accesstransformer.AccessTransformer/AXFORM]: Transforming net.minecraft.world.level.block.state.BlockBehaviour$Properties FIELD jumpFactor to access PUBLIC and LEAVE
[31mar2026 20:39:21.353] [main/TRACE] [mixin/]: Added class metadata for net/minecraft/world/level/block/state/BlockBehaviour$Properties to metadata cache
[31mar2026 20:39:21.353] [main/TRACE] [mixin/]: Added class metadata for net/minecraft/world/level/block/BushBlock to metadata cache
[31mar2026 20:39:21.386] [main/TRACE] [mixin/]: Added class metadata for net/minecraft/core/HolderLookup$Provider to metadata cache
[31mar2026 20:39:21.386] [main/TRACE] [mixin/]: Added class metadata for net/neoforged/neoforge/common/conditions/ICondition$IContext to metadata cache
[31mar2026 20:39:21.386] [main/TRACE] [mixin/]: Added class metadata for com/google/common/collect/ImmutableMultimap$Builder to metadata cache
[31mar2026 20:39:21.386] [main/TRACE] [mixin/]: Added class metadata for com/google/common/collect/ImmutableMap$Builder to metadata cache
[31mar2026 20:39:21.386] [main/TRACE] [mixin/]: Added class metadata for net/minecraft/server/packs/resources/SimpleJsonResourceReloadListener to metadata cache
[31mar2026 20:39:21.386] [main/TRACE] [mixin/]: Added class metadata for net/minecraft/core/RegistryAccess$Frozen to metadata cache
[31mar2026 20:39:21.399] [main/TRACE] [mixin/]: Added class metadata for net/minecraft/commands/Commands$CommandSelection to metadata cache
[31mar2026 20:39:21.399] [main/TRACE] [mixin/]: Added class metadata for net/minecraft/core/Holder$Reference to metadata cache
[31mar2026 20:39:21.409] [main/DEBUG] [net.neoforged.fml.common.asm.RuntimeDistCleaner/DISTXFORM]: Removing Class Annotation: net/minecraft/client/renderer/entity/EntityRendererProvider$Context @Lnet/neoforged/api/distmarker/OnlyIn;
[31mar2026 20:39:21.409] [main/TRACE] [mixin/]: Added class metadata for net/minecraft/client/renderer/entity/EntityRendererProvider$Context to metadata cache
[31mar2026 20:39:21.413] [main/DEBUG] [net.neoforged.accesstransformer.AccessTransformer/AXFORM]: Transforming net.minecraft.client.renderer.entity.LivingEntityRenderer METHOD addLayer(Lnet/minecraft/client/renderer/entity/layers/RenderLayer;)Z to access PUBLIC and LEAVE
[31mar2026 20:39:21.413] [main/DEBUG] [net.neoforged.fml.common.asm.RuntimeDistCleaner/DISTXFORM]: Removing Class Annotation: net/minecraft/client/renderer/entity/LivingEntityRenderer @Lnet/neoforged/api/distmarker/OnlyIn;
[31mar2026 20:39:21.413] [main/TRACE] [mixin/]: Added class metadata for net/minecraft/client/renderer/entity/LivingEntityRenderer to metadata cache
[31mar2026 20:39:21.470] [main/DEBUG] [net.neoforged.fml.common.asm.RuntimeDistCleaner/DISTXFORM]: Removing Class Annotation: net/minecraft/client/gui/Font$DisplayMode @Lnet/neoforged/api/distmarker/OnlyIn;
[31mar2026 20:39:21.470] [main/TRACE] [mixin/]: Added class metadata for net/minecraft/client/gui/Font$DisplayMode to metadata cache
[31mar2026 20:39:21.470] [main/DEBUG] [mixin/]: Prepared 18 mixins in 1,482 sec (82,3ms avg) (0ms load, 0ms transform, 0ms plugin)
[31mar2026 20:39:21.487] [main/DEBUG] [net.neoforged.fml.common.asm.RuntimeDistCleaner/DISTXFORM]: Removing Class Annotation: net/minecraft/client/gui/screens/LoadingOverlay @Lnet/neoforged/api/distmarker/OnlyIn;
[31mar2026 20:39:21.495] [main/DEBUG] [net.neoforged.fml.common.asm.RuntimeDistCleaner/DISTXFORM]: Removing Class Annotation: net/minecraft/client/gui/screens/Overlay @Lnet/neoforged/api/distmarker/OnlyIn;
[31mar2026 20:39:21.498] [main/DEBUG] [net.neoforged.fml.common.asm.RuntimeDistCleaner/DISTXFORM]: Removing Class Annotation: net/minecraft/client/gui/components/Renderable @Lnet/neoforged/api/distmarker/OnlyIn;
[31mar2026 20:39:21.500] [main/DEBUG] [net.neoforged.fml.common.asm.RuntimeDistCleaner/DISTXFORM]: Removing Class Annotation: net/minecraft/client/renderer/texture/AbstractTexture @Lnet/neoforged/api/distmarker/OnlyIn;
[31mar2026 20:39:21.503] [main/DEBUG] [net.neoforged.fml.common.asm.RuntimeDistCleaner/DISTXFORM]: Removing Class Annotation: net/minecraft/client/gui/screens/LoadingOverlay$LogoTexture @Lnet/neoforged/api/distmarker/OnlyIn;
[31mar2026 20:39:21.506] [main/DEBUG] [net.neoforged.fml.common.asm.RuntimeDistCleaner/DISTXFORM]: Removing Class Annotation: net/minecraft/client/renderer/texture/SimpleTexture @Lnet/neoforged/api/distmarker/OnlyIn;
[31mar2026 20:39:21.506] [main/DEBUG] [net.neoforged.fml.common.asm.RuntimeDistCleaner/DISTXFORM]: Removing Class Annotation: com/mojang/blaze3d/vertex/VertexConsumer @Lnet/neoforged/api/distmarker/OnlyIn;
[31mar2026 20:39:21.541] [main/DEBUG] [net.neoforged.accesstransformer.AccessTransformer/AXFORM]: Transforming net.minecraft.client.gui.GuiGraphics METHOD blitSprite(Lnet/minecraft/client/renderer/texture/TextureAtlasSprite;IIIIIIIII)V to access PUBLIC and LEAVE
[31mar2026 20:39:21.541] [main/DEBUG] [net.neoforged.accesstransformer.AccessTransformer/AXFORM]: Transforming net.minecraft.client.gui.GuiGraphics METHOD blitTiledSprite(Lnet/minecraft/client/renderer/texture/TextureAtlasSprite;IIIIIIIIIII)V to access PUBLIC and LEAVE
[31mar2026 20:39:21.541] [main/DEBUG] [net.neoforged.fml.common.asm.RuntimeDistCleaner/DISTXFORM]: Removing Class Annotation: net/minecraft/client/gui/GuiGraphics @Lnet/neoforged/api/distmarker/OnlyIn;
[31mar2026 20:39:21.571] [main/DEBUG] [net.neoforged.accesstransformer.AccessTransformer/AXFORM]: Transforming net.minecraft.client.Minecraft FIELD pendingConnection to access PUBLIC and LEAVE
[31mar2026 20:39:21.571] [main/DEBUG] [net.neoforged.accesstransformer.AccessTransformer/AXFORM]: Transforming net.minecraft.client.Minecraft METHOD addCustomNbtData(Lnet/minecraft/world/item/ItemStack;Lnet/minecraft/world/level/block/entity/BlockEntity;Lnet/minecraft/core/RegistryAccess;)V to access PUBLIC and LEAVE
[31mar2026 20:39:21.571] [main/DEBUG] [net.neoforged.fml.common.asm.RuntimeDistCleaner/DISTXFORM]: Removing Class Annotation: net/minecraft/client/Minecraft @Lnet/neoforged/api/distmarker/OnlyIn;
[31mar2026 20:39:21.628] [main/DEBUG] [net.neoforged.fml.common.asm.RuntimeDistCleaner/DISTXFORM]: Removing Class Annotation: com/mojang/blaze3d/platform/WindowEventHandler @Lnet/neoforged/api/distmarker/OnlyIn;
[31mar2026 20:39:21.634] [main/DEBUG] [net.neoforged.accesstransformer.AccessTransformer/AXFORM]: Transforming net.minecraft.util.thread.BlockableEventLoop METHOD submitAsync(Ljava/lang/Runnable;)Ljava/util/concurrent/CompletableFuture; to access PUBLIC and LEAVE
[31mar2026 20:39:22.826] [main/DEBUG] [io.netty.util.internal.logging.InternalLoggerFactory/]: Using SLF4J as the default logging framework
[31mar2026 20:39:22.826] [main/DEBUG] [io.netty.util.ResourceLeakDetector/]: -Dio.netty.leakDetection.level: simple
[31mar2026 20:39:22.826] [main/DEBUG] [io.netty.util.ResourceLeakDetector/]: -Dio.netty.leakDetection.targetRecords: 4
[31mar2026 20:39:25.641] [pool-2-thread-1/INFO] [EARLYDISPLAY/]: GL info: GeForce GT 520/PCIe/SSE2 GL version 4.6.0 NVIDIA 388.13, NVIDIA Corporation
[31mar2026 20:39:27.708] [main/DEBUG] [oshi.util.FileUtil/]: No oshi.properties file found from ClassLoader cpw.mods.modlauncher.TransformingClassLoader@4b869331
[31mar2026 20:39:33.053] [Datafixer Bootstrap/INFO] [com.mojang.datafixers.DataFixerBuilder/]: 229 Datafixer optimizations took 5511 milliseconds
[31mar2026 20:39:33.352] [main/DEBUG] [oshi.util.FileUtil/]: No oshi.architecture.properties file found from ClassLoader cpw.mods.modlauncher.TransformingClassLoader@4b869331
[31mar2026 20:39:33.811] [pool-5-thread-1/INFO] [MixinExtras|Service/]: Initializing MixinExtras via com.llamalad7.mixinextras.service.MixinExtrasServiceImpl(version=0.5.0).
[31mar2026 20:39:33.827] [pool-5-thread-1/DEBUG] [mixin/]: Registering new injector for @SugarWrapper with com.llamalad7.mixinextras.sugar.impl.SugarWrapperInjectionInfo
[31mar2026 20:39:33.829] [pool-5-thread-1/DEBUG] [mixin/]: Registering new injector for @FactoryRedirectWrapper with com.llamalad7.mixinextras.wrapper.factory.FactoryRedirectWrapperInjectionInfo
[31mar2026 20:39:33.830] [pool-5-thread-1/DEBUG] [mixin/]: Registering new injector for @ExpressionInjectorWrapper with com.llamalad7.mixinextras.expression.impl.wrapper.ExpressionInjectorWrapperInjectionInfo
[31mar2026 20:39:33.861] [pool-5-thread-1/DEBUG] [mixin/]: Mixing accessor.MappedRegistryAccessor from avaritia.mixins.json into net.minecraft.core.MappedRegistry
[31mar2026 20:39:33.867] [pool-5-thread-1/DEBUG] [mixin/]: avaritia.mixins.json:accessor.MappedRegistryAccessor from mod avaritia: Class version 65 required is higher than the class version supported by the current version of Mixin (JAVA_20 supports class version 64)
[31mar2026 20:39:33.932] [pool-5-thread-1/DEBUG] [mixin/]: Mixing MappedRegistryAccessor from neoforge.mixins.json into net.minecraft.core.MappedRegistry
[31mar2026 20:39:33.934] [pool-5-thread-1/DEBUG] [mixin/]: neoforge.mixins.json:MappedRegistryAccessor from mod neoforge: Class version 65 required is higher than the class version supported by the current version of Mixin (JAVA_20 supports class version 64)
[31mar2026 20:39:34.429] [pool-5-thread-1/DEBUG] [mixin/]: Mixing EntityAccess from jade.mixins.json into net.minecraft.world.entity.Entity
[31mar2026 20:39:34.432] [pool-5-thread-1/DEBUG] [mixin/]: jade.mixins.json:EntityAccess from mod jade: Class version 65 required is higher than the class version supported by the current version of Mixin (JAVA_16 supports class version 60)
[31mar2026 20:39:34.585] [pool-5-thread-1/DEBUG] [mixin/]: Mixing PlayerMixin from avaritia.mixins.json into net.minecraft.world.entity.player.Player
[31mar2026 20:39:34.641] [pool-5-thread-1/DEBUG] [mixin/]: avaritia.mixins.json:PlayerMixin from mod avaritia: Class version 65 required is higher than the class version supported by the current version of Mixin (JAVA_20 supports class version 64)
[31mar2026 20:39:34.748] [pool-5-thread-1/DEBUG] [mixin/]: avaritia.mixins.json:PlayerMixin from mod avaritia->@Inject::onBlockUsingShield(Lnet/minecraft/world/entity/LivingEntity;Lorg/spongepowered/asm/mixin/injection/callback/CallbackInfo;)V does use it's CallbackInfo
[31mar2026 20:39:35.917] [pool-5-thread-1/DEBUG] [mixin/]: Mixing NetherWartBlockMixin from avaritia.mixins.json into net.minecraft.world.level.block.NetherWartBlock
[31mar2026 20:39:35.917] [pool-5-thread-1/DEBUG] [mixin/]: avaritia.mixins.json:NetherWartBlockMixin from mod avaritia: Class version 65 required is higher than the class version supported by the current version of Mixin (JAVA_20 supports class version 64)
[31mar2026 20:39:36.073] [pool-5-thread-1/DEBUG] [mixin/]: avaritia.mixins.json:NetherWartBlockMixin from mod avaritia->@Inject::avaritia$mayPlaceOn(Lnet/minecraft/world/level/block/state/BlockState;Lnet/minecraft/world/level/BlockGetter;Lnet/minecraft/core/BlockPos;Lorg/spongepowered/asm/mixin/injection/callback/CallbackInfoReturnable;)V does use it's CallbackInfoReturnable
[31mar2026 20:39:38.096] [pool-5-thread-1/DEBUG] [mixin/]: Mixing BlockEntityTypeAccessor from neoforge.mixins.json into net.minecraft.world.level.block.entity.BlockEntityType
[31mar2026 20:39:38.096] [pool-5-thread-1/DEBUG] [mixin/]: neoforge.mixins.json:BlockEntityTypeAccessor from mod neoforge: Class version 65 required is higher than the class version supported by the current version of Mixin (JAVA_20 supports class version 64)
[31mar2026 20:39:38.330] [pool-5-thread-1/DEBUG] [mixin/]: Mixing AbstractFurnaceBlockEntityAccess from jade.mixins.json into net.minecraft.world.level.block.entity.AbstractFurnaceBlockEntity
[31mar2026 20:39:38.330] [pool-5-thread-1/DEBUG] [mixin/]: jade.mixins.json:AbstractFurnaceBlockEntityAccess from mod jade: Class version 65 required is higher than the class version supported by the current version of Mixin (JAVA_16 supports class version 60)
[31mar2026 20:39:38.830] [pool-5-thread-1/DEBUG] [mixin/]: Mixing ItemStackMixin from avaritia.mixins.json into net.minecraft.world.item.ItemStack
[31mar2026 20:39:38.830] [pool-5-thread-1/DEBUG] [mixin/]: avaritia.mixins.json:ItemStackMixin from mod avaritia: Class version 65 required is higher than the class version supported by the current version of Mixin (JAVA_20 supports class version 64)
[31mar2026 20:39:38.862] [pool-5-thread-1/DEBUG] [mixin/]: avaritia.mixins.json:ItemStackMixin from mod avaritia->@Inject::onHurtAndBreak(ILnet/minecraft/server/level/ServerLevel;Lnet/minecraft/world/entity/LivingEntity;Ljava/util/function/Consumer;Lorg/spongepowered/asm/mixin/injection/callback/CallbackInfo;)V does use it's CallbackInfo
[31mar2026 20:39:43.789] [pool-5-thread-1/DEBUG] [mixin/]: Mixing ItemMixin from avaritia.mixins.json into net.minecraft.world.item.Item
[31mar2026 20:39:43.789] [pool-5-thread-1/DEBUG] [mixin/]: avaritia.mixins.json:ItemMixin from mod avaritia: Class version 65 required is higher than the class version supported by the current version of Mixin (JAVA_20 supports class version 64)
[31mar2026 20:39:43.867] [pool-5-thread-1/DEBUG] [mixin/]: avaritia.mixins.json:ItemMixin from mod avaritia->@Inject::avaritia$appendHoverText(Lnet/minecraft/world/item/ItemStack;Lnet/minecraft/world/item/Item$TooltipContext;Ljava/util/List;Lnet/minecraft/world/item/TooltipFlag;Lorg/spongepowered/asm/mixin/injection/callback/CallbackInfo;)V doesn't use it's CallbackInfo
[31mar2026 20:39:43.867] [pool-5-thread-1/DEBUG] [mixin/]: avaritia.mixins.json:ItemMixin from mod avaritia->@Inject::avaritia$appendHoverText(Lnet/minecraft/world/item/ItemStack;Lnet/minecraft/world/item/Item$TooltipContext;Ljava/util/List;Lnet/minecraft/world/item/TooltipFlag;Lorg/spongepowered/asm/mixin/injection/callback/CallbackInfo;)V has 0 override(s) in child classes
[31mar2026 20:39:43.867] [pool-5-thread-1/DEBUG] [mixin/]: avaritia.mixins.json:ItemMixin from mod avaritia->@Inject::avaritia$appendHoverText(Lnet/minecraft/world/item/ItemStack;Lnet/minecraft/world/item/Item$TooltipContext;Ljava/util/List;Lnet/minecraft/world/item/TooltipFlag;Lorg/spongepowered/asm/mixin/injection/callback/CallbackInfo;)V won't be passed a CallbackInfo as a result
[31mar2026 20:39:44.851] [pool-5-thread-1/DEBUG] [io.netty.util.internal.PlatformDependent0/]: -Dio.netty.noUnsafe: false
[31mar2026 20:39:44.851] [pool-5-thread-1/DEBUG] [io.netty.util.internal.PlatformDependent0/]: Java version: 21
[31mar2026 20:39:44.851] [pool-5-thread-1/DEBUG] [io.netty.util.internal.PlatformDependent0/]: sun.misc.Unsafe.theUnsafe: available
[31mar2026 20:39:44.851] [pool-5-thread-1/DEBUG] [io.netty.util.internal.PlatformDependent0/]: sun.misc.Unsafe.copyMemory: available
[31mar2026 20:39:44.851] [pool-5-thread-1/DEBUG] [io.netty.util.internal.PlatformDependent0/]: sun.misc.Unsafe.storeFence: available
[31mar2026 20:39:44.851] [pool-5-thread-1/DEBUG] [io.netty.util.internal.PlatformDependent0/]: java.nio.Buffer.address: available
[31mar2026 20:39:44.882] [pool-5-thread-1/DEBUG] [io.netty.util.internal.PlatformDependent0/]: java.nio.Bits.unaligned: available, true
[31mar2026 20:39:44.882] [pool-5-thread-1/DEBUG] [io.netty.util.internal.PlatformDependent0/]: java.nio.DirectByteBuffer.<init>(long, {int,long}): unavailable
[31mar2026 20:39:44.882] [pool-5-thread-1/DEBUG] [io.netty.util.internal.PlatformDependent/]: sun.misc.Unsafe: available
[31mar2026 20:39:44.914] [pool-5-thread-1/DEBUG] [io.netty.util.internal.PlatformDependent/]: maxDirectMemory: 2147483648 bytes (maybe)
[31mar2026 20:39:44.914] [pool-5-thread-1/DEBUG] [io.netty.util.internal.PlatformDependent/]: -Dio.netty.tmpdir: C:\Users\SrNadien\AppData\Local\Temp (java.io.tmpdir)
[31mar2026 20:39:44.914] [pool-5-thread-1/DEBUG] [io.netty.util.internal.PlatformDependent/]: -Dio.netty.bitMode: 64 (sun.arch.data.model)
[31mar2026 20:39:44.914] [pool-5-thread-1/DEBUG] [io.netty.util.internal.PlatformDependent/]: Platform: Windows
[31mar2026 20:39:44.914] [pool-5-thread-1/DEBUG] [io.netty.util.internal.PlatformDependent/]: -Dio.netty.maxDirectMemory: -1 bytes
[31mar2026 20:39:44.914] [pool-5-thread-1/DEBUG] [io.netty.util.internal.PlatformDependent/]: -Dio.netty.uninitializedArrayAllocationThreshold: -1
[31mar2026 20:39:44.914] [pool-5-thread-1/DEBUG] [io.netty.util.internal.CleanerJava9/]: java.nio.ByteBuffer.cleaner(): available
[31mar2026 20:39:44.929] [pool-5-thread-1/DEBUG] [io.netty.util.internal.PlatformDependent/]: -Dio.netty.noPreferDirect: false
[31mar2026 20:39:53.192] [pool-5-thread-1/DEBUG] [net.neoforged.neoforge.registries.GameData/REGISTRIES]: Creating vanilla freeze snapshot
[31mar2026 20:39:53.280] [pool-5-thread-1/DEBUG] [net.neoforged.neoforge.registries.GameData/REGISTRIES]: Vanilla freeze snapshot created
[31mar2026 20:39:56.045] [main/WARN] [net.minecraft.commands.Commands/]: Ambiguity between arguments [teleport, location] and [teleport, destination] with inputs: [0.1 -0.5 .9, 0 0 0]
[31mar2026 20:39:56.061] [main/WARN] [net.minecraft.commands.Commands/]: Ambiguity between arguments [teleport, location] and [teleport, targets] with inputs: [0.1 -0.5 .9, 0 0 0]
[31mar2026 20:39:56.061] [main/WARN] [net.minecraft.commands.Commands/]: Ambiguity between arguments [teleport, destination] and [teleport, targets] with inputs: [Player, 0123, @e, dd12be42-52a9-4a91-a8a1-11c01849e498]
[31mar2026 20:39:56.076] [main/WARN] [net.minecraft.commands.Commands/]: Ambiguity between arguments [teleport, targets] and [teleport, destination] with inputs: [Player, 0123, dd12be42-52a9-4a91-a8a1-11c01849e498]
[31mar2026 20:39:56.092] [main/WARN] [net.minecraft.commands.Commands/]: Ambiguity between arguments [teleport, targets, location] and [teleport, targets, destination] with inputs: [0.1 -0.5 .9, 0 0 0]
[31mar2026 20:39:56.714] [Render thread/WARN] [net.minecraft.server.packs.VanillaPackResourcesBuilder/]: Assets URL 'union:/C:/Users/SrNadien/Documents/Ultimate-Foods/.gradle/repositories/ng_dummy_ng/net/neoforged/neoforge/21.1.215/neoforge-21.1.215.jar%23195!/assets/.mcassetsroot' uses unexpected schema
[31mar2026 20:39:56.715] [Render thread/WARN] [net.minecraft.server.packs.VanillaPackResourcesBuilder/]: Assets URL 'union:/C:/Users/SrNadien/Documents/Ultimate-Foods/.gradle/repositories/ng_dummy_ng/net/neoforged/neoforge/21.1.215/neoforge-21.1.215.jar%23195!/data/.mcassetsroot' uses unexpected schema
[31mar2026 20:39:56.820] [Render thread/INFO] [com.mojang.authlib.yggdrasil.YggdrasilAuthenticationService/]: Environment: Environment[sessionHost=https://sessionserver.mojang.com, servicesHost=https://api.minecraftservices.com, name=PROD]
[31mar2026 20:39:56.876] [Render thread/INFO] [net.minecraft.client.Minecraft/]: Setting user: Dev
[31mar2026 20:39:57.298] [Render thread/INFO] [net.minecraft.client.Minecraft/]: Backend library: LWJGL version 3.3.3+5
[31mar2026 20:39:58.487] [Render thread/DEBUG] [net.neoforged.fml.ModWorkManager/LOADING]: Using 2 threads for parallel mod-loading
[31mar2026 20:39:58.557] [Render thread/DEBUG] [net.neoforged.fml.javafmlmod.FMLModContainer/LOADING]: Creating FMLModContainer instance for [nadiendev.ultimatefoods.UltimateFoodsCore]
[31mar2026 20:39:58.566] [Render thread/DEBUG] [net.neoforged.fml.javafmlmod.FMLModContainer/LOADING]: Creating FMLModContainer instance for [committee.nova.mods.avaritia.Avaritia]
[31mar2026 20:39:58.570] [Render thread/DEBUG] [net.neoforged.fml.javafmlmod.FMLModContainer/LOADING]: Creating FMLModContainer instance for [snownee.jade.util.CommonProxy]
[31mar2026 20:39:58.575] [Render thread/DEBUG] [net.neoforged.fml.javafmlmod.FMLModContainer/LOADING]: Creating FMLModContainer instance for [squeek.appleskin.AppleSkin]
[31mar2026 20:39:58.579] [Render thread/DEBUG] [net.neoforged.fml.javafmlmod.FMLModContainer/LOADING]: Creating FMLModContainer instance for [net.neoforged.neoforge.common.NeoForgeMod, net.neoforged.neoforge.client.ClientNeoForgeMod]
[31mar2026 20:39:58.628] [Render thread/DEBUG] [net.neoforged.fml.javafmlmod.FMLModContainer/LOADING]: Creating FMLModContainer instance for [mezz.jei.neoforge.JustEnoughItems]
[31mar2026 20:39:58.667] [modloading-worker-0/INFO] [nadiendev.ultimatefoods.UltimateFoodsCore/]: Inicializando Ultimate Foods Mod...
[31mar2026 20:39:58.778] [modloading-worker-0/DEBUG] [net.neoforged.fml.config.ConfigTracker/CONFIG]: Config file avaritia-common.toml for avaritia tracking
[31mar2026 20:39:58.934] [modloading-worker-0/INFO] [nadiendev.ultimatefoods.UltimateFoodsCore/]: Avaritia detectado — items y data components registrados
[31mar2026 20:39:58.981] [modloading-worker-0/INFO] [nadiendev.ultimatefoods.UltimateFoodsCore/]: Ultimate Foods Mod inicializado correctamente!
[31mar2026 20:39:58.983] [modloading-worker-0/DEBUG] [net.neoforged.fml.javafmlmod.AutomaticEventSubscriber/LOADING]: Attempting to inject @EventBusSubscriber classes into the eventbus for ultimatefoods
[31mar2026 20:39:58.986] [modloading-worker-0/DEBUG] [net.neoforged.fml.javafmlmod.AutomaticEventSubscriber/LOADING]: Scanning class nadiendev.ultimatefoods.enchant.AutoSmeltBlockHandler for @SubscribeEvent-annotated methods
[31mar2026 20:39:58.993] [modloading-worker-0/DEBUG] [net.neoforged.fml.javafmlmod.AutomaticEventSubscriber/]: Subscribing @EventBusSubscriber class Lnadiendev/ultimatefoods/enchant/AutoSmeltBlockHandler; to the game event bus
[31mar2026 20:39:59.000] [modloading-worker-0/DEBUG] [net.neoforged.fml.javafmlmod.AutomaticEventSubscriber/LOADING]: Scanning class nadiendev.ultimatefoods.enchant.AutoSmeltEventHandler for @SubscribeEvent-annotated methods
[31mar2026 20:39:59.004] [modloading-worker-0/DEBUG] [net.neoforged.fml.javafmlmod.AutomaticEventSubscriber/]: Subscribing @EventBusSubscriber class Lnadiendev/ultimatefoods/enchant/AutoSmeltEventHandler; to the game event bus
[31mar2026 20:39:59.044] [modloading-worker-0/DEBUG] [net.neoforged.fml.javafmlmod.AutomaticEventSubscriber/LOADING]: Scanning class nadiendev.ultimatefoods.events.ClientSetup for @SubscribeEvent-annotated methods
[31mar2026 20:39:59.049] [modloading-worker-0/DEBUG] [net.neoforged.fml.javafmlmod.AutomaticEventSubscriber/]: Subscribing @EventBusSubscriber class Lnadiendev/ultimatefoods/events/ClientSetup; to the mod event bus of mod ultimatefoods
[31mar2026 20:39:59.051] [modloading-worker-0/DEBUG] [net.neoforged.fml.javafmlmod.AutomaticEventSubscriber/LOADING]: Scanning class nadiendev.ultimatefoods.events.NetheriteDaggerInteraction for @SubscribeEvent-annotated methods
[31mar2026 20:39:59.054] [modloading-worker-0/DEBUG] [net.neoforged.fml.javafmlmod.AutomaticEventSubscriber/]: Subscribing @EventBusSubscriber class Lnadiendev/ultimatefoods/events/NetheriteDaggerInteraction; to the game event bus
[31mar2026 20:39:59.055] [modloading-worker-0/DEBUG] [net.neoforged.fml.javafmlmod.AutomaticEventSubscriber/LOADING]: Scanning class nadiendev.ultimatefoods.events.PoopEffectHandler for @SubscribeEvent-annotated methods
[31mar2026 20:39:59.058] [modloading-worker-0/DEBUG] [net.neoforged.fml.javafmlmod.AutomaticEventSubscriber/]: Subscribing @EventBusSubscriber class Lnadiendev/ultimatefoods/events/PoopEffectHandler; to the game event bus
[31mar2026 20:39:59.200] [modloading-worker-0/DEBUG] [net.neoforged.fml.javafmlmod.AutomaticEventSubscriber/LOADING]: Attempting to inject @EventBusSubscriber classes into the eventbus for jade
[31mar2026 20:39:59.243] [modloading-worker-0/DEBUG] [net.neoforged.fml.config.ConfigTracker/CONFIG]: Config file appleskin-client.toml for appleskin tracking
[31mar2026 20:39:59.259] [modloading-worker-0/DEBUG] [net.neoforged.fml.javafmlmod.AutomaticEventSubscriber/LOADING]: Attempting to inject @EventBusSubscriber classes into the eventbus for avaritia
[31mar2026 20:39:59.261] [modloading-worker-0/DEBUG] [net.neoforged.fml.javafmlmod.AutomaticEventSubscriber/LOADING]: Scanning class committee.nova.mods.avaritia.init.handler.SingularityHandler for @SubscribeEvent-annotated methods
[31mar2026 20:39:59.264] [modloading-worker-0/DEBUG] [net.neoforged.fml.javafmlmod.AutomaticEventSubscriber/]: Subscribing @EventBusSubscriber class Lcommittee/nova/mods/avaritia/init/handler/SingularityHandler; to the game event bus
[31mar2026 20:39:59.265] [modloading-worker-0/DEBUG] [net.neoforged.fml.javafmlmod.AutomaticEventSubscriber/LOADING]: Scanning class committee.nova.mods.avaritia.init.handler.ResourceReloadHandler for @SubscribeEvent-annotated methods
[31mar2026 20:39:59.267] [modloading-worker-0/DEBUG] [net.neoforged.fml.javafmlmod.AutomaticEventSubscriber/]: Subscribing @EventBusSubscriber class Lcommittee/nova/mods/avaritia/init/handler/ResourceReloadHandler; to the game event bus
[31mar2026 20:39:59.269] [modloading-worker-0/DEBUG] [net.neoforged.fml.javafmlmod.AutomaticEventSubscriber/LOADING]: Scanning class committee.nova.mods.avaritia.init.handler.PackResourceHandler for @SubscribeEvent-annotated methods
[31mar2026 20:39:59.272] [modloading-worker-0/DEBUG] [net.neoforged.fml.javafmlmod.AutomaticEventSubscriber/]: Subscribing @EventBusSubscriber class Lcommittee/nova/mods/avaritia/init/handler/PackResourceHandler; to the mod event bus of mod avaritia
[31mar2026 20:39:59.273] [modloading-worker-0/DEBUG] [net.neoforged.fml.javafmlmod.AutomaticEventSubscriber/LOADING]: Scanning class committee.nova.mods.avaritia.init.handler.NetworkHandler for @SubscribeEvent-annotated methods
[31mar2026 20:39:59.285] [modloading-worker-0/DEBUG] [net.neoforged.fml.javafmlmod.AutomaticEventSubscriber/LOADING]: Attempting to inject @EventBusSubscriber classes into the eventbus for appleskin
[31mar2026 20:39:59.328] [modloading-worker-0/DEBUG] [net.neoforged.neoforge.internal.versions.neoforge.NeoForgeVersion/CORE]: Found NeoForge version 21.1.215
[31mar2026 20:39:59.330] [modloading-worker-0/DEBUG] [net.neoforged.neoforge.internal.versions.neoforge.NeoForgeVersion/CORE]: Found FML version 4.0.42
[31mar2026 20:39:59.331] [modloading-worker-0/INFO] [net.neoforged.neoforge.common.NeoForgeMod/NEOFORGE-MOD]: NeoForge mod loading, version 21.1.215, for MC 1.21.1
[31mar2026 20:39:59.354] [modloading-worker-0/DEBUG] [net.neoforged.fml.config.ConfigTracker/CONFIG]: Config file neoforge-client.toml for neoforge tracking
[31mar2026 20:39:59.355] [modloading-worker-0/DEBUG] [net.neoforged.fml.config.ConfigTracker/CONFIG]: Config file neoforge-server.toml for neoforge tracking
[31mar2026 20:39:59.355] [modloading-worker-0/DEBUG] [net.neoforged.fml.config.ConfigTracker/CONFIG]: Config file neoforge-common.toml for neoforge tracking
[31mar2026 20:39:59.383] [modloading-worker-0/DEBUG] [net.neoforged.fml.javafmlmod.AutomaticEventSubscriber/]: Subscribing @EventBusSubscriber class Lcommittee/nova/mods/avaritia/init/handler/NetworkHandler; to the mod event bus of mod avaritia
[31mar2026 20:39:59.385] [modloading-worker-0/DEBUG] [net.neoforged.fml.javafmlmod.AutomaticEventSubscriber/LOADING]: Scanning class committee.nova.mods.avaritia.init.handler.ItemOverrideHandler for @SubscribeEvent-annotated methods
[31mar2026 20:39:59.388] [modloading-worker-0/DEBUG] [net.neoforged.fml.javafmlmod.AutomaticEventSubscriber/]: Subscribing @EventBusSubscriber class Lcommittee/nova/mods/avaritia/init/handler/ItemOverrideHandler; to the mod event bus of mod avaritia
[31mar2026 20:39:59.390] [modloading-worker-0/DEBUG] [net.neoforged.fml.javafmlmod.AutomaticEventSubscriber/LOADING]: Scanning class committee.nova.mods.avaritia.init.handler.InternalRecipeHandler for @SubscribeEvent-annotated methods
[31mar2026 20:39:59.392] [modloading-worker-0/DEBUG] [net.neoforged.fml.javafmlmod.AutomaticEventSubscriber/]: Subscribing @EventBusSubscriber class Lcommittee/nova/mods/avaritia/init/handler/InternalRecipeHandler; to the game event bus
[31mar2026 20:39:59.393] [modloading-worker-0/DEBUG] [net.neoforged.fml.javafmlmod.AutomaticEventSubscriber/LOADING]: Scanning class committee.nova.mods.avaritia.init.handler.InfinityHandler for @SubscribeEvent-annotated methods
[31mar2026 20:39:59.400] [modloading-worker-0/DEBUG] [net.neoforged.fml.javafmlmod.AutomaticEventSubscriber/]: Subscribing @EventBusSubscriber class Lcommittee/nova/mods/avaritia/init/handler/InfinityHandler; to the game event bus
[31mar2026 20:39:59.405] [modloading-worker-0/DEBUG] [net.neoforged.fml.javafmlmod.AutomaticEventSubscriber/LOADING]: Scanning class committee.nova.mods.avaritia.init.handler.InfinityClockHandler for @SubscribeEvent-annotated methods
[31mar2026 20:39:59.408] [modloading-worker-0/DEBUG] [net.neoforged.fml.javafmlmod.AutomaticEventSubscriber/]: Subscribing @EventBusSubscriber class Lcommittee/nova/mods/avaritia/init/handler/InfinityClockHandler; to the game event bus
[31mar2026 20:39:59.410] [modloading-worker-0/DEBUG] [net.neoforged.fml.javafmlmod.AutomaticEventSubscriber/LOADING]: Scanning class committee.nova.mods.avaritia.init.handler.DataPackSyncHandler for @SubscribeEvent-annotated methods
[31mar2026 20:39:59.412] [modloading-worker-0/DEBUG] [net.neoforged.fml.javafmlmod.AutomaticEventSubscriber/]: Subscribing @EventBusSubscriber class Lcommittee/nova/mods/avaritia/init/handler/DataPackSyncHandler; to the game event bus
[31mar2026 20:39:59.414] [modloading-worker-0/DEBUG] [net.neoforged.fml.javafmlmod.AutomaticEventSubscriber/LOADING]: Scanning class committee.nova.mods.avaritia.init.handler.CapHandler for @SubscribeEvent-annotated methods
[31mar2026 20:39:59.416] [modloading-worker-0/DEBUG] [net.neoforged.fml.javafmlmod.AutomaticEventSubscriber/]: Subscribing @EventBusSubscriber class Lcommittee/nova/mods/avaritia/init/handler/CapHandler; to the mod event bus of mod avaritia
[31mar2026 20:39:59.417] [modloading-worker-0/DEBUG] [net.neoforged.fml.javafmlmod.AutomaticEventSubscriber/LOADING]: Scanning class committee.nova.mods.avaritia.init.handler.AttributesHandler for @SubscribeEvent-annotated methods
[31mar2026 20:39:59.455] [modloading-worker-0/DEBUG] [net.neoforged.fml.javafmlmod.AutomaticEventSubscriber/]: Subscribing @EventBusSubscriber class Lcommittee/nova/mods/avaritia/init/handler/AttributesHandler; to the mod event bus of mod avaritia
[31mar2026 20:39:59.457] [modloading-worker-0/DEBUG] [net.neoforged.fml.javafmlmod.AutomaticEventSubscriber/LOADING]: Scanning class committee.nova.mods.avaritia.init.handler.AbilityHandler for @SubscribeEvent-annotated methods
[31mar2026 20:39:59.460] [modloading-worker-0/DEBUG] [net.neoforged.fml.javafmlmod.AutomaticEventSubscriber/]: Subscribing @EventBusSubscriber class Lcommittee/nova/mods/avaritia/init/handler/AbilityHandler; to the game event bus
[31mar2026 20:39:59.465] [modloading-worker-0/DEBUG] [net.neoforged.fml.javafmlmod.AutomaticEventSubscriber/LOADING]: Scanning class committee.nova.mods.avaritia.init.data.ModDataGen for @SubscribeEvent-annotated methods
[31mar2026 20:39:59.467] [modloading-worker-0/DEBUG] [net.neoforged.fml.javafmlmod.AutomaticEventSubscriber/]: Subscribing @EventBusSubscriber class Lcommittee/nova/mods/avaritia/init/data/ModDataGen; to the mod event bus of mod avaritia
[31mar2026 20:39:59.471] [modloading-worker-0/DEBUG] [net.neoforged.fml.javafmlmod.AutomaticEventSubscriber/LOADING]: Scanning class committee.nova.mods.avaritia.client.AvaritiaModClient for @SubscribeEvent-annotated methods
[31mar2026 20:39:59.491] [modloading-worker-0/DEBUG] [net.neoforged.fml.javafmlmod.AutomaticEventSubscriber/]: Subscribing @EventBusSubscriber class Lcommittee/nova/mods/avaritia/client/AvaritiaModClient; to the mod event bus of mod avaritia
[31mar2026 20:39:59.535] [modloading-worker-0/DEBUG] [net.neoforged.fml.javafmlmod.AutomaticEventSubscriber/LOADING]: Scanning class committee.nova.mods.avaritia.client.AvaritiaForgeClient for @SubscribeEvent-annotated methods
[31mar2026 20:39:59.542] [modloading-worker-0/DEBUG] [net.neoforged.fml.javafmlmod.AutomaticEventSubscriber/]: Subscribing @EventBusSubscriber class Lcommittee/nova/mods/avaritia/client/AvaritiaForgeClient; to the game event bus
[31mar2026 20:39:59.551] [modloading-worker-0/DEBUG] [net.neoforged.fml.config.ConfigTracker/CONFIG]: Config file jei-server.toml for jei tracking
[31mar2026 20:39:59.658] [modloading-worker-0/DEBUG] [net.neoforged.fml.javafmlmod.AutomaticEventSubscriber/LOADING]: Attempting to inject @EventBusSubscriber classes into the eventbus for neoforge
[31mar2026 20:39:59.661] [modloading-worker-0/DEBUG] [net.neoforged.fml.javafmlmod.AutomaticEventSubscriber/LOADING]: Scanning class net.neoforged.neoforge.server.command.ConfigCommand for @SubscribeEvent-annotated methods
[31mar2026 20:39:59.662] [modloading-worker-0/DEBUG] [net.neoforged.fml.javafmlmod.AutomaticEventSubscriber/]: Subscribing @EventBusSubscriber class Lnet/neoforged/neoforge/server/command/ConfigCommand; to the game event bus
[31mar2026 20:39:59.664] [modloading-worker-0/DEBUG] [net.neoforged.fml.javafmlmod.AutomaticEventSubscriber/LOADING]: Scanning class net.neoforged.neoforge.network.filters.GenericPacketSplitter for @SubscribeEvent-annotated methods
[31mar2026 20:39:59.708] [modloading-worker-0/DEBUG] [mezz.jei.common.platform.Services/]: Loaded mezz.jei.neoforge.platform.PlatformHelper@1b40e9d2 for service interface mezz.jei.common.platform.IPlatformHelper
[31mar2026 20:39:59.735] [modloading-worker-0/DEBUG] [mezz.jei.common.config.file.ConfigSchema/]: Localization has not loaded yet, waiting to save the config file until JEI starts.
[31mar2026 20:39:59.743] [modloading-worker-0/DEBUG] [mezz.jei.common.config.file.ConfigSchema/]: Localization has not loaded yet, waiting to save the config file until JEI starts.
[31mar2026 20:39:59.766] [modloading-worker-0/DEBUG] [mezz.jei.common.config.file.ConfigSchema/]: Localization has not loaded yet, waiting to save the config file until JEI starts.
[31mar2026 20:39:59.783] [modloading-worker-0/DEBUG] [io.netty.buffer.AbstractByteBuf/]: -Dio.netty.buffer.checkAccessible: true
[31mar2026 20:39:59.784] [modloading-worker-0/DEBUG] [mezz.jei.common.config.file.ConfigSchema/]: Localization has not loaded yet, waiting to save the config file until JEI starts.
[31mar2026 20:39:59.784] [modloading-worker-0/DEBUG] [io.netty.buffer.AbstractByteBuf/]: -Dio.netty.buffer.checkBounds: true
[31mar2026 20:39:59.787] [modloading-worker-0/DEBUG] [io.netty.util.ResourceLeakDetectorFactory/]: Loaded default ResourceLeakDetector: io.netty.util.ResourceLeakDetector@48130982
[31mar2026 20:39:59.790] [modloading-worker-0/INFO] [mezz.jei.library.load.PluginCaller/]: Sending ConfigManager...
[31mar2026 20:39:59.809] [modloading-worker-0/DEBUG] [mezz.jei.library.load.PluginCallerTimerRunnable/]: Sending ConfigManager: jei:minecraft...
[31mar2026 20:39:59.812] [modloading-worker-0/DEBUG] [mezz.jei.library.load.PluginCallerTimerRunnable/]: Sending ConfigManager: ultimatefoods:jei_plugin...
[31mar2026 20:39:59.815] [modloading-worker-0/DEBUG] [mezz.jei.library.load.PluginCallerTimerRunnable/]: Sending ConfigManager: avaritia:jei_plugin...
[31mar2026 20:39:59.815] [modloading-worker-0/DEBUG] [mezz.jei.library.load.PluginCallerTimerRunnable/]: Sending ConfigManager: jade:main...
[31mar2026 20:39:59.816] [modloading-worker-0/DEBUG] [mezz.jei.library.load.PluginCallerTimerRunnable/]: Sending ConfigManager: jei:neoforge_gui...
[31mar2026 20:39:59.816] [modloading-worker-0/DEBUG] [mezz.jei.library.load.PluginCallerTimerRunnable/]: Sending ConfigManager: jei:debug...
[31mar2026 20:39:59.816] [modloading-worker-0/DEBUG] [mezz.jei.library.load.PluginCallerTimerRunnable/]: Sending ConfigManager: jei:gui...
[31mar2026 20:39:59.816] [modloading-worker-0/DEBUG] [mezz.jei.library.load.PluginCallerTimerRunnable/]: Sending ConfigManager: jei:internal...
[31mar2026 20:39:59.817] [modloading-worker-0/INFO] [mezz.jei.library.load.PluginCaller/]: Sending ConfigManager took 25.07 milliseconds
[31mar2026 20:39:59.827] [modloading-worker-0/DEBUG] [net.neoforged.fml.javafmlmod.AutomaticEventSubscriber/LOADING]: Attempting to inject @EventBusSubscriber classes into the eventbus for jei
[31mar2026 20:39:59.889] [modloading-worker-0/DEBUG] [io.netty.util.internal.InternalThreadLocalMap/]: -Dio.netty.threadLocalMap.stringBuilder.initialSize: 1024
[31mar2026 20:39:59.890] [modloading-worker-0/DEBUG] [io.netty.util.internal.InternalThreadLocalMap/]: -Dio.netty.threadLocalMap.stringBuilder.maxSize: 4096
[31mar2026 20:39:59.897] [modloading-worker-0/DEBUG] [io.netty.buffer.PooledByteBufAllocator/]: -Dio.netty.allocator.numHeapArenas: 4
[31mar2026 20:39:59.897] [modloading-worker-0/DEBUG] [io.netty.buffer.PooledByteBufAllocator/]: -Dio.netty.allocator.numDirectArenas: 4
[31mar2026 20:39:59.897] [modloading-worker-0/DEBUG] [io.netty.buffer.PooledByteBufAllocator/]: -Dio.netty.allocator.pageSize: 8192
[31mar2026 20:39:59.898] [modloading-worker-0/DEBUG] [io.netty.buffer.PooledByteBufAllocator/]: -Dio.netty.allocator.maxOrder: 9
[31mar2026 20:39:59.898] [modloading-worker-0/DEBUG] [io.netty.buffer.PooledByteBufAllocator/]: -Dio.netty.allocator.chunkSize: 4194304
[31mar2026 20:39:59.898] [modloading-worker-0/DEBUG] [io.netty.buffer.PooledByteBufAllocator/]: -Dio.netty.allocator.smallCacheSize: 256
[31mar2026 20:39:59.898] [modloading-worker-0/DEBUG] [io.netty.buffer.PooledByteBufAllocator/]: -Dio.netty.allocator.normalCacheSize: 64
[31mar2026 20:39:59.898] [modloading-worker-0/DEBUG] [io.netty.buffer.PooledByteBufAllocator/]: -Dio.netty.allocator.maxCachedBufferCapacity: 32768
[31mar2026 20:39:59.898] [modloading-worker-0/DEBUG] [io.netty.buffer.PooledByteBufAllocator/]: -Dio.netty.allocator.cacheTrimInterval: 8192
[31mar2026 20:39:59.898] [modloading-worker-0/DEBUG] [io.netty.buffer.PooledByteBufAllocator/]: -Dio.netty.allocator.cacheTrimIntervalMillis: 0
[31mar2026 20:39:59.899] [modloading-worker-0/DEBUG] [io.netty.buffer.PooledByteBufAllocator/]: -Dio.netty.allocator.useCacheForAllThreads: false
[31mar2026 20:39:59.899] [modloading-worker-0/DEBUG] [io.netty.buffer.PooledByteBufAllocator/]: -Dio.netty.allocator.maxCachedByteBuffersPerChunk: 1023
[31mar2026 20:39:59.917] [modloading-worker-0/DEBUG] [io.netty.buffer.ByteBufUtil/]: -Dio.netty.allocator.type: pooled
[31mar2026 20:39:59.917] [modloading-worker-0/DEBUG] [io.netty.buffer.ByteBufUtil/]: -Dio.netty.threadLocalDirectBufferSize: 0
[31mar2026 20:39:59.917] [modloading-worker-0/DEBUG] [io.netty.buffer.ByteBufUtil/]: -Dio.netty.maxThreadLocalCharBufferSize: 16384
[31mar2026 20:39:59.960] [modloading-worker-0/DEBUG] [net.neoforged.fml.javafmlmod.AutomaticEventSubscriber/]: Subscribing @EventBusSubscriber class Lnet/neoforged/neoforge/network/filters/GenericPacketSplitter; to the mod event bus of mod neoforge
[31mar2026 20:39:59.967] [modloading-worker-0/DEBUG] [net.neoforged.fml.javafmlmod.AutomaticEventSubscriber/LOADING]: Scanning class net.neoforged.neoforge.network.NetworkInitialization for @SubscribeEvent-annotated methods
[31mar2026 20:39:59.968] [modloading-worker-0/DEBUG] [net.neoforged.fml.javafmlmod.AutomaticEventSubscriber/]: Subscribing @EventBusSubscriber class Lnet/neoforged/neoforge/network/NetworkInitialization; to the mod event bus of mod neoforge
[31mar2026 20:39:59.970] [modloading-worker-0/DEBUG] [net.neoforged.fml.javafmlmod.AutomaticEventSubscriber/LOADING]: Scanning class net.neoforged.neoforge.network.ConfigurationInitialization for @SubscribeEvent-annotated methods
[31mar2026 20:39:59.977] [modloading-worker-0/DEBUG] [net.neoforged.fml.javafmlmod.AutomaticEventSubscriber/]: Subscribing @EventBusSubscriber class Lnet/neoforged/neoforge/network/ConfigurationInitialization; to the mod event bus of mod neoforge
[31mar2026 20:39:59.979] [modloading-worker-0/DEBUG] [net.neoforged.fml.javafmlmod.AutomaticEventSubscriber/LOADING]: Scanning class net.neoforged.neoforge.common.MonsterRoomHooks for @SubscribeEvent-annotated methods
[31mar2026 20:39:59.981] [modloading-worker-0/DEBUG] [net.neoforged.fml.javafmlmod.AutomaticEventSubscriber/]: Subscribing @EventBusSubscriber class Lnet/neoforged/neoforge/common/MonsterRoomHooks; to the game event bus
[31mar2026 20:39:59.982] [modloading-worker-0/DEBUG] [net.neoforged.fml.javafmlmod.AutomaticEventSubscriber/LOADING]: Scanning class net.neoforged.neoforge.common.DeferredSpawnEggItem$CommonHandler for @SubscribeEvent-annotated methods
[31mar2026 20:40:00.009] [modloading-worker-0/DEBUG] [net.neoforged.fml.javafmlmod.AutomaticEventSubscriber/]: Subscribing @EventBusSubscriber class Lnet/neoforged/neoforge/common/DeferredSpawnEggItem$CommonHandler; to the mod event bus of mod neoforge
[31mar2026 20:40:00.011] [modloading-worker-0/DEBUG] [net.neoforged.fml.javafmlmod.AutomaticEventSubscriber/LOADING]: Scanning class net.neoforged.neoforge.common.DeferredSpawnEggItem$ColorRegisterHandler for @SubscribeEvent-annotated methods
[31mar2026 20:40:00.016] [modloading-worker-0/DEBUG] [net.neoforged.fml.javafmlmod.AutomaticEventSubscriber/]: Subscribing @EventBusSubscriber class Lnet/neoforged/neoforge/common/DeferredSpawnEggItem$ColorRegisterHandler; to the mod event bus of mod neoforge
[31mar2026 20:40:00.018] [modloading-worker-0/DEBUG] [net.neoforged.fml.javafmlmod.AutomaticEventSubscriber/LOADING]: Scanning class net.neoforged.neoforge.client.model.data.ModelDataManager for @SubscribeEvent-annotated methods
[31mar2026 20:40:00.022] [modloading-worker-0/DEBUG] [net.neoforged.fml.javafmlmod.AutomaticEventSubscriber/]: Subscribing @EventBusSubscriber class Lnet/neoforged/neoforge/client/model/data/ModelDataManager; to the game event bus
[31mar2026 20:40:00.024] [modloading-worker-0/DEBUG] [net.neoforged.fml.javafmlmod.AutomaticEventSubscriber/LOADING]: Scanning class net.neoforged.neoforge.client.ParticleBoundsDebugRenderer for @SubscribeEvent-annotated methods
[31mar2026 20:40:00.031] [modloading-worker-0/DEBUG] [net.neoforged.fml.javafmlmod.AutomaticEventSubscriber/]: Subscribing @EventBusSubscriber class Lnet/neoforged/neoforge/client/ParticleBoundsDebugRenderer; to the game event bus
[31mar2026 20:40:00.033] [modloading-worker-0/DEBUG] [net.neoforged.fml.javafmlmod.AutomaticEventSubscriber/LOADING]: Scanning class net.neoforged.neoforge.client.ClientHooks$ClientEvents for @SubscribeEvent-annotated methods
[31mar2026 20:40:00.039] [modloading-worker-0/DEBUG] [net.neoforged.fml.javafmlmod.AutomaticEventSubscriber/]: Subscribing @EventBusSubscriber class Lnet/neoforged/neoforge/client/ClientHooks$ClientEvents; to the mod event bus of mod neoforge
[31mar2026 20:40:00.039] [modloading-worker-0/DEBUG] [net.neoforged.fml.javafmlmod.AutomaticEventSubscriber/LOADING]: Scanning class net.neoforged.neoforge.client.BlockEntityRenderBoundsDebugRenderer for @SubscribeEvent-annotated methods
[31mar2026 20:40:00.041] [modloading-worker-0/DEBUG] [net.neoforged.fml.javafmlmod.AutomaticEventSubscriber/]: Subscribing @EventBusSubscriber class Lnet/neoforged/neoforge/client/BlockEntityRenderBoundsDebugRenderer; to the game event bus
[31mar2026 20:40:00.043] [modloading-worker-0/DEBUG] [net.neoforged.fml.javafmlmod.AutomaticEventSubscriber/LOADING]: Scanning class net.neoforged.neoforge.attachment.AttachmentSync for @SubscribeEvent-annotated methods
[31mar2026 20:40:00.053] [modloading-worker-0/DEBUG] [net.neoforged.fml.javafmlmod.AutomaticEventSubscriber/]: Subscribing @EventBusSubscriber class Lnet/neoforged/neoforge/attachment/AttachmentSync; to the game event bus
[31mar2026 20:40:00.055] [modloading-worker-0/DEBUG] [net.neoforged.fml.javafmlmod.AutomaticEventSubscriber/LOADING]: Scanning class net.neoforged.neoforge.attachment.AttachmentInternals for @SubscribeEvent-annotated methods
[31mar2026 20:40:00.057] [modloading-worker-0/DEBUG] [net.neoforged.fml.javafmlmod.AutomaticEventSubscriber/]: Subscribing @EventBusSubscriber class Lnet/neoforged/neoforge/attachment/AttachmentInternals; to the game event bus
[31mar2026 20:40:00.186] [modloading-sync-worker/DEBUG] [net.neoforged.neoforge.registries.GameData/REGISTRIES]: Unfreezing registries
[31mar2026 20:40:00.535] [modloading-sync-worker/DEBUG] [mixin/]: Mixing CanItemPerformAbilityAccess from jade.mixins.json into net.neoforged.neoforge.common.loot.CanItemPerformAbility
[31mar2026 20:40:00.537] [modloading-sync-worker/DEBUG] [mixin/]: jade.mixins.json:CanItemPerformAbilityAccess from mod jade: Class version 65 required is higher than the class version supported by the current version of Mixin (JAVA_16 supports class version 60)
[31mar2026 20:40:00.999] [modloading-sync-worker/DEBUG] [net.neoforged.neoforge.registries.GameData/REGISTRIES]: Freezing registries
[31mar2026 20:40:01.080] [modloading-sync-worker/DEBUG] [net.neoforged.neoforge.registries.GameData/REGISTRIES]: All registries frozen
[31mar2026 20:40:01.171] [modloading-sync-worker/DEBUG] [net.neoforged.fml.config.ConfigTracker/CONFIG]: Loading configs type CLIENT
[31mar2026 20:40:01.205] [modloading-sync-worker/DEBUG] [net.neoforged.fml.config.ConfigTracker/CONFIG]: Loaded TOML config file C:\Users\SrNadien\Documents\Ultimate-Foods\run\config\appleskin-client.toml
[31mar2026 20:40:01.213] [modloading-sync-worker/DEBUG] [net.neoforged.fml.config.ConfigTracker/CONFIG]: Watching TOML config file C:\Users\SrNadien\Documents\Ultimate-Foods\run\config\appleskin-client.toml for changes
[31mar2026 20:40:01.219] [modloading-sync-worker/DEBUG] [net.neoforged.neoforge.common.NeoForgeConfig/FORGEMOD]: Loaded NeoForge config file neoforge-client.toml
[31mar2026 20:40:01.219] [modloading-sync-worker/DEBUG] [net.neoforged.fml.config.ConfigTracker/CONFIG]: Loaded TOML config file C:\Users\SrNadien\Documents\Ultimate-Foods\run\config\neoforge-client.toml
[31mar2026 20:40:01.220] [modloading-sync-worker/DEBUG] [net.neoforged.fml.config.ConfigTracker/CONFIG]: Watching TOML config file C:\Users\SrNadien\Documents\Ultimate-Foods\run\config\neoforge-client.toml for changes
[31mar2026 20:40:01.221] [modloading-sync-worker/DEBUG] [net.neoforged.fml.config.ConfigTracker/CONFIG]: Loading configs type COMMON
[31mar2026 20:40:01.229] [modloading-sync-worker/DEBUG] [net.neoforged.fml.config.ConfigTracker/CONFIG]: Loaded TOML config file C:\Users\SrNadien\Documents\Ultimate-Foods\run\config\avaritia-common.toml
[31mar2026 20:40:01.230] [modloading-sync-worker/DEBUG] [net.neoforged.fml.config.ConfigTracker/CONFIG]: Watching TOML config file C:\Users\SrNadien\Documents\Ultimate-Foods\run\config\avaritia-common.toml for changes
[31mar2026 20:40:01.248] [modloading-sync-worker/DEBUG] [net.neoforged.neoforge.common.NeoForgeConfig/FORGEMOD]: Loaded NeoForge config file neoforge-common.toml
[31mar2026 20:40:01.249] [modloading-sync-worker/DEBUG] [net.neoforged.fml.config.ConfigTracker/CONFIG]: Loaded TOML config file C:\Users\SrNadien\Documents\Ultimate-Foods\run\config\neoforge-common.toml
[31mar2026 20:40:01.249] [modloading-sync-worker/DEBUG] [net.neoforged.fml.config.ConfigTracker/CONFIG]: Watching TOML config file C:\Users\SrNadien\Documents\Ultimate-Foods\run\config\neoforge-common.toml for changes
[31mar2026 20:40:01.860] [Render thread/DEBUG] [mixin/]: Mixing ItemRendererMixin from avaritia.mixins.json into net.minecraft.client.renderer.entity.ItemRenderer
[31mar2026 20:40:01.862] [Render thread/DEBUG] [mixin/]: avaritia.mixins.json:ItemRendererMixin from mod avaritia: Class version 65 required is higher than the class version supported by the current version of Mixin (JAVA_20 supports class version 64)
[31mar2026 20:40:01.887] [Render thread/DEBUG] [mixin/]: avaritia.mixins.json:ItemRendererMixin from mod avaritia->@Inject::onRenderItem(Lnet/minecraft/world/item/ItemStack;Lnet/minecraft/world/item/ItemDisplayContext;ZLcom/mojang/blaze3d/vertex/PoseStack;Lnet/minecraft/client/renderer/MultiBufferSource;IILnet/minecraft/client/resources/model/BakedModel;Lorg/spongepowered/asm/mixin/injection/callback/CallbackInfo;)V doesn't use it's CallbackInfo
[31mar2026 20:40:01.888] [Render thread/DEBUG] [mixin/]: avaritia.mixins.json:ItemRendererMixin from mod avaritia->@Inject::onRenderItem(Lnet/minecraft/world/item/ItemStack;Lnet/minecraft/world/item/ItemDisplayContext;ZLcom/mojang/blaze3d/vertex/PoseStack;Lnet/minecraft/client/renderer/MultiBufferSource;IILnet/minecraft/client/resources/model/BakedModel;Lorg/spongepowered/asm/mixin/injection/callback/CallbackInfo;)V has 0 override(s) in child classes
[31mar2026 20:40:01.888] [Render thread/DEBUG] [mixin/]: avaritia.mixins.json:ItemRendererMixin from mod avaritia->@Inject::onRenderItem(Lnet/minecraft/world/item/ItemStack;Lnet/minecraft/world/item/ItemDisplayContext;ZLcom/mojang/blaze3d/vertex/PoseStack;Lnet/minecraft/client/renderer/MultiBufferSource;IILnet/minecraft/client/resources/model/BakedModel;Lorg/spongepowered/asm/mixin/injection/callback/CallbackInfo;)V won't be passed a CallbackInfo as a result
[31mar2026 20:40:01.954] [Render thread/DEBUG] [mixin/]: Mixing FontMixin from jade.mixins.json into net.minecraft.client.gui.Font
[31mar2026 20:40:01.955] [Render thread/DEBUG] [mixin/]: jade.mixins.json:FontMixin from mod jade: Class version 65 required is higher than the class version supported by the current version of Mixin (JAVA_16 supports class version 60)
[31mar2026 20:40:02.128] [Render thread/DEBUG] [mixin/]: jade.mixins.json:FontMixin from mod jade->@Inject::jade$renderChar(Lnet/minecraft/client/gui/font/glyphs/BakedGlyph;ZZFFFLorg/joml/Matrix4f;Lcom/mojang/blaze3d/vertex/VertexConsumer;FFFFILorg/spongepowered/asm/mixin/injection/callback/CallbackInfo;)V does use it's CallbackInfo
[31mar2026 20:40:03.588] [Render thread/INFO] [net.neoforged.neoforge.gametest.GameTestHooks/]: Enabled Gametest Namespaces: []
[31mar2026 20:40:03.773] [Render thread/DEBUG] [committee.nova.mods.avaritia.Const/]: Registering key bindings
[31mar2026 20:40:04.951] [Render thread/INFO] [net.minecraft.server.packs.resources.ReloadableResourceManager/]: Reloading ResourceManager: vanilla, mod_resources, mod/ultimatefoods, mod/avaritia, mod/jade, mod/appleskin, mod/neoforge, mod/jei
[31mar2026 20:40:04.990] [Worker-Main-1/INFO] [nadiendev.ultimatefoods.UltimateFoodsCore/]: Configuración común de Ultimate Foods
[31mar2026 20:40:05.183] [Render thread/DEBUG] [net.neoforged.fml.DeferredWorkQueue/LOADING]: Dispatching synchronous work for work queue Common setup: 1 jobs
[31mar2026 20:40:05.446] [Render thread/DEBUG] [net.neoforged.fml.DeferredWorkQueue/LOADING]: Synchronous work queue completed in 262.2 ms
[31mar2026 20:40:06.001] [Worker-Main-1/INFO] [net.minecraft.client.gui.font.providers.UnihexProvider/]: Found unifont_all_no_pua-15.1.05.hex, loading
[31mar2026 20:40:07.020] [Worker-Main-1/INFO] [net.minecraft.client.gui.font.providers.UnihexProvider/]: Found unifont_jp_patch-15.1.05.hex, loading
[31mar2026 20:40:12.912] [Worker-Main-1/WARN] [net.minecraft.client.renderer.texture.SpriteLoader/]: Texture ultimatefoods:item/monster with size 100x100 limits mip level from 4 to 2
[31mar2026 20:40:12.913] [Worker-Main-1/WARN] [net.minecraft.client.renderer.texture.SpriteLoader/]: Texture ultimatefoods:item/portalmini with size 150x150 limits mip level from 2 to 1
[31mar2026 20:40:16.930] [Worker-Main-1/DEBUG] [mixin/]: Mixing PlayerRendererMixin from avaritia.mixins.json into net.minecraft.client.renderer.entity.player.PlayerRenderer
[31mar2026 20:40:16.934] [Worker-Main-1/DEBUG] [mixin/]: avaritia.mixins.json:PlayerRendererMixin from mod avaritia: Class version 65 required is higher than the class version supported by the current version of Mixin (JAVA_20 supports class version 64)
[31mar2026 20:40:16.961] [Worker-Main-1/DEBUG] [mixin/]: avaritia.mixins.json:PlayerRendererMixin from mod avaritia->@Inject::onInit(Lnet/minecraft/client/renderer/entity/EntityRendererProvider$Context;ZLorg/spongepowered/asm/mixin/injection/callback/CallbackInfo;)V doesn't use it's CallbackInfo
[31mar2026 20:40:16.961] [Worker-Main-1/DEBUG] [mixin/]: avaritia.mixins.json:PlayerRendererMixin from mod avaritia->@Inject::onInit(Lnet/minecraft/client/renderer/entity/EntityRendererProvider$Context;ZLorg/spongepowered/asm/mixin/injection/callback/CallbackInfo;)V has 0 override(s) in child classes
[31mar2026 20:40:16.961] [Worker-Main-1/DEBUG] [mixin/]: avaritia.mixins.json:PlayerRendererMixin from mod avaritia->@Inject::onInit(Lnet/minecraft/client/renderer/entity/EntityRendererProvider$Context;ZLorg/spongepowered/asm/mixin/injection/callback/CallbackInfo;)V won't be passed a CallbackInfo as a result
[31mar2026 20:40:17.950] [Render thread/DEBUG] [net.neoforged.fml.DeferredWorkQueue/LOADING]: Dispatching synchronous work for work queue Sided setup: 2 jobs
[31mar2026 20:40:17.977] [Render thread/DEBUG] [net.neoforged.fml.DeferredWorkQueue/LOADING]: Synchronous work queue completed in 24.94 ms
[31mar2026 20:40:18.214] [Worker-Main-1/INFO] [snownee.jade.Jade/]: Start loading plugin from nadiendev.ultimatefoods.integration.jade.JadeCompat
[31mar2026 20:40:18.255] [Worker-Main-1/INFO] [snownee.jade.Jade/]: Bootstrapped plugin from nadiendev.ultimatefoods.integration.jade.JadeCompat in 36.12 ms
[31mar2026 20:40:18.264] [Worker-Main-1/INFO] [snownee.jade.Jade/]: Loaded plugin from nadiendev.ultimatefoods.integration.jade.JadeCompat in 44.45 ms
[31mar2026 20:40:18.264] [Worker-Main-1/INFO] [snownee.jade.Jade/]: Start loading plugin from committee.nova.mods.avaritia.init.compat.JadeCompat
[31mar2026 20:40:18.269] [Worker-Main-1/INFO] [snownee.jade.Jade/]: Bootstrapped plugin from committee.nova.mods.avaritia.init.compat.JadeCompat in 3.703 ms
[31mar2026 20:40:18.271] [Worker-Main-1/INFO] [snownee.jade.Jade/]: Loaded plugin from committee.nova.mods.avaritia.init.compat.JadeCompat in 4.684 ms
[31mar2026 20:40:18.271] [Worker-Main-1/INFO] [snownee.jade.Jade/]: Start loading plugin from snownee.jade.addon.vanilla.VanillaPlugin
[31mar2026 20:40:18.377] [Worker-Main-1/INFO] [snownee.jade.Jade/]: Bootstrapped plugin from snownee.jade.addon.vanilla.VanillaPlugin in 103.0 ms
[31mar2026 20:40:18.389] [Worker-Main-1/INFO] [snownee.jade.Jade/]: Loaded plugin from snownee.jade.addon.vanilla.VanillaPlugin in 115.1 ms
[31mar2026 20:40:18.389] [Worker-Main-1/INFO] [snownee.jade.Jade/]: Start loading plugin from snownee.jade.addon.universal.UniversalPlugin
[31mar2026 20:40:18.448] [Worker-Main-1/INFO] [snownee.jade.Jade/]: Bootstrapped plugin from snownee.jade.addon.universal.UniversalPlugin in 55.37 ms
[31mar2026 20:40:18.449] [Worker-Main-1/INFO] [snownee.jade.Jade/]: Loaded plugin from snownee.jade.addon.universal.UniversalPlugin in 56.84 ms
[31mar2026 20:40:18.449] [Worker-Main-1/INFO] [snownee.jade.Jade/]: Start loading plugin from snownee.jade.addon.debug.DebugPlugin
[31mar2026 20:40:18.457] [Worker-Main-1/INFO] [snownee.jade.Jade/]: Bootstrapped plugin from snownee.jade.addon.debug.DebugPlugin in 4.675 ms
[31mar2026 20:40:18.457] [Worker-Main-1/INFO] [snownee.jade.Jade/]: Loaded plugin from snownee.jade.addon.debug.DebugPlugin in 5.389 ms
[31mar2026 20:40:18.458] [Worker-Main-1/INFO] [snownee.jade.Jade/]: Start loading plugin from snownee.jade.addon.core.CorePlugin
[31mar2026 20:40:18.468] [Worker-Main-1/INFO] [snownee.jade.Jade/]: Bootstrapped plugin from snownee.jade.addon.core.CorePlugin in 8.698 ms
[31mar2026 20:40:18.469] [Worker-Main-1/INFO] [snownee.jade.Jade/]: Loaded plugin from snownee.jade.addon.core.CorePlugin in 9.529 ms
[31mar2026 20:40:18.469] [Worker-Main-1/INFO] [snownee.jade.Jade/]: Start loading plugin from snownee.jade.addon.access.AccessibilityPlugin
[31mar2026 20:40:18.499] [Worker-Main-1/INFO] [snownee.jade.Jade/]: Bootstrapped plugin from snownee.jade.addon.access.AccessibilityPlugin in 27.73 ms
[31mar2026 20:40:18.500] [Worker-Main-1/INFO] [snownee.jade.Jade/]: Loaded plugin from snownee.jade.addon.access.AccessibilityPlugin in 28.43 ms
[31mar2026 20:40:19.237] [Render thread/WARN] [net.minecraft.client.sounds.SoundEngine/]: Missing sound for event: minecraft:item.goat_horn.play
[31mar2026 20:40:19.238] [Render thread/WARN] [net.minecraft.client.sounds.SoundEngine/]: Missing sound for event: minecraft:entity.goat.screaming.horn_break
[31mar2026 20:40:19.808] [Render thread/INFO] [com.mojang.blaze3d.audio.Library/]: OpenAL initialized on device OpenAL Soft on Altavoces (VIA HD Audio)
[31mar2026 20:40:19.810] [Render thread/INFO] [net.minecraft.client.sounds.SoundEngine/SOUNDS]: Sound engine started
[31mar2026 20:40:20.033] [Render thread/INFO] [net.minecraft.client.renderer.texture.TextureAtlas/]: Created: 4096x2048x4 minecraft:textures/atlas/blocks.png-atlas
[31mar2026 20:40:20.167] [Render thread/INFO] [net.minecraft.client.renderer.texture.TextureAtlas/]: Created: 256x256x4 minecraft:textures/atlas/signs.png-atlas
[31mar2026 20:40:20.169] [Render thread/INFO] [net.minecraft.client.renderer.texture.TextureAtlas/]: Created: 512x512x4 minecraft:textures/atlas/shield_patterns.png-atlas
[31mar2026 20:40:20.174] [Render thread/INFO] [net.minecraft.client.renderer.texture.TextureAtlas/]: Created: 512x512x4 minecraft:textures/atlas/banner_patterns.png-atlas
[31mar2026 20:40:20.176] [Render thread/INFO] [net.minecraft.client.renderer.texture.TextureAtlas/]: Created: 1024x1024x4 minecraft:textures/atlas/armor_trims.png-atlas
[31mar2026 20:40:20.209] [Render thread/INFO] [net.minecraft.client.renderer.texture.TextureAtlas/]: Created: 256x256x4 minecraft:textures/atlas/chest.png-atlas
[31mar2026 20:40:20.213] [Render thread/INFO] [net.minecraft.client.renderer.texture.TextureAtlas/]: Created: 128x64x4 minecraft:textures/atlas/decorated_pot.png-atlas
[31mar2026 20:40:20.215] [Render thread/INFO] [net.minecraft.client.renderer.texture.TextureAtlas/]: Created: 512x256x4 minecraft:textures/atlas/beds.png-atlas
[31mar2026 20:40:20.218] [Render thread/INFO] [net.minecraft.client.renderer.texture.TextureAtlas/]: Created: 512x256x4 minecraft:textures/atlas/shulker_boxes.png-atlas
[31mar2026 20:40:20.457] [Render thread/INFO] [net.minecraft.client.renderer.texture.TextureAtlas/]: Created: 512x256x0 minecraft:textures/atlas/particles.png-atlas
[31mar2026 20:40:20.464] [Render thread/INFO] [net.minecraft.client.renderer.texture.TextureAtlas/]: Created: 512x256x0 minecraft:textures/atlas/paintings.png-atlas
[31mar2026 20:40:20.465] [Render thread/INFO] [net.minecraft.client.renderer.texture.TextureAtlas/]: Created: 256x128x0 minecraft:textures/atlas/mob_effects.png-atlas
[31mar2026 20:40:20.466] [Render thread/INFO] [net.minecraft.client.renderer.texture.TextureAtlas/]: Created: 64x64x0 minecraft:textures/atlas/map_decorations.png-atlas
[31mar2026 20:40:20.466] [Render thread/INFO] [net.minecraft.client.renderer.texture.TextureAtlas/]: Created: 1024x512x0 minecraft:textures/atlas/gui.png-atlas
[31mar2026 20:40:20.732] [Render thread/WARN] [net.minecraft.client.renderer.ShaderInstance/]: Shader rendertype_entity_translucent_emissive could not find sampler named Sampler2 in the specified shader program.
[31mar2026 20:40:21.063] [Render thread/INFO] [net.neoforged.neoforge.client.entity.animation.json.AnimationLoader/]: Loaded 0 entity animations
[31mar2026 20:40:21.064] [Render thread/INFO] [net.minecraft.client.renderer.texture.TextureAtlas/]: Created: 256x256x0 jei:textures/atlas/gui.png-atlas
[31mar2026 20:40:23.425] [Render thread/DEBUG] [mixin/]: Mixing StringRenderOutputMixin from jade.mixins.json into net.minecraft.client.gui.Font$StringRenderOutput
[31mar2026 20:40:23.426] [Render thread/DEBUG] [mixin/]: jade.mixins.json:StringRenderOutputMixin from mod jade: Class version 65 required is higher than the class version supported by the current version of Mixin (JAVA_16 supports class version 60)
[31mar2026 20:40:23.509] [Render thread/DEBUG] [mixin/]: jade.mixins.json:StringRenderOutputMixin from mod jade->@Inject::jade$init(Lnet/minecraft/client/gui/Font;Lnet/minecraft/client/renderer/MultiBufferSource;FFIZLorg/joml/Matrix4f;Lnet/minecraft/client/gui/Font$DisplayMode;ILorg/spongepowered/asm/mixin/injection/callback/CallbackInfo;)V doesn't use it's CallbackInfo
[31mar2026 20:40:23.509] [Render thread/DEBUG] [mixin/]: jade.mixins.json:StringRenderOutputMixin from mod jade->@Inject::jade$init(Lnet/minecraft/client/gui/Font;Lnet/minecraft/client/renderer/MultiBufferSource;FFIZLorg/joml/Matrix4f;Lnet/minecraft/client/gui/Font$DisplayMode;ILorg/spongepowered/asm/mixin/injection/callback/CallbackInfo;)V has 0 override(s) in child classes
[31mar2026 20:40:23.509] [Render thread/DEBUG] [mixin/]: jade.mixins.json:StringRenderOutputMixin from mod jade->@Inject::jade$init(Lnet/minecraft/client/gui/Font;Lnet/minecraft/client/renderer/MultiBufferSource;FFIZLorg/joml/Matrix4f;Lnet/minecraft/client/gui/Font$DisplayMode;ILorg/spongepowered/asm/mixin/injection/callback/CallbackInfo;)V won't be passed a CallbackInfo as a result
[31mar2026 20:40:23.521] [Render thread/DEBUG] [mixin/]: jade.mixins.json:StringRenderOutputMixin from mod jade->@Inject::jade$accept(ILnet/minecraft/network/chat/Style;ILorg/spongepowered/asm/mixin/injection/callback/CallbackInfoReturnable;)V does use it's CallbackInfoReturnable
[31mar2026 20:43:37.816] [Render thread/INFO] [net.minecraft.client.gui.components.ChatComponent/]: [System] [CHAT] Captura de pantalla guardada como 2026-03-31_20.43.37.png
[31mar2026 20:43:43.773] [Render thread/WARN] [net.neoforged.neoforge.common.CommonHooks/WP]: The following mods have version differences that were not resolved:
ultimatefoods (version 2.0.6 -> 2.0.7)
Things may not work well.
[31mar2026 20:43:43.792] [Render thread/DEBUG] [mixin/]: Mixing ReloadableServerResourcesMixin from avaritia.mixins.json into net.minecraft.server.ReloadableServerResources
[31mar2026 20:43:43.793] [Render thread/DEBUG] [mixin/]: avaritia.mixins.json:ReloadableServerResourcesMixin from mod avaritia: Class version 65 required is higher than the class version supported by the current version of Mixin (JAVA_20 supports class version 64)
[31mar2026 20:43:43.821] [Render thread/DEBUG] [mixin/]: avaritia.mixins.json:ReloadableServerResourcesMixin from mod avaritia->@Inject::avaritia$constructor(Lnet/minecraft/core/RegistryAccess$Frozen;Lnet/minecraft/world/flag/FeatureFlagSet;Lnet/minecraft/commands/Commands$CommandSelection;ILorg/spongepowered/asm/mixin/injection/callback/CallbackInfo;)V doesn't use it's CallbackInfo
[31mar2026 20:43:43.821] [Render thread/DEBUG] [mixin/]: avaritia.mixins.json:ReloadableServerResourcesMixin from mod avaritia->@Inject::avaritia$constructor(Lnet/minecraft/core/RegistryAccess$Frozen;Lnet/minecraft/world/flag/FeatureFlagSet;Lnet/minecraft/commands/Commands$CommandSelection;ILorg/spongepowered/asm/mixin/injection/callback/CallbackInfo;)V has 0 override(s) in child classes
[31mar2026 20:43:43.821] [Render thread/DEBUG] [mixin/]: avaritia.mixins.json:ReloadableServerResourcesMixin from mod avaritia->@Inject::avaritia$constructor(Lnet/minecraft/core/RegistryAccess$Frozen;Lnet/minecraft/world/flag/FeatureFlagSet;Lnet/minecraft/commands/Commands$CommandSelection;ILorg/spongepowered/asm/mixin/injection/callback/CallbackInfo;)V won't be passed a CallbackInfo as a result
[31mar2026 20:43:43.821] [Render thread/DEBUG] [mixin/]: avaritia.mixins.json:ReloadableServerResourcesMixin from mod avaritia->@Inject::avaritia$listeners(Lorg/spongepowered/asm/mixin/injection/callback/CallbackInfoReturnable;)V does use it's CallbackInfoReturnable
[31mar2026 20:43:46.520] [Worker-Main-2/DEBUG] [mixin/]: Mixing RecipeManagerMixin from avaritia.mixins.json into net.minecraft.world.item.crafting.RecipeManager
[31mar2026 20:43:46.521] [Worker-Main-2/DEBUG] [mixin/]: avaritia.mixins.json:RecipeManagerMixin from mod avaritia: Class version 65 required is higher than the class version supported by the current version of Mixin (JAVA_20 supports class version 64)
[31mar2026 20:43:46.576] [Worker-Main-2/DEBUG] [mixin/]: avaritia.mixins.json:RecipeManagerMixin from mod avaritia->@Inject::avaritia$apply(Ljava/util/Map;Lnet/minecraft/server/packs/resources/ResourceManager;Lnet/minecraft/util/profiling/ProfilerFiller;Lorg/spongepowered/asm/mixin/injection/callback/CallbackInfo;)V doesn't use it's CallbackInfo
[31mar2026 20:43:46.576] [Worker-Main-2/DEBUG] [mixin/]: avaritia.mixins.json:RecipeManagerMixin from mod avaritia->@Inject::avaritia$apply(Ljava/util/Map;Lnet/minecraft/server/packs/resources/ResourceManager;Lnet/minecraft/util/profiling/ProfilerFiller;Lorg/spongepowered/asm/mixin/injection/callback/CallbackInfo;)V has 0 override(s) in child classes
[31mar2026 20:43:46.576] [Worker-Main-2/DEBUG] [mixin/]: avaritia.mixins.json:RecipeManagerMixin from mod avaritia->@Inject::avaritia$apply(Ljava/util/Map;Lnet/minecraft/server/packs/resources/ResourceManager;Lnet/minecraft/util/profiling/ProfilerFiller;Lorg/spongepowered/asm/mixin/injection/callback/CallbackInfo;)V won't be passed a CallbackInfo as a result
[31mar2026 20:43:48.307] [Render thread/DEBUG] [committee.nova.mods.avaritia.Const/]: Singularity: Skipping loading singularity avaritia:refined_obsidian as its conditions were not met
[31mar2026 20:43:48.314] [Render thread/DEBUG] [committee.nova.mods.avaritia.Const/]: Singularity: Skipping loading singularity avaritia:platinum as its conditions were not met
[31mar2026 20:43:48.315] [Render thread/DEBUG] [committee.nova.mods.avaritia.Const/]: Singularity: Skipping loading singularity avaritia:bronze as its conditions were not met
[31mar2026 20:43:48.320] [Render thread/DEBUG] [committee.nova.mods.avaritia.Const/]: Singularity: Skipping loading singularity avaritia:osmium as its conditions were not met
[31mar2026 20:43:48.322] [Render thread/DEBUG] [committee.nova.mods.avaritia.Const/]: Singularity: Skipping loading singularity avaritia:electrum as its conditions were not met
[31mar2026 20:43:48.324] [Render thread/DEBUG] [committee.nova.mods.avaritia.Const/]: Singularity: Skipping loading singularity avaritia:nickel as its conditions were not met
[31mar2026 20:43:48.325] [Render thread/DEBUG] [committee.nova.mods.avaritia.Const/]: Singularity: Skipping loading singularity avaritia:uranium as its conditions were not met
[31mar2026 20:43:48.326] [Render thread/DEBUG] [committee.nova.mods.avaritia.Const/]: Singularity: Skipping loading singularity avaritia:tin as its conditions were not met
[31mar2026 20:43:48.326] [Render thread/DEBUG] [committee.nova.mods.avaritia.Const/]: Singularity: Skipping loading singularity avaritia:invar as its conditions were not met
[31mar2026 20:43:48.330] [Render thread/DEBUG] [committee.nova.mods.avaritia.Const/]: Singularity: Skipping loading singularity avaritia:aluminum as its conditions were not met
[31mar2026 20:43:48.331] [Render thread/DEBUG] [committee.nova.mods.avaritia.Const/]: Singularity: Skipping loading singularity avaritia:silver as its conditions were not met
[31mar2026 20:43:48.332] [Render thread/DEBUG] [committee.nova.mods.avaritia.Const/]: Singularity: Skipping loading singularity avaritia:lead as its conditions were not met
[31mar2026 20:43:48.342] [Render thread/INFO] [committee.nova.mods.avaritia.api.Lib/]: Avaritia: Loading recipes...
[31mar2026 20:43:48.463] [Render thread/INFO] [committee.nova.mods.avaritia.Const/]: Singularity: Regenerated 15 recipes
[31mar2026 20:43:48.465] [Render thread/INFO] [committee.nova.mods.avaritia.api.Lib/]: Avaritia: Registered 15 recipes in 121 ms
[31mar2026 20:43:49.171] [Render thread/INFO] [net.minecraft.world.item.crafting.RecipeManager/]: Loaded 1474 recipes
[31mar2026 20:43:50.311] [Render thread/INFO] [net.minecraft.advancements.AdvancementTree/]: Loaded 1570 advancements
[31mar2026 20:43:50.406] [Render thread/WARN] [net.minecraft.core.MappedRegistry/]: Not all defined tags for registry ResourceKey[minecraft:root / minecraft:block] are present in data pack: avaritia:needs_blaze_tool, avaritia:needs_crystal_tool, avaritia:needs_infinity_tool
[31mar2026 20:43:52.167] [Render thread/DEBUG] [mezz.jei.neoforge.startup.StartEventObserver/]: JEI StartEventObserver received class net.neoforged.neoforge.event.TagsUpdatedEvent too early, ignoring
[31mar2026 20:43:52.194] [Render thread/INFO] [snownee.jade.Jade/]: LootTableMineableCollector took 21.43 ms
[31mar2026 20:43:52.286] [Render thread/DEBUG] [net.neoforged.neoforge.common.CommonHooks/WP]: Gathered mod list to write to world save New World
[31mar2026 20:43:52.497] [Server thread/INFO] [net.minecraft.client.server.IntegratedServer/]: Starting integrated minecraft server version 1.21.1
[31mar2026 20:43:52.498] [Server thread/INFO] [net.minecraft.server.MinecraftServer/]: Generating keypair
[31mar2026 20:43:52.817] [Server thread/DEBUG] [net.neoforged.fml.config.ConfigTracker/CONFIG]: Loading configs type SERVER
[31mar2026 20:43:52.830] [Server thread/DEBUG] [net.neoforged.neoforge.common.NeoForgeConfig/FORGEMOD]: Loaded NeoForge config file neoforge-server.toml
[31mar2026 20:43:52.831] [Server thread/DEBUG] [net.neoforged.fml.config.ConfigTracker/CONFIG]: Loaded TOML config file C:\Users\SrNadien\Documents\Ultimate-Foods\run\config\neoforge-server.toml
[31mar2026 20:43:52.832] [Server thread/DEBUG] [net.neoforged.fml.config.ConfigTracker/CONFIG]: Watching TOML config file C:\Users\SrNadien\Documents\Ultimate-Foods\run\config\neoforge-server.toml for changes
[31mar2026 20:43:52.870] [Server thread/DEBUG] [net.neoforged.fml.config.ConfigTracker/CONFIG]: Loaded TOML config file C:\Users\SrNadien\Documents\Ultimate-Foods\run\config\jei-server.toml
[31mar2026 20:43:52.872] [Server thread/DEBUG] [net.neoforged.fml.config.ConfigTracker/CONFIG]: Watching TOML config file C:\Users\SrNadien\Documents\Ultimate-Foods\run\config\jei-server.toml for changes
[31mar2026 20:43:53.626] [Server thread/INFO] [net.minecraft.server.MinecraftServer/]: Preparing start region for dimension minecraft:overworld
[31mar2026 20:43:55.193] [progressListener/INFO] [net.minecraft.server.level.progress.LoggerChunkProgressListener/]: Preparando zona de aparición: 0 %
[31mar2026 20:43:55.197] [progressListener/INFO] [net.minecraft.server.level.progress.LoggerChunkProgressListener/]: Preparando zona de aparición: 0 %
[31mar2026 20:43:55.213] [progressListener/INFO] [net.minecraft.server.level.progress.LoggerChunkProgressListener/]: Preparando zona de aparición: 0 %
[31mar2026 20:43:55.502] [progressListener/INFO] [net.minecraft.server.level.progress.LoggerChunkProgressListener/]: Preparando zona de aparición: 0 %
[31mar2026 20:43:55.744] [Server thread/INFO] [net.neoforged.neoforge.server.permission.PermissionAPI/]: Successfully initialized permission handler neoforge:default_handler
[31mar2026 20:43:55.746] [progressListener/INFO] [net.minecraft.server.level.progress.LoggerChunkProgressListener/]: Time elapsed: 1833 ms
[31mar2026 20:43:57.813] [Server thread/INFO] [net.minecraft.client.server.IntegratedServer/]: Changing view distance to 12, from 10
[31mar2026 20:43:57.818] [Server thread/INFO] [net.minecraft.client.server.IntegratedServer/]: Changing simulation distance to 12, from 0
[31mar2026 20:43:57.928] [Server thread/WARN] [net.minecraft.server.MinecraftServer/]: Can't keep up! Is the server overloaded? Running 2114ms or 42 ticks behind
[31mar2026 20:43:57.986] [Render thread/DEBUG] [io.netty.channel.MultithreadEventLoopGroup/]: -Dio.netty.eventLoopThreads: 4
[31mar2026 20:43:58.009] [Render thread/DEBUG] [io.netty.util.concurrent.GlobalEventExecutor/]: -Dio.netty.globalEventExecutor.quietPeriodSeconds: 1
[31mar2026 20:43:58.030] [Render thread/DEBUG] [io.netty.channel.nio.NioEventLoop/]: -Dio.netty.noKeySetOptimization: false
[31mar2026 20:43:58.031] [Render thread/DEBUG] [io.netty.channel.nio.NioEventLoop/]: -Dio.netty.selectorAutoRebuildThreshold: 512
[31mar2026 20:43:58.090] [Render thread/DEBUG] [io.netty.util.internal.PlatformDependent/]: org.jctools-core.MpscChunkedArrayQueue: available
[31mar2026 20:43:58.328] [Render thread/DEBUG] [io.netty.channel.DefaultChannelId/]: -Dio.netty.processId: 7740 (auto-detected)
[31mar2026 20:43:58.342] [Render thread/DEBUG] [io.netty.util.NetUtil/]: -Djava.net.preferIPv4Stack: false
[31mar2026 20:43:58.343] [Render thread/DEBUG] [io.netty.util.NetUtil/]: -Djava.net.preferIPv6Addresses: system
[31mar2026 20:43:58.360] [Render thread/DEBUG] [io.netty.util.NetUtilInitializations/]: Loopback interface: loopback_0 (Software Loopback Interface 1, 0:0:0:0:0:0:0:1)
[31mar2026 20:43:58.376] [Render thread/DEBUG] [io.netty.util.NetUtil/]: Failed to get SOMAXCONN from sysctl and file \proc\sys\net\core\somaxconn. Default: 200
[31mar2026 20:43:58.391] [Render thread/DEBUG] [io.netty.channel.DefaultChannelId/]: -Dio.netty.machineId: 00:25:22:ff:fe:7c:df:5e (auto-detected)
[31mar2026 20:43:59.312] [Render thread/DEBUG] [io.netty.util.Recycler/]: -Dio.netty.recycler.maxCapacityPerThread: 4096
[31mar2026 20:43:59.320] [Render thread/DEBUG] [io.netty.util.Recycler/]: -Dio.netty.recycler.ratio: 8
[31mar2026 20:43:59.323] [Render thread/DEBUG] [io.netty.util.Recycler/]: -Dio.netty.recycler.chunkSize: 32
[31mar2026 20:43:59.324] [Render thread/DEBUG] [io.netty.util.Recycler/]: -Dio.netty.recycler.blocking: false
[31mar2026 20:43:59.326] [Render thread/DEBUG] [io.netty.util.Recycler/]: -Dio.netty.recycler.batchFastThreadLocalOnly: true
[31mar2026 20:44:00.851] [Netty Server IO #1/DEBUG] [net.neoforged.neoforge.network.filters.NetworkFilters/]: Injected net.neoforged.neoforge.network.filters.GenericPacketSplitter@17a1ea85 into net.minecraft.network.Connection@24b3995b
[31mar2026 20:44:01.077] [Netty Local Client IO #0/DEBUG] [net.neoforged.neoforge.network.filters.NetworkFilters/]: Injected net.neoforged.neoforge.network.filters.GenericPacketSplitter@156ef203 into net.minecraft.network.Connection@2d3d015a
[31mar2026 20:44:01.759] [Render thread/DEBUG] [mezz.jei.neoforge.startup.StartEventObserver/]: JEI StartEventObserver received event: class net.neoforged.neoforge.event.TagsUpdatedEvent
[31mar2026 20:44:06.674] [Render thread/DEBUG] [mixin/]: Mixing SessionSearchTreesMixin from jade.mixins.json into net.minecraft.client.multiplayer.SessionSearchTrees
[31mar2026 20:44:06.676] [Render thread/DEBUG] [mixin/]: jade.mixins.json:SessionSearchTreesMixin from mod jade: Class version 65 required is higher than the class version supported by the current version of Mixin (JAVA_16 supports class version 60)
[31mar2026 20:44:06.692] [Render thread/DEBUG] [mixin/]: jade.mixins.json:SessionSearchTreesMixin from mod jade->@Inject::jade$preGet(Ljava/util/stream/Stream;Lnet/minecraft/world/item/Item$TooltipContext;Lnet/minecraft/world/item/TooltipFlag;Lorg/spongepowered/asm/mixin/injection/callback/CallbackInfoReturnable;)V doesn't use it's CallbackInfoReturnable
[31mar2026 20:44:06.859] [Netty Server IO #1/DEBUG] [net.neoforged.neoforge.network.filters.NetworkFilters/]: Injected net.neoforged.neoforge.network.filters.GenericPacketSplitter@460be596 into net.minecraft.network.Connection@24b3995b
[31mar2026 20:44:07.724] [Server thread/INFO] [net.minecraft.server.players.PlayerList/]: Dev[local:E:8810efdd] logged in with entity id 7 at (5.942492472292676, -60.0, -7.5508116339618505)
[31mar2026 20:44:08.714] [Server thread/INFO] [net.minecraft.server.MinecraftServer/]: Dev se ha unido a la partida
[31mar2026 20:44:11.322] [Server thread/DEBUG] [mixin/]: Mixing EnchantmentHelperMixin from avaritia.mixins.json into net.minecraft.world.item.enchantment.EnchantmentHelper
[31mar2026 20:44:11.324] [Server thread/DEBUG] [mixin/]: avaritia.mixins.json:EnchantmentHelperMixin from mod avaritia: Class version 65 required is higher than the class version supported by the current version of Mixin (JAVA_20 supports class version 64)
[31mar2026 20:44:11.341] [Server thread/DEBUG] [mixin/]: avaritia.mixins.json:EnchantmentHelperMixin from mod avaritia->@Inject::getItemEnchantmentLevel(Lnet/minecraft/core/Holder;Lnet/minecraft/world/item/ItemStack;Lorg/spongepowered/asm/mixin/injection/callback/CallbackInfoReturnable;)V does use it's CallbackInfoReturnable
[31mar2026 20:44:11.443] [Render thread/WARN] [net.minecraft.client.ClientRecipeBook/]: Unknown recipe category: avaritia:compressor_recipe/avaritia:steel_singularity
[31mar2026 20:44:11.472] [Render thread/WARN] [net.minecraft.client.ClientRecipeBook/]: Unknown recipe category: avaritia:compressor_recipe/avaritia:emerald_singularity
[31mar2026 20:44:11.473] [Render thread/WARN] [net.minecraft.client.ClientRecipeBook/]: Unknown recipe category: avaritia:compressor_recipe/avaritia:iron_singularity
[31mar2026 20:44:11.475] [Render thread/WARN] [net.minecraft.client.ClientRecipeBook/]: Unknown recipe category: avaritia:compressor_recipe/avaritia:glowstone_singularity
[31mar2026 20:44:11.476] [Render thread/WARN] [net.minecraft.client.ClientRecipeBook/]: Unknown recipe category: avaritia:compressor_recipe/avaritia:coal_singularity
[31mar2026 20:44:11.488] [Render thread/WARN] [net.minecraft.client.ClientRecipeBook/]: Unknown recipe category: avaritia:compressor_recipe/avaritia:lapis_lazuli_singularity
[31mar2026 20:44:11.489] [Render thread/WARN] [net.minecraft.client.ClientRecipeBook/]: Unknown recipe category: avaritia:compressor_recipe/avaritia:obsidian_singularity
[31mar2026 20:44:11.492] [Render thread/WARN] [net.minecraft.client.ClientRecipeBook/]: Unknown recipe category: avaritia:compressor_recipe/avaritia:diamond_singularity
[31mar2026 20:44:11.492] [Render thread/WARN] [net.minecraft.client.ClientRecipeBook/]: Unknown recipe category: avaritia:compressor_recipe/avaritia:copper_singularity
[31mar2026 20:44:11.493] [Render thread/WARN] [net.minecraft.client.ClientRecipeBook/]: Unknown recipe category: avaritia:compressor_recipe/avaritia:redstone_singularity
[31mar2026 20:44:11.503] [Render thread/WARN] [net.minecraft.client.ClientRecipeBook/]: Unknown recipe category: avaritia:compressor_recipe/avaritia:blue_ice_singularity
[31mar2026 20:44:11.503] [Render thread/WARN] [net.minecraft.client.ClientRecipeBook/]: Unknown recipe category: avaritia:compressor_recipe/avaritia:netherite_singularity
[31mar2026 20:44:11.504] [Render thread/WARN] [net.minecraft.client.ClientRecipeBook/]: Unknown recipe category: avaritia:compressor_recipe/avaritia:amethyst_shard_singularity
[31mar2026 20:44:11.506] [Render thread/WARN] [net.minecraft.client.ClientRecipeBook/]: Unknown recipe category: avaritia:compressor_recipe/avaritia:gold_singularity
[31mar2026 20:44:11.508] [Render thread/WARN] [net.minecraft.client.ClientRecipeBook/]: Unknown recipe category: avaritia:compressor_recipe/avaritia:quartz_singularity
[31mar2026 20:44:12.637] [Render thread/WARN] [net.minecraft.client.ClientRecipeBook/]: Unknown recipe category: avaritia:crafting_table_recipe/avaritia:cosmic_meatballs
[31mar2026 20:44:12.638] [Render thread/WARN] [net.minecraft.client.ClientRecipeBook/]: Unknown recipe category: avaritia:crafting_table_recipe/avaritia:infinity_ingot
[31mar2026 20:44:12.639] [Render thread/WARN] [net.minecraft.client.ClientRecipeBook/]: Unknown recipe category: avaritia:crafting_table_recipe/avaritia:end_crafting_table
[31mar2026 20:44:12.640] [Render thread/WARN] [net.minecraft.client.ClientRecipeBook/]: Unknown recipe category: avaritia:crafting_table_recipe/minecraft:budding_amethyst
[31mar2026 20:44:12.641] [Render thread/WARN] [net.minecraft.client.ClientRecipeBook/]: Unknown recipe category: avaritia:crafting_table_recipe/minecraft:crying_obsidian
[31mar2026 20:44:12.653] [Render thread/WARN] [net.minecraft.client.ClientRecipeBook/]: Unknown recipe category: avaritia:crafting_table_recipe/avaritia:star_fuel_alternate
[31mar2026 20:44:12.655] [Render thread/WARN] [net.minecraft.client.ClientRecipeBook/]: Unknown recipe category: avaritia:crafting_table_recipe/avaritia:infinity_catalyst_eternal
[31mar2026 20:44:12.668] [Render thread/WARN] [net.minecraft.client.ClientRecipeBook/]: Unknown recipe category: avaritia:crafting_table_recipe/minecraft:end_portal_frame
[31mar2026 20:44:12.671] [Render thread/WARN] [net.minecraft.client.ClientRecipeBook/]: Unknown recipe category: avaritia:crafting_table_recipe/minecraft:reinforced_deepslate
[31mar2026 20:44:12.688] [Render thread/WARN] [net.minecraft.client.ClientRecipeBook/]: Unknown recipe category: avaritia:crafting_table_recipe/avaritia:eternal_singularity
[31mar2026 20:44:12.689] [Render thread/WARN] [net.minecraft.client.ClientRecipeBook/]: Unknown recipe category: avaritia:crafting_table_recipe/avaritia:refined_coal
[31mar2026 20:44:12.689] [Render thread/WARN] [net.minecraft.client.ClientRecipeBook/]: Unknown recipe category: avaritia:crafting_table_recipe/avaritia:full_matter_cluster
[31mar2026 20:44:12.690] [Render thread/WARN] [net.minecraft.client.ClientRecipeBook/]: Unknown recipe category: avaritia:crafting_table_recipe/avaritia:ancient_debris_eight
[31mar2026 20:44:12.690] [Render thread/WARN] [net.minecraft.client.ClientRecipeBook/]: Unknown recipe category: avaritia:crafting_table_recipe/avaritia:nether_crafting_table
[31mar2026 20:44:12.691] [Render thread/WARN] [net.minecraft.client.ClientRecipeBook/]: Unknown recipe category: avaritia:crafting_table_recipe/minecraft:soul_sand
[31mar2026 20:44:12.691] [Render thread/WARN] [net.minecraft.client.ClientRecipeBook/]: Unknown recipe category: avaritia:crafting_table_recipe/avaritia:netherite_ingot_too
[31mar2026 20:44:12.692] [Render thread/WARN] [net.minecraft.client.ClientRecipeBook/]: Unknown recipe category: avaritia:crafting_table_recipe/minecraft:spore_blossom
[31mar2026 20:44:12.692] [Render thread/WARN] [net.minecraft.client.ClientRecipeBook/]: Unknown recipe category: avaritia:crafting_table_recipe/minecraft:heart_of_the_sea
[31mar2026 20:44:12.703] [Render thread/WARN] [net.minecraft.client.ClientRecipeBook/]: Unknown recipe category: avaritia:crafting_table_recipe/avaritia:upgrade_smithing_template_too
[31mar2026 20:44:12.706] [Render thread/WARN] [net.minecraft.client.ClientRecipeBook/]: Unknown recipe category: avaritia:crafting_table_recipe/avaritia:infinity_catalyst
[31mar2026 20:44:12.707] [Render thread/WARN] [net.minecraft.client.ClientRecipeBook/]: Unknown recipe category: avaritia:crafting_table_recipe/avaritia:extreme_smithing_table
[31mar2026 20:44:12.708] [Render thread/WARN] [net.minecraft.client.ClientRecipeBook/]: Unknown recipe category: avaritia:crafting_table_recipe/avaritia:crystal_matrix_ingot
[31mar2026 20:44:12.709] [Render thread/WARN] [net.minecraft.client.ClientRecipeBook/]: Unknown recipe category: avaritia:crafting_table_recipe/minecraft:echo_shard
[31mar2026 20:44:12.740] [Render thread/WARN] [net.minecraft.client.ClientRecipeBook/]: Unknown recipe category: avaritia:crafting_table_recipe/avaritia:infinity_shield
[31mar2026 20:44:12.741] [Render thread/WARN] [net.minecraft.client.ClientRecipeBook/]: Unknown recipe category: avaritia:crafting_table_recipe/avaritia:ultimate_stew
[31mar2026 20:44:12.742] [Render thread/WARN] [net.minecraft.client.ClientRecipeBook/]: Unknown recipe category: avaritia:crafting_table_recipe/avaritia:extreme_crafting_table
[31mar2026 20:44:12.754] [Render thread/WARN] [net.minecraft.client.ClientRecipeBook/]: Unknown recipe category: avaritia:extreme_smithing_recipe/avaritia:infinity_clock
[31mar2026 20:44:12.756] [Render thread/WARN] [net.minecraft.client.ClientRecipeBook/]: Unknown recipe category: avaritia:extreme_smithing_recipe/avaritia:infinity_totem
[31mar2026 20:44:12.756] [Render thread/WARN] [net.minecraft.client.ClientRecipeBook/]: Unknown recipe category: avaritia:extreme_smithing_recipe/avaritia:infinity_bucket
[31mar2026 20:44:12.757] [Render thread/WARN] [net.minecraft.client.ClientRecipeBook/]: Unknown recipe category: avaritia:extreme_smithing_recipe/avaritia:infinity_elytra
[31mar2026 20:44:12.757] [Render thread/WARN] [net.minecraft.client.ClientRecipeBook/]: Unknown recipe category: avaritia:extreme_smithing_recipe/avaritia:neutron_horse_armor
[31mar2026 20:44:12.758] [Render thread/WARN] [net.minecraft.client.ClientRecipeBook/]: Unknown recipe category: avaritia:extreme_smithing_recipe/avaritia:endless_cake
[31mar2026 20:44:12.758] [Render thread/WARN] [net.minecraft.client.ClientRecipeBook/]: Unknown recipe category: avaritia:extreme_smithing_recipe/avaritia:extreme_anvil
[31mar2026 20:44:12.941] [Render thread/DEBUG] [mezz.jei.neoforge.startup.StartEventObserver/]: JEI StartEventObserver received event: class net.neoforged.neoforge.client.event.RecipesUpdatedEvent
[31mar2026 20:44:12.953] [Render thread/DEBUG] [mezz.jei.neoforge.startup.StartEventObserver/]: JEI StartEventObserver transitioning state from LISTENING to JEI_STARTED
[31mar2026 20:44:12.956] [Render thread/INFO] [mezz.jei.core.util.LoggedTimer/]: Starting JEI...
[31mar2026 20:44:13.018] [Render thread/INFO] [mezz.jei.library.load.PluginCaller/]: Registering item subtypes...
[31mar2026 20:44:13.019] [Render thread/DEBUG] [mezz.jei.library.load.PluginCallerTimerRunnable/]: Registering item subtypes: jei:minecraft...
[31mar2026 20:44:13.157] [Render thread/INFO] [mezz.jei.library.load.PluginCallerTimerRunnable/]: Registering item subtypes: jei:minecraft took 138.0 milliseconds
[31mar2026 20:44:13.158] [Render thread/DEBUG] [mezz.jei.library.load.PluginCallerTimerRunnable/]: Registering item subtypes: ultimatefoods:jei_plugin...
[31mar2026 20:44:13.158] [Render thread/DEBUG] [mezz.jei.library.load.PluginCallerTimerRunnable/]: Registering item subtypes: avaritia:jei_plugin...
[31mar2026 20:44:13.318] [Render thread/INFO] [mezz.jei.library.load.PluginCallerTimerRunnable/]: Registering item subtypes: avaritia:jei_plugin took 15.76 milliseconds
[31mar2026 20:44:13.319] [Render thread/DEBUG] [mezz.jei.library.load.PluginCallerTimerRunnable/]: Registering item subtypes: jade:main...
[31mar2026 20:44:13.320] [Render thread/DEBUG] [mezz.jei.library.load.PluginCallerTimerRunnable/]: Registering item subtypes: jei:neoforge_gui...
[31mar2026 20:44:13.322] [Render thread/DEBUG] [mezz.jei.library.load.PluginCallerTimerRunnable/]: Registering item subtypes: jei:debug...
[31mar2026 20:44:13.323] [Render thread/DEBUG] [mezz.jei.library.load.PluginCallerTimerRunnable/]: Registering item subtypes: jei:gui...
[31mar2026 20:44:13.323] [Render thread/DEBUG] [mezz.jei.library.load.PluginCallerTimerRunnable/]: Registering item subtypes: jei:internal...
[31mar2026 20:44:13.334] [Render thread/INFO] [mezz.jei.library.load.PluginCaller/]: Registering item subtypes took 305.6 milliseconds
[31mar2026 20:44:13.337] [Render thread/INFO] [mezz.jei.library.load.PluginCaller/]: Registering fluid subtypes...
[31mar2026 20:44:13.338] [Render thread/DEBUG] [mezz.jei.library.load.PluginCallerTimerRunnable/]: Registering fluid subtypes: jei:minecraft...
[31mar2026 20:44:13.339] [Render thread/DEBUG] [mezz.jei.library.load.PluginCallerTimerRunnable/]: Registering fluid subtypes: ultimatefoods:jei_plugin...
[31mar2026 20:44:13.339] [Render thread/DEBUG] [mezz.jei.library.load.PluginCallerTimerRunnable/]: Registering fluid subtypes: avaritia:jei_plugin...
[31mar2026 20:44:13.340] [Render thread/DEBUG] [mezz.jei.library.load.PluginCallerTimerRunnable/]: Registering fluid subtypes: jade:main...
[31mar2026 20:44:13.340] [Render thread/DEBUG] [mezz.jei.library.load.PluginCallerTimerRunnable/]: Registering fluid subtypes: jei:neoforge_gui...
[31mar2026 20:44:13.340] [Render thread/DEBUG] [mezz.jei.library.load.PluginCallerTimerRunnable/]: Registering fluid subtypes: jei:debug...
[31mar2026 20:44:13.355] [Render thread/INFO] [mezz.jei.library.load.PluginCallerTimerRunnable/]: Registering fluid subtypes: jei:debug took 13.73 milliseconds
[31mar2026 20:44:13.356] [Render thread/DEBUG] [mezz.jei.library.load.PluginCallerTimerRunnable/]: Registering fluid subtypes: jei:gui...
[31mar2026 20:44:13.356] [Render thread/DEBUG] [mezz.jei.library.load.PluginCallerTimerRunnable/]: Registering fluid subtypes: jei:internal...
[31mar2026 20:44:13.358] [Render thread/INFO] [mezz.jei.library.load.PluginCaller/]: Registering fluid subtypes took 20.57 milliseconds
[31mar2026 20:44:13.388] [Render thread/INFO] [mezz.jei.library.load.PluginCaller/]: Registering ingredients...
[31mar2026 20:44:13.389] [Render thread/DEBUG] [mezz.jei.library.load.PluginCallerTimerRunnable/]: Registering ingredients: jei:minecraft...
[31mar2026 20:44:15.047] [JEI Deduplicating Run Executor 0/DEBUG] [mezz.jei.common.config.file.ConfigSerializer/]: Saving config file: C:\Users\SrNadien\Documents\Ultimate-Foods\run\config\jei\jei-colors.ini
[31mar2026 20:44:18.557] [pool-12-thread-1/ERROR] [mezz.jei.library.load.PluginCallerTimerRunnable/]: Registering ingredients: jei:minecraft is running and has taken 5.168 seconds so far
[31mar2026 20:44:18.599] [JEI Deduplicating Run Executor 0/DEBUG] [mezz.jei.common.config.file.ConfigSerializer/]: Saving config file: C:\Users\SrNadien\Documents\Ultimate-Foods\run\config\jei\jei-debug.ini
[31mar2026 20:44:18.616] [JEI Deduplicating Run Executor 0/DEBUG] [mezz.jei.common.config.file.ConfigSerializer/]: Saving config file: C:\Users\SrNadien\Documents\Ultimate-Foods\run\config\jei\jei-mod-id-format.ini
[31mar2026 20:44:18.798] [Render thread/DEBUG] [mezz.jei.library.plugins.vanilla.ingredients.ItemStackListFactory/]: Added  402/ 402 new items from 'Bloques de construcción' creative tab's displayItems
[31mar2026 20:44:18.869] [JEI Deduplicating Run Executor 0/DEBUG] [mezz.jei.common.config.file.ConfigSerializer/]: Saving config file: C:\Users\SrNadien\Documents\Ultimate-Foods\run\config\jei\jei-client.ini
[31mar2026 20:44:19.569] [JEI Config File Watcher/DEBUG] [mezz.jei.common.config.file.FileWatcherThread/]: Detected changes in files:
C:\Users\SrNadien\Documents\Ultimate-Foods\run\config\jei\jei-colors.ini
C:\Users\SrNadien\Documents\Ultimate-Foods\run\config\jei\jei-debug.ini
C:\Users\SrNadien\Documents\Ultimate-Foods\run\config\jei\jei-mod-id-format.ini
C:\Users\SrNadien\Documents\Ultimate-Foods\run\config\jei\jei-client.ini
[31mar2026 20:44:19.616] [Render thread/DEBUG] [mezz.jei.library.plugins.vanilla.ingredients.ItemStackListFactory/]: Added  198/ 198 new items from 'Bloques de colores' creative tab's displayItems
[31mar2026 20:44:19.655] [Render thread/DEBUG] [mezz.jei.library.plugins.vanilla.ingredients.ItemStackListFactory/]: Added  201/ 226 new items from 'Bloques naturales' creative tab's displayItems
[31mar2026 20:44:21.280] [Render thread/DEBUG] [mezz.jei.library.plugins.vanilla.ingredients.ItemStackListFactory/]: Added  138/ 225 new items from 'Bloques funcionales' creative tab's displayItems
[31mar2026 20:44:21.283] [Render thread/DEBUG] [mezz.jei.library.plugins.vanilla.ingredients.ItemStackListFactory/]: Added   29/  68 new items from 'Redstone' creative tab's displayItems
[31mar2026 20:44:21.284] [Render thread/DEBUG] [mezz.jei.library.plugins.vanilla.ingredients.ItemStackListFactory/]: Skipping creative tab: 'Barras de objetos guardadas' because it is type: HOTBAR
[31mar2026 20:44:21.284] [Render thread/DEBUG] [mezz.jei.library.plugins.vanilla.ingredients.ItemStackListFactory/]: Skipping creative tab: 'Búsqueda' because it is type: SEARCH
[31mar2026 20:44:21.353] [Render thread/DEBUG] [mezz.jei.library.plugins.vanilla.ingredients.ItemStackListFactory/]: Added  101/ 113 new items from 'Herramientas y útiles' creative tab's displayItems
[31mar2026 20:44:22.039] [Render thread/DEBUG] [mezz.jei.library.plugins.vanilla.ingredients.ItemStackListFactory/]: Added   92/ 104 new items from 'Combate' creative tab's displayItems
[31mar2026 20:44:22.085] [Render thread/DEBUG] [mezz.jei.library.plugins.vanilla.ingredients.ItemStackListFactory/]: Added  190/ 193 new items from 'Comida y bebida' creative tab's displayItems
[31mar2026 20:44:22.818] [Render thread/DEBUG] [mezz.jei.library.plugins.vanilla.ingredients.ItemStackListFactory/]: Added  174/ 188 new items from 'Ingredientes' creative tab's displayItems
[31mar2026 20:44:22.845] [Render thread/DEBUG] [mezz.jei.library.plugins.vanilla.ingredients.ItemStackListFactory/]: Added   85/ 273 new items from 'Ingredientes' creative tab's searchTabDisplayItems
[31mar2026 20:44:22.880] [Render thread/DEBUG] [mezz.jei.library.plugins.vanilla.ingredients.ItemStackListFactory/]: Added   80/  80 new items from 'Criaturas' creative tab's displayItems
[31mar2026 20:44:22.894] [Render thread/DEBUG] [mezz.jei.library.plugins.vanilla.ingredients.ItemStackListFactory/]: Item Group has no display items and no search tab display items. Items from this group will be missing from the JEI ingredient list. Herramientas de admin.
[31mar2026 20:44:22.895] [Render thread/DEBUG] [mezz.jei.library.plugins.vanilla.ingredients.ItemStackListFactory/]: Skipping creative tab: 'Inventario de supervivencia' because it is type: INVENTORY
[31mar2026 20:44:22.915] [Render thread/DEBUG] [mezz.jei.library.plugins.vanilla.ingredients.ItemStackListFactory/]: Added   62/  62 new items from 'Ultimate Foods' creative tab's displayItems
[31mar2026 20:44:22.988] [Render thread/DEBUG] [mezz.jei.library.plugins.vanilla.ingredients.ItemStackListFactory/]: Added   81/  81 new items from 'Re:Avaritia' creative tab's displayItems
[31mar2026 20:44:22.990] [Render thread/DEBUG] [mezz.jei.library.plugins.vanilla.ingredients.ItemStackListFactory/]: Added   15/  15 new items from 'Avaritia:Singularity' creative tab's displayItems
[31mar2026 20:44:23.519] [pool-12-thread-1/ERROR] [mezz.jei.library.load.PluginCallerTimerRunnable/]: Registering ingredients: jei:minecraft is running and has taken 10.13 seconds so far
[31mar2026 20:44:23.656] [Server thread/WARN] [net.minecraft.server.MinecraftServer/]: Can't keep up! Is the server overloaded? Running 10742ms or 214 ticks behind
[31mar2026 20:44:24.248] [Render thread/INFO] [mezz.jei.library.load.PluginCallerTimerRunnable/]: Registering ingredients: jei:minecraft took 10.86 seconds
[31mar2026 20:44:24.248] [Render thread/DEBUG] [mezz.jei.library.load.PluginCallerTimerRunnable/]: Registering ingredients: ultimatefoods:jei_plugin...
[31mar2026 20:44:24.248] [Render thread/DEBUG] [mezz.jei.library.load.PluginCallerTimerRunnable/]: Registering ingredients: avaritia:jei_plugin...
[31mar2026 20:44:24.248] [Render thread/DEBUG] [mezz.jei.library.load.PluginCallerTimerRunnable/]: Registering ingredients: jade:main...
[31mar2026 20:44:24.249] [Render thread/DEBUG] [mezz.jei.library.load.PluginCallerTimerRunnable/]: Registering ingredients: jei:neoforge_gui...
[31mar2026 20:44:24.249] [Render thread/DEBUG] [mezz.jei.library.load.PluginCallerTimerRunnable/]: Registering ingredients: jei:debug...
[31mar2026 20:44:24.249] [Render thread/DEBUG] [mezz.jei.common.config.file.ConfigSerializer/]: Skipping loading config file, it was just saved by us: C:\Users\SrNadien\Documents\Ultimate-Foods\run\config\jei\jei-debug.ini
[31mar2026 20:44:24.249] [Render thread/DEBUG] [mezz.jei.library.load.PluginCallerTimerRunnable/]: Registering ingredients: jei:gui...
[31mar2026 20:44:24.249] [Render thread/DEBUG] [mezz.jei.library.load.PluginCallerTimerRunnable/]: Registering ingredients: jei:internal...
[31mar2026 20:44:24.250] [Render thread/INFO] [mezz.jei.library.load.PluginCaller/]: Registering ingredients took 10.86 seconds
[31mar2026 20:44:24.250] [Render thread/INFO] [mezz.jei.library.load.PluginCaller/]: Registering extra ingredients...
[31mar2026 20:44:24.251] [Render thread/DEBUG] [mezz.jei.library.load.PluginCallerTimerRunnable/]: Registering extra ingredients: jei:minecraft...
[31mar2026 20:44:24.252] [Render thread/DEBUG] [mezz.jei.library.load.PluginCallerTimerRunnable/]: Registering extra ingredients: ultimatefoods:jei_plugin...
[31mar2026 20:44:24.252] [Render thread/DEBUG] [mezz.jei.library.load.PluginCallerTimerRunnable/]: Registering extra ingredients: avaritia:jei_plugin...
[31mar2026 20:44:24.252] [Render thread/DEBUG] [mezz.jei.library.load.PluginCallerTimerRunnable/]: Registering extra ingredients: jade:main...
[31mar2026 20:44:24.253] [Render thread/DEBUG] [mezz.jei.library.load.PluginCallerTimerRunnable/]: Registering extra ingredients: jei:neoforge_gui...
[31mar2026 20:44:24.254] [Render thread/DEBUG] [mezz.jei.library.load.PluginCallerTimerRunnable/]: Registering extra ingredients: jei:debug...
[31mar2026 20:44:24.254] [Render thread/DEBUG] [mezz.jei.library.load.PluginCallerTimerRunnable/]: Registering extra ingredients: jei:gui...
[31mar2026 20:44:24.256] [Render thread/DEBUG] [mezz.jei.library.load.PluginCallerTimerRunnable/]: Registering extra ingredients: jei:internal...
[31mar2026 20:44:24.266] [Render thread/INFO] [mezz.jei.library.load.PluginCaller/]: Registering extra ingredients took 14.79 milliseconds
[31mar2026 20:44:24.267] [Render thread/DEBUG] [mezz.jei.common.config.file.ConfigSerializer/]: Skipping loading config file, it was just saved by us: C:\Users\SrNadien\Documents\Ultimate-Foods\run\config\jei\jei-client.ini
[31mar2026 20:44:24.268] [Render thread/INFO] [mezz.jei.library.load.PluginCaller/]: Registering search ingredient aliases...
[31mar2026 20:44:24.269] [Render thread/DEBUG] [mezz.jei.library.load.PluginCallerTimerRunnable/]: Registering search ingredient aliases: jei:minecraft...
[31mar2026 20:44:24.269] [Render thread/DEBUG] [mezz.jei.library.load.PluginCallerTimerRunnable/]: Registering search ingredient aliases: ultimatefoods:jei_plugin...
[31mar2026 20:44:24.270] [Render thread/DEBUG] [mezz.jei.library.load.PluginCallerTimerRunnable/]: Registering search ingredient aliases: avaritia:jei_plugin...
[31mar2026 20:44:24.270] [Render thread/DEBUG] [mezz.jei.library.load.PluginCallerTimerRunnable/]: Registering search ingredient aliases: jade:main...
[31mar2026 20:44:24.270] [Render thread/DEBUG] [mezz.jei.library.load.PluginCallerTimerRunnable/]: Registering search ingredient aliases: jei:neoforge_gui...
[31mar2026 20:44:24.271] [Render thread/DEBUG] [mezz.jei.library.load.PluginCallerTimerRunnable/]: Registering search ingredient aliases: jei:debug...
[31mar2026 20:44:24.288] [Render thread/INFO] [mezz.jei.library.load.PluginCallerTimerRunnable/]: Registering search ingredient aliases: jei:debug took 17.09 milliseconds
[31mar2026 20:44:24.288] [Render thread/DEBUG] [mezz.jei.library.load.PluginCallerTimerRunnable/]: Registering search ingredient aliases: jei:gui...
[31mar2026 20:44:24.288] [Render thread/DEBUG] [mezz.jei.library.load.PluginCallerTimerRunnable/]: Registering search ingredient aliases: jei:internal...
[31mar2026 20:44:24.289] [Render thread/INFO] [mezz.jei.library.load.PluginCaller/]: Registering search ingredient aliases took 20.74 milliseconds
[31mar2026 20:44:25.595] [Render thread/DEBUG] [mezz.jei.library.config.EditModeConfig/]: Saved blacklist config to file: C:\Users\SrNadien\Documents\Ultimate-Foods\run\config\jei\blacklist.json
[31mar2026 20:44:25.605] [Render thread/INFO] [mezz.jei.library.load.PluginCaller/]: Registering Mod Info...
[31mar2026 20:44:25.629] [Render thread/DEBUG] [mezz.jei.library.load.PluginCallerTimerRunnable/]: Registering Mod Info: jei:minecraft...
[31mar2026 20:44:25.630] [Render thread/DEBUG] [mezz.jei.library.load.PluginCallerTimerRunnable/]: Registering Mod Info: ultimatefoods:jei_plugin...
[31mar2026 20:44:25.630] [Render thread/DEBUG] [mezz.jei.library.load.PluginCallerTimerRunnable/]: Registering Mod Info: avaritia:jei_plugin...
[31mar2026 20:44:25.631] [Render thread/DEBUG] [mezz.jei.library.load.PluginCallerTimerRunnable/]: Registering Mod Info: jade:main...
[31mar2026 20:44:25.631] [Render thread/DEBUG] [mezz.jei.library.load.PluginCallerTimerRunnable/]: Registering Mod Info: jei:neoforge_gui...
[31mar2026 20:44:25.632] [Render thread/DEBUG] [mezz.jei.library.load.PluginCallerTimerRunnable/]: Registering Mod Info: jei:debug...
[31mar2026 20:44:25.632] [Render thread/DEBUG] [mezz.jei.library.load.PluginCallerTimerRunnable/]: Registering Mod Info: jei:gui...
[31mar2026 20:44:25.632] [Render thread/DEBUG] [mezz.jei.library.load.PluginCallerTimerRunnable/]: Registering Mod Info: jei:internal...
[31mar2026 20:44:25.635] [Render thread/INFO] [mezz.jei.library.load.PluginCaller/]: Registering Mod Info took 5.080 milliseconds
[31mar2026 20:44:26.415] [Render thread/INFO] [mezz.jei.library.load.PluginCaller/]: Registering categories...
[31mar2026 20:44:26.416] [Render thread/DEBUG] [mezz.jei.library.load.PluginCallerTimerRunnable/]: Registering categories: jei:minecraft...
[31mar2026 20:44:26.899] [Render thread/INFO] [mezz.jei.library.load.PluginCallerTimerRunnable/]: Registering categories: jei:minecraft took 484.0 milliseconds
[31mar2026 20:44:26.900] [Render thread/DEBUG] [mezz.jei.library.load.PluginCallerTimerRunnable/]: Registering categories: ultimatefoods:jei_plugin...
[31mar2026 20:44:26.917] [Render thread/INFO] [mezz.jei.library.load.PluginCallerTimerRunnable/]: Registering categories: ultimatefoods:jei_plugin took 16.40 milliseconds
[31mar2026 20:44:26.917] [Render thread/DEBUG] [mezz.jei.library.load.PluginCallerTimerRunnable/]: Registering categories: avaritia:jei_plugin...
[31mar2026 20:44:26.937] [Render thread/INFO] [mezz.jei.library.load.PluginCallerTimerRunnable/]: Registering categories: avaritia:jei_plugin took 18.71 milliseconds
[31mar2026 20:44:26.945] [Render thread/DEBUG] [mezz.jei.library.load.PluginCallerTimerRunnable/]: Registering categories: jade:main...
[31mar2026 20:44:26.946] [Render thread/DEBUG] [mezz.jei.library.load.PluginCallerTimerRunnable/]: Registering categories: jei:neoforge_gui...
[31mar2026 20:44:26.946] [Render thread/DEBUG] [mezz.jei.library.load.PluginCallerTimerRunnable/]: Registering categories: jei:debug...
[31mar2026 20:44:26.947] [Render thread/DEBUG] [mezz.jei.library.load.PluginCallerTimerRunnable/]: Registering categories: jei:gui...
[31mar2026 20:44:26.947] [Render thread/DEBUG] [mezz.jei.library.load.PluginCallerTimerRunnable/]: Registering categories: jei:internal...
[31mar2026 20:44:27.273] [Render thread/INFO] [mezz.jei.library.load.PluginCallerTimerRunnable/]: Registering categories: jei:internal took 326.9 milliseconds
[31mar2026 20:44:27.274] [Render thread/INFO] [mezz.jei.library.load.PluginCaller/]: Registering categories took 859.2 milliseconds
[31mar2026 20:44:27.277] [Render thread/INFO] [mezz.jei.library.load.PluginCaller/]: Registering vanilla category extensions...
[31mar2026 20:44:27.278] [Render thread/DEBUG] [mezz.jei.library.load.PluginCallerTimerRunnable/]: Registering vanilla category extensions: jei:minecraft...
[31mar2026 20:44:27.286] [Render thread/DEBUG] [mezz.jei.library.load.PluginCallerTimerRunnable/]: Registering vanilla category extensions: ultimatefoods:jei_plugin...
[31mar2026 20:44:27.286] [Render thread/DEBUG] [mezz.jei.library.load.PluginCallerTimerRunnable/]: Registering vanilla category extensions: avaritia:jei_plugin...
[31mar2026 20:44:27.287] [Render thread/DEBUG] [mezz.jei.library.load.PluginCallerTimerRunnable/]: Registering vanilla category extensions: jade:main...
[31mar2026 20:44:27.288] [Render thread/DEBUG] [mezz.jei.library.load.PluginCallerTimerRunnable/]: Registering vanilla category extensions: jei:neoforge_gui...
[31mar2026 20:44:27.289] [Render thread/DEBUG] [mezz.jei.library.load.PluginCallerTimerRunnable/]: Registering vanilla category extensions: jei:debug...
[31mar2026 20:44:27.289] [Render thread/DEBUG] [mezz.jei.library.load.PluginCallerTimerRunnable/]: Registering vanilla category extensions: jei:gui...
[31mar2026 20:44:27.289] [Render thread/DEBUG] [mezz.jei.library.load.PluginCallerTimerRunnable/]: Registering vanilla category extensions: jei:internal...
[31mar2026 20:44:27.291] [Render thread/INFO] [mezz.jei.library.load.PluginCaller/]: Registering vanilla category extensions took 13.05 milliseconds
[31mar2026 20:44:27.292] [Render thread/INFO] [mezz.jei.library.load.PluginCaller/]: Registering recipe catalysts...
[31mar2026 20:44:27.294] [Render thread/DEBUG] [mezz.jei.library.load.PluginCallerTimerRunnable/]: Registering recipe catalysts: jei:minecraft...
[31mar2026 20:44:27.295] [Render thread/DEBUG] [mezz.jei.library.load.PluginCallerTimerRunnable/]: Registering recipe catalysts: ultimatefoods:jei_plugin...
[31mar2026 20:44:27.295] [Render thread/DEBUG] [mezz.jei.library.load.PluginCallerTimerRunnable/]: Registering recipe catalysts: avaritia:jei_plugin...
[31mar2026 20:44:27.296] [Render thread/DEBUG] [mezz.jei.library.load.PluginCallerTimerRunnable/]: Registering recipe catalysts: jade:main...
[31mar2026 20:44:27.296] [Render thread/DEBUG] [mezz.jei.library.load.PluginCallerTimerRunnable/]: Registering recipe catalysts: jei:neoforge_gui...
[31mar2026 20:44:27.296] [Render thread/DEBUG] [mezz.jei.library.load.PluginCallerTimerRunnable/]: Registering recipe catalysts: jei:debug...
[31mar2026 20:44:27.296] [Render thread/DEBUG] [mezz.jei.library.load.PluginCallerTimerRunnable/]: Registering recipe catalysts: jei:gui...
[31mar2026 20:44:27.297] [Render thread/DEBUG] [mezz.jei.library.load.PluginCallerTimerRunnable/]: Registering recipe catalysts: jei:internal...
[31mar2026 20:44:27.297] [Render thread/INFO] [mezz.jei.library.load.PluginCaller/]: Registering recipe catalysts took 3.951 milliseconds
[31mar2026 20:44:27.298] [Render thread/INFO] [mezz.jei.core.util.LoggedTimer/]: Building recipe registry...
[31mar2026 20:44:27.428] [Render thread/INFO] [mezz.jei.core.util.LoggedTimer/]: Building recipe registry took 128.5 milliseconds
[31mar2026 20:44:27.454] [Render thread/INFO] [mezz.jei.library.load.PluginCaller/]: Registering advanced plugins...
[31mar2026 20:44:27.455] [Render thread/DEBUG] [mezz.jei.library.load.PluginCallerTimerRunnable/]: Registering advanced plugins: jei:minecraft...
[31mar2026 20:44:27.461] [Render thread/DEBUG] [mezz.jei.library.load.PluginCallerTimerRunnable/]: Registering advanced plugins: ultimatefoods:jei_plugin...
[31mar2026 20:44:27.461] [Render thread/DEBUG] [mezz.jei.library.load.PluginCallerTimerRunnable/]: Registering advanced plugins: avaritia:jei_plugin...
[31mar2026 20:44:27.464] [Render thread/DEBUG] [mezz.jei.library.load.PluginCallerTimerRunnable/]: Registering advanced plugins: jade:main...
[31mar2026 20:44:27.465] [Render thread/DEBUG] [mezz.jei.library.load.PluginCallerTimerRunnable/]: Registering advanced plugins: jei:neoforge_gui...
[31mar2026 20:44:27.465] [Render thread/DEBUG] [mezz.jei.library.load.PluginCallerTimerRunnable/]: Registering advanced plugins: jei:debug...
[31mar2026 20:44:27.468] [Render thread/DEBUG] [mezz.jei.library.load.PluginCallerTimerRunnable/]: Registering advanced plugins: jei:gui...
[31mar2026 20:44:27.468] [Render thread/DEBUG] [mezz.jei.library.load.PluginCallerTimerRunnable/]: Registering advanced plugins: jei:internal...
[31mar2026 20:44:27.469] [Render thread/INFO] [mezz.jei.library.load.PluginCaller/]: Registering advanced plugins took 14.01 milliseconds
[31mar2026 20:44:27.471] [Render thread/INFO] [mezz.jei.library.load.PluginCaller/]: Registering recipes...
[31mar2026 20:44:27.477] [Render thread/DEBUG] [mezz.jei.library.load.PluginCallerTimerRunnable/]: Registering recipes: jei:minecraft...
[31mar2026 20:44:27.684] [Render thread/DEBUG] [mezz.jei.library.recipes.RecipeManagerInternal/]: Adding recipes: RecipeType[uid=minecraft:crafting, recipeClass=class net.minecraft.world.item.crafting.RecipeHolder]
[31mar2026 20:44:29.181] [Render thread/DEBUG] [mezz.jei.library.recipes.RecipeManagerInternal/]: Adding recipes: RecipeType[uid=minecraft:crafting, recipeClass=class net.minecraft.world.item.crafting.RecipeHolder]
[31mar2026 20:44:29.358] [Render thread/DEBUG] [mezz.jei.library.recipes.RecipeManagerInternal/]: Adding recipes: RecipeType[uid=minecraft:stonecutting, recipeClass=class net.minecraft.world.item.crafting.RecipeHolder]
[31mar2026 20:44:29.365] [Render thread/DEBUG] [mezz.jei.library.recipes.RecipeManagerInternal/]: Adding recipes: RecipeType[uid=minecraft:smelting, recipeClass=class net.minecraft.world.item.crafting.RecipeHolder]
[31mar2026 20:44:29.369] [Render thread/DEBUG] [mezz.jei.library.recipes.RecipeManagerInternal/]: Adding recipes: RecipeType[uid=minecraft:smoking, recipeClass=class net.minecraft.world.item.crafting.RecipeHolder]
[31mar2026 20:44:29.371] [Render thread/DEBUG] [mezz.jei.library.recipes.RecipeManagerInternal/]: Adding recipes: RecipeType[uid=minecraft:blasting, recipeClass=class net.minecraft.world.item.crafting.RecipeHolder]
[31mar2026 20:44:29.377] [Render thread/DEBUG] [mezz.jei.library.recipes.RecipeManagerInternal/]: Adding recipes: RecipeType[uid=minecraft:campfire_cooking, recipeClass=class net.minecraft.world.item.crafting.RecipeHolder]
[31mar2026 20:44:29.468] [Render thread/DEBUG] [mezz.jei.library.recipes.RecipeManagerInternal/]: Adding recipes: RecipeType[uid=minecraft:fuel, recipeClass=interface mezz.jei.api.recipe.vanilla.IJeiFuelingRecipe]
[31mar2026 20:44:29.620] [Render thread/DEBUG] [mezz.jei.library.recipes.RecipeManagerInternal/]: Adding recipes: RecipeType[uid=minecraft:anvil, recipeClass=interface mezz.jei.api.recipe.vanilla.IJeiAnvilRecipe]
[31mar2026 20:44:29.814] [Render thread/DEBUG] [mezz.jei.library.recipes.RecipeManagerInternal/]: Adding recipes: RecipeType[uid=minecraft:smithing, recipeClass=class net.minecraft.world.item.crafting.RecipeHolder]
[31mar2026 20:44:29.939] [Render thread/DEBUG] [mezz.jei.library.recipes.RecipeManagerInternal/]: Adding recipes: RecipeType[uid=minecraft:compostable, recipeClass=interface mezz.jei.api.recipe.vanilla.IJeiCompostingRecipe]
[31mar2026 20:44:30.299] [Render thread/DEBUG] [mezz.jei.library.recipes.RecipeManagerInternal/]: Adding recipes: RecipeType[uid=minecraft:brewing, recipeClass=interface mezz.jei.api.recipe.vanilla.IJeiBrewingRecipe]
[31mar2026 20:44:30.566] [Render thread/DEBUG] [mezz.jei.library.recipes.RecipeManagerInternal/]: Adding recipes: RecipeType[uid=minecraft:grindstone, recipeClass=interface mezz.jei.api.recipe.vanilla.IJeiGrindstoneRecipe]
[31mar2026 20:44:30.582] [Render thread/INFO] [mezz.jei.library.load.PluginCallerTimerRunnable/]: Registering recipes: jei:minecraft took 3.104 seconds
[31mar2026 20:44:30.582] [Render thread/DEBUG] [mezz.jei.library.load.PluginCallerTimerRunnable/]: Registering recipes: ultimatefoods:jei_plugin...
[31mar2026 20:44:30.583] [Render thread/DEBUG] [mezz.jei.library.recipes.RecipeManagerInternal/]: Adding recipes: RecipeType[uid=ultimatefoods:netherite_dagger_ritual, recipeClass=class nadiendev.ultimatefoods.integration.jei.NetheriteDaggerRecipe]
[31mar2026 20:44:30.587] [Render thread/DEBUG] [mezz.jei.library.recipes.RecipeManagerInternal/]: Adding recipes: RecipeType[uid=jei:information, recipeClass=interface mezz.jei.api.recipe.vanilla.IJeiIngredientInfoRecipe]
[31mar2026 20:44:30.588] [Render thread/DEBUG] [mezz.jei.library.recipes.RecipeManagerInternal/]: Adding recipes: RecipeType[uid=jei:information, recipeClass=interface mezz.jei.api.recipe.vanilla.IJeiIngredientInfoRecipe]
[31mar2026 20:44:30.589] [Render thread/DEBUG] [mezz.jei.library.recipes.RecipeManagerInternal/]: Adding recipes: RecipeType[uid=jei:information, recipeClass=interface mezz.jei.api.recipe.vanilla.IJeiIngredientInfoRecipe]
[31mar2026 20:44:30.680] [Render thread/DEBUG] [mezz.jei.library.recipes.RecipeManagerInternal/]: Adding recipes: RecipeType[uid=jei:information, recipeClass=interface mezz.jei.api.recipe.vanilla.IJeiIngredientInfoRecipe]
[31mar2026 20:44:30.680] [Render thread/DEBUG] [mezz.jei.library.recipes.RecipeManagerInternal/]: Adding recipes: RecipeType[uid=jei:information, recipeClass=interface mezz.jei.api.recipe.vanilla.IJeiIngredientInfoRecipe]
[31mar2026 20:44:30.681] [Render thread/INFO] [mezz.jei.library.load.PluginCallerTimerRunnable/]: Registering recipes: ultimatefoods:jei_plugin took 98.84 milliseconds
[31mar2026 20:44:30.682] [Render thread/DEBUG] [mezz.jei.library.load.PluginCallerTimerRunnable/]: Registering recipes: avaritia:jei_plugin...
[31mar2026 20:44:30.682] [Render thread/DEBUG] [mezz.jei.library.recipes.RecipeManagerInternal/]: Adding recipes: RecipeType[uid=avaritia:compressor, recipeClass=class net.minecraft.world.item.crafting.RecipeHolder]
[31mar2026 20:44:30.683] [Render thread/DEBUG] [mezz.jei.library.recipes.RecipeManagerInternal/]: Adding recipes: RecipeType[uid=avaritia:extreme_smithing, recipeClass=class net.minecraft.world.item.crafting.RecipeHolder]
[31mar2026 20:44:30.687] [Render thread/DEBUG] [mezz.jei.library.recipes.RecipeManagerInternal/]: Adding recipes: RecipeType[uid=avaritia:sculk_craft, recipeClass=class net.minecraft.world.item.crafting.RecipeHolder]
[31mar2026 20:44:30.695] [Render thread/DEBUG] [mezz.jei.library.recipes.RecipeManagerInternal/]: Adding recipes: RecipeType[uid=avaritia:nether_craft, recipeClass=class net.minecraft.world.item.crafting.RecipeHolder]
[31mar2026 20:44:30.696] [Render thread/DEBUG] [mezz.jei.library.recipes.RecipeManagerInternal/]: Adding recipes: RecipeType[uid=avaritia:end_craft, recipeClass=class net.minecraft.world.item.crafting.RecipeHolder]
[31mar2026 20:44:30.698] [Render thread/DEBUG] [mezz.jei.library.recipes.RecipeManagerInternal/]: Adding recipes: RecipeType[uid=avaritia:extreme_craft, recipeClass=class net.minecraft.world.item.crafting.RecipeHolder]
[31mar2026 20:44:30.708] [Render thread/DEBUG] [mezz.jei.library.recipes.RecipeManagerInternal/]: Adding recipes: RecipeType[uid=jei:information, recipeClass=interface mezz.jei.api.recipe.vanilla.IJeiIngredientInfoRecipe]
[31mar2026 20:44:30.709] [Render thread/DEBUG] [mezz.jei.library.recipes.RecipeManagerInternal/]: Adding recipes: RecipeType[uid=jei:information, recipeClass=interface mezz.jei.api.recipe.vanilla.IJeiIngredientInfoRecipe]
[31mar2026 20:44:30.710] [Render thread/DEBUG] [mezz.jei.library.recipes.RecipeManagerInternal/]: Adding recipes: RecipeType[uid=jei:information, recipeClass=interface mezz.jei.api.recipe.vanilla.IJeiIngredientInfoRecipe]
[31mar2026 20:44:30.711] [Render thread/DEBUG] [mezz.jei.library.recipes.RecipeManagerInternal/]: Adding recipes: RecipeType[uid=jei:information, recipeClass=interface mezz.jei.api.recipe.vanilla.IJeiIngredientInfoRecipe]
[31mar2026 20:44:30.712] [Render thread/DEBUG] [mezz.jei.library.recipes.RecipeManagerInternal/]: Adding recipes: RecipeType[uid=jei:information, recipeClass=interface mezz.jei.api.recipe.vanilla.IJeiIngredientInfoRecipe]
[31mar2026 20:44:30.712] [Render thread/DEBUG] [mezz.jei.library.recipes.RecipeManagerInternal/]: Adding recipes: RecipeType[uid=jei:information, recipeClass=interface mezz.jei.api.recipe.vanilla.IJeiIngredientInfoRecipe]
[31mar2026 20:44:30.713] [Render thread/DEBUG] [mezz.jei.library.recipes.RecipeManagerInternal/]: Adding recipes: RecipeType[uid=jei:information, recipeClass=interface mezz.jei.api.recipe.vanilla.IJeiIngredientInfoRecipe]
[31mar2026 20:44:30.714] [Render thread/INFO] [mezz.jei.library.load.PluginCallerTimerRunnable/]: Registering recipes: avaritia:jei_plugin took 32.64 milliseconds
[31mar2026 20:44:30.715] [Render thread/DEBUG] [mezz.jei.library.load.PluginCallerTimerRunnable/]: Registering recipes: jade:main...
[31mar2026 20:44:30.715] [Render thread/DEBUG] [mezz.jei.library.load.PluginCallerTimerRunnable/]: Registering recipes: jei:neoforge_gui...
[31mar2026 20:44:30.715] [Render thread/DEBUG] [mezz.jei.library.load.PluginCallerTimerRunnable/]: Registering recipes: jei:debug...
[31mar2026 20:44:30.729] [Render thread/INFO] [mezz.jei.library.load.PluginCallerTimerRunnable/]: Registering recipes: jei:debug took 13.70 milliseconds
[31mar2026 20:44:30.730] [Render thread/DEBUG] [mezz.jei.library.load.PluginCallerTimerRunnable/]: Registering recipes: jei:gui...
[31mar2026 20:44:30.730] [Render thread/DEBUG] [mezz.jei.library.load.PluginCallerTimerRunnable/]: Registering recipes: jei:internal...
[31mar2026 20:44:30.735] [Render thread/DEBUG] [mezz.jei.library.plugins.jei.tags.TagInfoRecipeMaker/]: No valid ingredients found for minecraft:item tag: Water (c:drinks/water)
[31mar2026 20:44:30.736] [Render thread/DEBUG] [mezz.jei.library.plugins.jei.tags.TagInfoRecipeMaker/]: No valid ingredients found for minecraft:item tag: Candies (c:foods/candy)
[31mar2026 20:44:30.740] [Render thread/DEBUG] [mezz.jei.library.plugins.jei.tags.TagInfoRecipeMaker/]: No valid ingredients found for minecraft:item tag: Juice (c:drinks/juice)
[31mar2026 20:44:30.744] [Render thread/DEBUG] [mezz.jei.library.plugins.jei.tags.TagInfoRecipeMaker/]: No valid ingredients found for minecraft:item tag: Wrenches (c:tools/wrench)
[31mar2026 20:44:30.748] [Render thread/DEBUG] [mezz.jei.library.plugins.jei.tags.TagInfoRecipeMaker/]: No valid ingredients found for minecraft:item tag: Ropes (c:ropes)
[31mar2026 20:44:30.749] [Render thread/DEBUG] [mezz.jei.library.recipes.RecipeManagerInternal/]: Adding recipes: RecipeType[uid=minecraft:tag_recipes/item, recipeClass=interface mezz.jei.library.plugins.jei.tags.ITagInfoRecipe]
[31mar2026 20:44:31.094] [Render thread/DEBUG] [mezz.jei.library.plugins.jei.tags.TagInfoRecipeMaker/]: No valid ingredients found for minecraft:block tag: #minecraft:fire (minecraft:fire)
[31mar2026 20:44:31.095] [Render thread/DEBUG] [mezz.jei.library.plugins.jei.tags.TagInfoRecipeMaker/]: No valid ingredients found for minecraft:block tag: #avaritia:needs_blaze_tool (avaritia:needs_blaze_tool)
[31mar2026 20:44:31.096] [Render thread/DEBUG] [mezz.jei.library.plugins.jei.tags.TagInfoRecipeMaker/]: No valid ingredients found for minecraft:block tag: Relocation Not Supported (c:relocation_not_supported)
[31mar2026 20:44:31.100] [Render thread/DEBUG] [mezz.jei.library.plugins.jei.tags.TagInfoRecipeMaker/]: No valid ingredients found for minecraft:block tag: Ropes (c:ropes)
[31mar2026 20:44:31.101] [Render thread/DEBUG] [mezz.jei.library.plugins.jei.tags.TagInfoRecipeMaker/]: No valid ingredients found for minecraft:block tag: #ultimatefoods:incorrect_for_nadienite_tool (ultimatefoods:incorrect_for_nadienite_tool)
[31mar2026 20:44:31.101] [Render thread/DEBUG] [mezz.jei.library.plugins.jei.tags.TagInfoRecipeMaker/]: No valid ingredients found for minecraft:block tag: #minecraft:strider_warm_blocks (minecraft:strider_warm_blocks)
[31mar2026 20:44:31.102] [Render thread/DEBUG] [mezz.jei.library.plugins.jei.tags.TagInfoRecipeMaker/]: No valid ingredients found for minecraft:block tag: #minecraft:invalid_spawn_inside (minecraft:invalid_spawn_inside)
[31mar2026 20:44:31.103] [Render thread/DEBUG] [mezz.jei.library.plugins.jei.tags.TagInfoRecipeMaker/]: No valid ingredients found for minecraft:block tag: #minecraft:air (minecraft:air)
[31mar2026 20:44:31.104] [Render thread/DEBUG] [mezz.jei.library.plugins.jei.tags.TagInfoRecipeMaker/]: No valid ingredients found for minecraft:block tag: Enderman Place On Blacklist (neoforge:enderman_place_on_blacklist)
[31mar2026 20:44:31.105] [Render thread/DEBUG] [mezz.jei.library.plugins.jei.tags.TagInfoRecipeMaker/]: No valid ingredients found for minecraft:block tag: #avaritia:needs_infinity_tool (avaritia:needs_infinity_tool)
[31mar2026 20:44:31.105] [Render thread/DEBUG] [mezz.jei.library.plugins.jei.tags.TagInfoRecipeMaker/]: No valid ingredients found for minecraft:block tag: #minecraft:incorrect_for_netherite_tool (minecraft:incorrect_for_netherite_tool)
[31mar2026 20:44:31.106] [Render thread/DEBUG] [mezz.jei.library.plugins.jei.tags.TagInfoRecipeMaker/]: No valid ingredients found for minecraft:block tag: #avaritia:needs_crystal_tool (avaritia:needs_crystal_tool)
[31mar2026 20:44:31.107] [Render thread/DEBUG] [mezz.jei.library.plugins.jei.tags.TagInfoRecipeMaker/]: No valid ingredients found for minecraft:block tag: #minecraft:candle_cakes (minecraft:candle_cakes)
[31mar2026 20:44:31.107] [Render thread/DEBUG] [mezz.jei.library.recipes.RecipeManagerInternal/]: Adding recipes: RecipeType[uid=minecraft:tag_recipes/block, recipeClass=interface mezz.jei.library.plugins.jei.tags.ITagInfoRecipe]
[31mar2026 20:44:31.327] [Render thread/DEBUG] [mezz.jei.library.plugins.jei.tags.TagInfoRecipeMaker/]: No valid ingredients found for minecraft:fluid tag: Experience (c:experience)
[31mar2026 20:44:31.328] [Render thread/DEBUG] [mezz.jei.library.plugins.jei.tags.TagInfoRecipeMaker/]: No valid ingredients found for minecraft:fluid tag: Gaseous (c:gaseous)
[31mar2026 20:44:31.328] [Render thread/DEBUG] [mezz.jei.library.plugins.jei.tags.TagInfoRecipeMaker/]: No valid ingredients found for minecraft:fluid tag: Honey (c:honey)
[31mar2026 20:44:31.329] [Render thread/DEBUG] [mezz.jei.library.plugins.jei.tags.TagInfoRecipeMaker/]: No valid ingredients found for minecraft:fluid tag: Beetroot Soup (c:beetroot_soup)
[31mar2026 20:44:31.329] [Render thread/DEBUG] [mezz.jei.library.plugins.jei.tags.TagInfoRecipeMaker/]: No valid ingredients found for minecraft:fluid tag: Potion (c:potion)
[31mar2026 20:44:31.329] [Render thread/DEBUG] [mezz.jei.library.plugins.jei.tags.TagInfoRecipeMaker/]: No valid ingredients found for minecraft:fluid tag: Mushroom Stew (c:mushroom_stew)
[31mar2026 20:44:31.329] [Render thread/DEBUG] [mezz.jei.library.plugins.jei.tags.TagInfoRecipeMaker/]: No valid ingredients found for minecraft:fluid tag: Suspicious Stew (c:suspicious_stew)
[31mar2026 20:44:31.330] [Render thread/DEBUG] [mezz.jei.library.plugins.jei.tags.TagInfoRecipeMaker/]: No valid ingredients found for minecraft:fluid tag: Milk (c:milk)
[31mar2026 20:44:31.330] [Render thread/DEBUG] [mezz.jei.library.plugins.jei.tags.TagInfoRecipeMaker/]: No valid ingredients found for minecraft:fluid tag: Rabbit Stew (c:rabbit_stew)
[31mar2026 20:44:31.330] [Render thread/DEBUG] [mezz.jei.library.recipes.RecipeManagerInternal/]: Adding recipes: RecipeType[uid=minecraft:tag_recipes/fluid, recipeClass=interface mezz.jei.library.plugins.jei.tags.ITagInfoRecipe]
[31mar2026 20:44:31.331] [Render thread/INFO] [mezz.jei.library.load.PluginCallerTimerRunnable/]: Registering recipes: jei:internal took 600.9 milliseconds
[31mar2026 20:44:31.332] [Render thread/INFO] [mezz.jei.library.load.PluginCaller/]: Registering recipes took 3.856 seconds
[31mar2026 20:44:31.346] [Render thread/INFO] [mezz.jei.library.load.PluginCaller/]: Registering recipes transfer handlers...
[31mar2026 20:44:31.348] [Render thread/DEBUG] [mezz.jei.library.load.PluginCallerTimerRunnable/]: Registering recipes transfer handlers: jei:minecraft...
[31mar2026 20:44:31.352] [Render thread/DEBUG] [mezz.jei.library.load.PluginCallerTimerRunnable/]: Registering recipes transfer handlers: ultimatefoods:jei_plugin...
[31mar2026 20:44:31.354] [Render thread/DEBUG] [mezz.jei.library.load.PluginCallerTimerRunnable/]: Registering recipes transfer handlers: avaritia:jei_plugin...
[31mar2026 20:44:31.354] [Render thread/DEBUG] [mezz.jei.library.load.PluginCallerTimerRunnable/]: Registering recipes transfer handlers: jade:main...
[31mar2026 20:44:31.355] [Render thread/DEBUG] [mezz.jei.library.load.PluginCallerTimerRunnable/]: Registering recipes transfer handlers: jei:neoforge_gui...
[31mar2026 20:44:31.355] [Render thread/DEBUG] [mezz.jei.library.load.PluginCallerTimerRunnable/]: Registering recipes transfer handlers: jei:debug...
[31mar2026 20:44:31.355] [Render thread/DEBUG] [mezz.jei.library.load.PluginCallerTimerRunnable/]: Registering recipes transfer handlers: jei:gui...
[31mar2026 20:44:31.355] [Render thread/DEBUG] [mezz.jei.library.load.PluginCallerTimerRunnable/]: Registering recipes transfer handlers: jei:internal...
[31mar2026 20:44:31.355] [Render thread/INFO] [mezz.jei.library.load.PluginCaller/]: Registering recipes transfer handlers took 8.327 milliseconds
[31mar2026 20:44:31.363] [Render thread/INFO] [mezz.jei.core.util.LoggedTimer/]: Building runtime...
[31mar2026 20:44:31.460] [Render thread/INFO] [mezz.jei.library.load.PluginCaller/]: Registering gui handlers...
[31mar2026 20:44:31.461] [Render thread/DEBUG] [mezz.jei.library.load.PluginCallerTimerRunnable/]: Registering gui handlers: jei:minecraft...
[31mar2026 20:44:31.479] [Render thread/INFO] [mezz.jei.library.load.PluginCallerTimerRunnable/]: Registering gui handlers: jei:minecraft took 18.11 milliseconds
[31mar2026 20:44:31.480] [Render thread/DEBUG] [mezz.jei.library.load.PluginCallerTimerRunnable/]: Registering gui handlers: ultimatefoods:jei_plugin...
[31mar2026 20:44:31.482] [Render thread/DEBUG] [mezz.jei.library.load.PluginCallerTimerRunnable/]: Registering gui handlers: avaritia:jei_plugin...
[31mar2026 20:44:31.483] [Render thread/DEBUG] [mezz.jei.library.load.PluginCallerTimerRunnable/]: Registering gui handlers: jade:main...
[31mar2026 20:44:31.485] [Render thread/DEBUG] [mezz.jei.library.load.PluginCallerTimerRunnable/]: Registering gui handlers: jei:neoforge_gui...
[31mar2026 20:44:31.493] [Render thread/DEBUG] [mezz.jei.library.load.PluginCallerTimerRunnable/]: Registering gui handlers: jei:debug...
[31mar2026 20:44:31.494] [Render thread/DEBUG] [mezz.jei.library.load.PluginCallerTimerRunnable/]: Registering gui handlers: jei:gui...
[31mar2026 20:44:31.502] [Render thread/DEBUG] [mezz.jei.library.load.PluginCallerTimerRunnable/]: Registering gui handlers: jei:internal...
[31mar2026 20:44:31.515] [Render thread/INFO] [mezz.jei.library.load.PluginCallerTimerRunnable/]: Registering gui handlers: jei:internal took 12.40 milliseconds
[31mar2026 20:44:31.516] [Render thread/INFO] [mezz.jei.library.load.PluginCaller/]: Registering gui handlers took 55.33 milliseconds
[31mar2026 20:44:31.528] [Render thread/INFO] [mezz.jei.library.load.PluginCaller/]: Registering Runtime...
[31mar2026 20:44:31.529] [Render thread/DEBUG] [mezz.jei.library.load.PluginCallerTimerRunnable/]: Registering Runtime: jei:minecraft...
[31mar2026 20:44:31.530] [Render thread/DEBUG] [mezz.jei.library.load.PluginCallerTimerRunnable/]: Registering Runtime: ultimatefoods:jei_plugin...
[31mar2026 20:44:31.530] [Render thread/DEBUG] [mezz.jei.library.load.PluginCallerTimerRunnable/]: Registering Runtime: avaritia:jei_plugin...
[31mar2026 20:44:31.530] [Render thread/DEBUG] [mezz.jei.library.load.PluginCallerTimerRunnable/]: Registering Runtime: jade:main...
[31mar2026 20:44:31.530] [Render thread/DEBUG] [mezz.jei.library.load.PluginCallerTimerRunnable/]: Registering Runtime: jei:neoforge_gui...
[31mar2026 20:44:31.535] [Render thread/INFO] [mezz.jei.gui.startup.JeiGuiStarter/]: Starting JEI GUI
[31mar2026 20:44:31.536] [Render thread/INFO] [mezz.jei.core.util.LoggedTimer/]: Building ingredient list...
[31mar2026 20:44:31.646] [Render thread/DEBUG] [mezz.jei.gui.ingredients.IngredientListElementFactory/]: Registering ingredients: ItemStack
[31mar2026 20:44:31.913] [Render thread/DEBUG] [mezz.jei.gui.ingredients.IngredientListElementFactory/]: Registering ingredients: FluidStack
[31mar2026 20:44:31.914] [Render thread/INFO] [mezz.jei.core.util.LoggedTimer/]: Building ingredient list took 269.0 milliseconds
[31mar2026 20:44:31.997] [Render thread/INFO] [mezz.jei.core.util.LoggedTimer/]: Building ingredient filter...
[31mar2026 20:44:32.115] [Render thread/INFO] [mezz.jei.gui.ingredients.IngredientFilter/]: Adding 1851 ingredients
[31mar2026 20:44:34.802] [Render thread/INFO] [mezz.jei.gui.ingredients.IngredientFilter/]: Added 1851 ingredients
[31mar2026 20:44:34.805] [Render thread/INFO] [mezz.jei.core.util.LoggedTimer/]: Building ingredient filter took 2.807 seconds
[31mar2026 20:44:35.315] [Render thread/INFO] [mezz.jei.library.load.PluginCallerTimerRunnable/]: Registering Runtime: jei:neoforge_gui took 3.785 seconds
[31mar2026 20:44:35.316] [Render thread/DEBUG] [mezz.jei.library.load.PluginCallerTimerRunnable/]: Registering Runtime: jei:debug...
[31mar2026 20:44:35.316] [Render thread/DEBUG] [mezz.jei.library.load.PluginCallerTimerRunnable/]: Registering Runtime: jei:gui...
[31mar2026 20:44:35.317] [Render thread/DEBUG] [mezz.jei.library.load.PluginCallerTimerRunnable/]: Registering Runtime: jei:internal...
[31mar2026 20:44:35.317] [Render thread/INFO] [mezz.jei.library.load.PluginCaller/]: Registering Runtime took 3.789 seconds
[31mar2026 20:44:35.318] [Render thread/INFO] [mezz.jei.core.util.LoggedTimer/]: Building runtime took 3.955 seconds
[31mar2026 20:44:35.319] [Render thread/INFO] [mezz.jei.library.load.PluginCaller/]: Sending Runtime...
[31mar2026 20:44:35.320] [Render thread/DEBUG] [mezz.jei.library.load.PluginCallerTimerRunnable/]: Sending Runtime: jei:minecraft...
[31mar2026 20:44:35.321] [Render thread/DEBUG] [mezz.jei.library.load.PluginCallerTimerRunnable/]: Sending Runtime: ultimatefoods:jei_plugin...
[31mar2026 20:44:35.321] [Render thread/DEBUG] [mezz.jei.library.load.PluginCallerTimerRunnable/]: Sending Runtime: avaritia:jei_plugin...
[31mar2026 20:44:35.322] [Render thread/DEBUG] [mezz.jei.library.load.PluginCallerTimerRunnable/]: Sending Runtime: jade:main...
[31mar2026 20:44:35.322] [Render thread/DEBUG] [mezz.jei.library.load.PluginCallerTimerRunnable/]: Sending Runtime: jei:neoforge_gui...
[31mar2026 20:44:35.322] [Render thread/DEBUG] [mezz.jei.library.load.PluginCallerTimerRunnable/]: Sending Runtime: jei:debug...
[31mar2026 20:44:35.322] [Render thread/DEBUG] [mezz.jei.library.load.PluginCallerTimerRunnable/]: Sending Runtime: jei:gui...
[31mar2026 20:44:35.323] [Render thread/DEBUG] [mezz.jei.library.load.PluginCallerTimerRunnable/]: Sending Runtime: jei:internal...
[31mar2026 20:44:35.349] [Render thread/INFO] [mezz.jei.library.load.PluginCallerTimerRunnable/]: Sending Runtime: jei:internal took 26.41 milliseconds
[31mar2026 20:44:35.350] [Render thread/INFO] [mezz.jei.library.load.PluginCaller/]: Sending Runtime took 29.91 milliseconds
[31mar2026 20:44:35.350] [Render thread/INFO] [mezz.jei.core.util.LoggedTimer/]: Starting JEI took 22.39 seconds
[31mar2026 20:44:35.565] [Render thread/INFO] [snownee.jade.Jade/]: Received config from the server: 
[31mar2026 20:44:35.577] [Render thread/INFO] [net.minecraft.advancements.AdvancementTree/]: Loaded 12 advancements
[31mar2026 20:44:40.585] [Server thread/INFO] [net.minecraft.client.server.IntegratedServer/]: Saving and pausing game...
[31mar2026 20:44:40.659] [Server thread/INFO] [net.minecraft.server.MinecraftServer/]: Saving chunks for level 'ServerLevel[New World]'/minecraft:overworld
[31mar2026 20:44:40.868] [Server thread/INFO] [net.minecraft.server.MinecraftServer/]: Saving chunks for level 'ServerLevel[New World]'/minecraft:the_end
[31mar2026 20:44:40.877] [Server thread/INFO] [net.minecraft.server.MinecraftServer/]: Saving chunks for level 'ServerLevel[New World]'/minecraft:the_nether
[31mar2026 20:44:40.905] [Server thread/DEBUG] [net.neoforged.neoforge.common.CommonHooks/WP]: Gathered mod list to write to world save New World
[31mar2026 20:44:40.948] [Server thread/WARN] [net.minecraft.server.MinecraftServer/]: Can't keep up! Is the server overloaded? Running 2334ms or 46 ticks behind
[31mar2026 20:44:53.453] [JEI Deduplicating Run Executor 0/DEBUG] [mezz.jei.common.config.file.ConfigSerializer/]: Saving config file: C:\Users\SrNadien\Documents\Ultimate-Foods\run\config\jei\jei-client.ini
[31mar2026 20:44:53.996] [JEI Config File Watcher/DEBUG] [mezz.jei.common.config.file.FileWatcherThread/]: Detected changes in files:
C:\Users\SrNadien\Documents\Ultimate-Foods\run\config\jei\jei-client.ini
[31mar2026 20:44:54.793] [Render thread/DEBUG] [mezz.jei.common.config.file.ConfigSerializer/]: Skipping loading config file, it was just saved by us: C:\Users\SrNadien\Documents\Ultimate-Foods\run\config\jei\jei-client.ini
[31mar2026 20:45:01.555] [JEI Deduplicating Run Executor 0/DEBUG] [mezz.jei.gui.config.LookupHistoryJsonConfig/]: Saved lookup history config to file: C:\Users\SrNadien\Documents\Ultimate-Foods\run\config\jei\world\local\New_World\lookupHistory.json
[31mar2026 20:45:02.569] [Render thread/INFO] [net.minecraft.client.gui.components.ChatComponent/]: [System] [CHAT] Captura de pantalla guardada como 2026-03-31_20.45.02.png
[31mar2026 20:45:13.010] [Render thread/INFO] [net.minecraft.client.gui.components.ChatComponent/]: [System] [CHAT] Captura de pantalla guardada como 2026-03-31_20.45.12.png
[31mar2026 20:45:37.081] [Server thread/INFO] [net.minecraft.client.server.IntegratedServer/]: Saving and pausing game...
[31mar2026 20:45:37.100] [Server thread/INFO] [net.minecraft.server.MinecraftServer/]: Saving chunks for level 'ServerLevel[New World]'/minecraft:overworld
[31mar2026 20:45:37.130] [Server thread/INFO] [net.minecraft.server.MinecraftServer/]: Saving chunks for level 'ServerLevel[New World]'/minecraft:the_end
[31mar2026 20:45:37.130] [Server thread/INFO] [net.minecraft.server.MinecraftServer/]: Saving chunks for level 'ServerLevel[New World]'/minecraft:the_nether
[31mar2026 20:45:37.132] [Server thread/DEBUG] [net.neoforged.neoforge.common.CommonHooks/WP]: Gathered mod list to write to world save New World
[31mar2026 20:45:54.795] [Render thread/INFO] [net.minecraft.client.gui.components.ChatComponent/]: [System] [CHAT] Captura de pantalla guardada como 2026-03-31_20.45.54.png
[31mar2026 20:45:58.471] [Render thread/INFO] [net.minecraft.client.gui.components.ChatComponent/]: [System] [CHAT] Captura de pantalla guardada como 2026-03-31_20.45.58.png
[31mar2026 20:46:00.406] [Render thread/INFO] [net.minecraft.client.gui.components.ChatComponent/]: [System] [CHAT] Captura de pantalla guardada como 2026-03-31_20.46.00.png
[31mar2026 20:46:13.745] [JEI Deduplicating Run Executor 0/DEBUG] [mezz.jei.gui.config.LookupHistoryJsonConfig/]: Saved lookup history config to file: C:\Users\SrNadien\Documents\Ultimate-Foods\run\config\jei\world\local\New_World\lookupHistory.json
[31mar2026 20:46:16.275] [Render thread/INFO] [net.minecraft.client.gui.components.ChatComponent/]: [System] [CHAT] Captura de pantalla guardada como 2026-03-31_20.46.16.png
[31mar2026 20:46:20.581] [Render thread/INFO] [net.minecraft.client.gui.components.ChatComponent/]: [System] [CHAT] Captura de pantalla guardada como 2026-03-31_20.46.20.png
[31mar2026 20:46:23.035] [JEI Deduplicating Run Executor 0/DEBUG] [mezz.jei.gui.config.LookupHistoryJsonConfig/]: Saved lookup history config to file: C:\Users\SrNadien\Documents\Ultimate-Foods\run\config\jei\world\local\New_World\lookupHistory.json
[31mar2026 20:46:33.881] [JEI Deduplicating Run Executor 0/DEBUG] [mezz.jei.gui.config.LookupHistoryJsonConfig/]: Saved lookup history config to file: C:\Users\SrNadien\Documents\Ultimate-Foods\run\config\jei\world\local\New_World\lookupHistory.json
[31mar2026 20:47:54.741] [Server thread/WARN] [net.minecraft.server.MinecraftServer/]: Can't keep up! Is the server overloaded? Running 2028ms or 40 ticks behind
[31mar2026 20:49:26.910] [Server thread/DEBUG] [net.neoforged.neoforge.common.CommonHooks/WP]: Gathered mod list to write to world save New World
[31mar2026 20:49:33.784] [JEI Deduplicating Run Executor 0/DEBUG] [mezz.jei.gui.config.LookupHistoryJsonConfig/]: Saved lookup history config to file: C:\Users\SrNadien\Documents\Ultimate-Foods\run\config\jei\world\local\New_World\lookupHistory.json
[31mar2026 20:51:08.786] [Server thread/WARN] [net.minecraft.server.MinecraftServer/]: Can't keep up! Is the server overloaded? Running 2223ms or 44 ticks behind
[31mar2026 20:52:13.684] [Render thread/INFO] [net.minecraft.advancements.AdvancementTree/]: Loaded 13 advancements
[31mar2026 20:52:36.435] [Render thread/INFO] [net.minecraft.client.gui.components.ChatComponent/]: [System] [CHAT] Captura de pantalla guardada como 2026-03-31_20.52.36.png
[31mar2026 20:54:29.825] [Server thread/DEBUG] [net.neoforged.neoforge.common.CommonHooks/WP]: Gathered mod list to write to world save New World
[31mar2026 20:55:30.454] [JEI Deduplicating Run Executor 0/DEBUG] [mezz.jei.gui.config.LookupHistoryJsonConfig/]: Saved lookup history config to file: C:\Users\SrNadien\Documents\Ultimate-Foods\run\config\jei\world\local\New_World\lookupHistory.json
[31mar2026 20:56:12.300] [Server thread/WARN] [net.minecraft.server.MinecraftServer/]: Can't keep up! Is the server overloaded? Running 2286ms or 45 ticks behind
[31mar2026 20:57:24.840] [Server thread/WARN] [net.minecraft.server.MinecraftServer/]: Can't keep up! Is the server overloaded? Running 2776ms or 55 ticks behind
[31mar2026 20:58:32.522] [Render thread/INFO] [net.minecraft.client.Minecraft/]: Stopping!
[31mar2026 20:58:32.549] [Render thread/DEBUG] [mezz.jei.neoforge.startup.StartEventObserver/]: JEI StartEventObserver received event: class net.neoforged.neoforge.client.event.ClientPlayerNetworkEvent$LoggingOut
[31mar2026 20:58:32.549] [Render thread/DEBUG] [mezz.jei.neoforge.startup.StartEventObserver/]: JEI StartEventObserver transitioning state from JEI_STARTED to LISTENING
[31mar2026 20:58:32.550] [Render thread/INFO] [mezz.jei.library.startup.JeiStarter/]: Stopping JEI
[31mar2026 20:58:32.550] [Render thread/INFO] [mezz.jei.library.load.PluginCaller/]: Sending Runtime Unavailable...
[31mar2026 20:58:32.551] [Render thread/DEBUG] [mezz.jei.library.load.PluginCallerTimerRunnable/]: Sending Runtime Unavailable: jei:minecraft...
[31mar2026 20:58:32.551] [Render thread/DEBUG] [mezz.jei.library.load.PluginCallerTimerRunnable/]: Sending Runtime Unavailable: ultimatefoods:jei_plugin...
[31mar2026 20:58:32.551] [Render thread/DEBUG] [mezz.jei.library.load.PluginCallerTimerRunnable/]: Sending Runtime Unavailable: avaritia:jei_plugin...
[31mar2026 20:58:32.551] [Render thread/DEBUG] [mezz.jei.library.load.PluginCallerTimerRunnable/]: Sending Runtime Unavailable: jade:main...
[31mar2026 20:58:32.551] [Render thread/DEBUG] [mezz.jei.library.load.PluginCallerTimerRunnable/]: Sending Runtime Unavailable: jei:neoforge_gui...
[31mar2026 20:58:32.552] [Render thread/INFO] [mezz.jei.neoforge.plugins.neoforge.NeoForgeGuiPlugin/]: Stopping JEI GUI
[31mar2026 20:58:32.562] [Render thread/DEBUG] [mezz.jei.library.load.PluginCallerTimerRunnable/]: Sending Runtime Unavailable: jei:debug...
[31mar2026 20:58:32.562] [Render thread/DEBUG] [mezz.jei.library.load.PluginCallerTimerRunnable/]: Sending Runtime Unavailable: jei:gui...
[31mar2026 20:58:32.562] [Render thread/DEBUG] [mezz.jei.library.load.PluginCallerTimerRunnable/]: Sending Runtime Unavailable: jei:internal...
[31mar2026 20:58:32.563] [Render thread/INFO] [mezz.jei.library.load.PluginCaller/]: Sending Runtime Unavailable took 11.49 milliseconds
[31mar2026 20:58:32.607] [Server thread/INFO] [net.minecraft.server.network.ServerGamePacketListenerImpl/]: Dev lost connection: Desconectado
[31mar2026 20:58:32.608] [Server thread/INFO] [net.minecraft.server.MinecraftServer/]: Dev ha abandonado la partida
[31mar2026 20:58:32.709] [Server thread/INFO] [net.minecraft.server.network.ServerCommonPacketListenerImpl/]: Stopping singleplayer server as player logged out
[31mar2026 20:58:32.886] [Server thread/INFO] [net.minecraft.server.MinecraftServer/]: Stopping server
[31mar2026 20:58:32.888] [Server thread/INFO] [net.minecraft.server.MinecraftServer/]: Saving players
[31mar2026 20:58:32.888] [Server thread/INFO] [net.minecraft.server.MinecraftServer/]: Saving worlds
[31mar2026 20:58:33.973] [Server thread/INFO] [net.minecraft.server.MinecraftServer/]: Saving chunks for level 'ServerLevel[New World]'/minecraft:overworld
[31mar2026 20:58:34.071] [Server thread/INFO] [net.minecraft.server.MinecraftServer/]: Saving chunks for level 'ServerLevel[New World]'/minecraft:the_end
[31mar2026 20:58:34.086] [Server thread/INFO] [net.minecraft.server.MinecraftServer/]: Saving chunks for level 'ServerLevel[New World]'/minecraft:the_nether
[31mar2026 20:58:34.163] [Server thread/DEBUG] [net.neoforged.neoforge.common.CommonHooks/WP]: Gathered mod list to write to world save New World
[31mar2026 20:58:34.195] [Server thread/INFO] [net.minecraft.server.MinecraftServer/]: ThreadedAnvilChunkStorage (New World): All chunks are saved
[31mar2026 20:58:34.195] [Server thread/INFO] [net.minecraft.server.MinecraftServer/]: ThreadedAnvilChunkStorage (DIM1): All chunks are saved
[31mar2026 20:58:34.195] [Server thread/INFO] [net.minecraft.server.MinecraftServer/]: ThreadedAnvilChunkStorage (DIM-1): All chunks are saved
[31mar2026 20:58:34.195] [Server thread/INFO] [net.minecraft.server.MinecraftServer/]: ThreadedAnvilChunkStorage: All dimensions are saved
[31mar2026 20:58:34.217] [Server thread/DEBUG] [net.neoforged.fml.config.ConfigTracker/CONFIG]: Unloading configs type SERVER
