[06feb2026 17:51:04.539] [main/INFO] [cpw.mods.modlauncher.Launcher/MODLAUNCHER]: ModLauncher running: args [--mod, ultimatefoods, --all, --output, E:\modsmios\UltimateFoodsMod\src\generated\resources, --existing, E:\modsmios\UltimateFoodsMod\src\main\resources, --launchTarget, forgedatadev, --assetIndex, asset-index, --assetsDir, C:\Users\SrNadien\.gradle\caches\minecraft\assets, --gameDir, ., --fml.fmlVersion, 4.0.42, --fml.mcVersion, 1.21.1, --fml.neoForgeVersion, 21.1.215, --fml.neoFormVersion, 20240808.144430]
[06feb2026 17:51:04.565] [main/INFO] [cpw.mods.modlauncher.Launcher/MODLAUNCHER]: JVM identified as Oracle Corporation Java HotSpot(TM) 64-Bit Server VM 21.0.7+8-LTS-245
[06feb2026 17:51:04.601] [main/INFO] [cpw.mods.modlauncher.Launcher/MODLAUNCHER]: ModLauncher 11.0.5+main.901c6ea8 starting: java version 21.0.7 by Oracle Corporation; OS Windows 10 arch amd64 version 10.0
[06feb2026 17:51:04.796] [main/DEBUG] [cpw.mods.modlauncher.LaunchServiceHandler/MODLAUNCHER]: Found launch services [minecraft,forgeclient,forgedatauserdev,testharness,forgeserverdev,forgeserveruserdev,forgejunitdev,forgeclientdev,forgeclientuserdev,forgeserver,forgejunituserdev,forgedatadev]
[06feb2026 17:51:04.961] [main/DEBUG] [cpw.mods.modlauncher.LaunchPluginHandler/MODLAUNCHER]: Found launch plugins: [mixin,slf4jfixer,runtime_enum_extender,accesstransformer,runtimedistcleaner]
[06feb2026 17:51:04.983] [main/DEBUG] [cpw.mods.modlauncher.TransformationServicesHandler/MODLAUNCHER]: Discovering transformation services
[06feb2026 17:51:05.014] [main/DEBUG] [net.neoforged.fml.loading.FMLPaths/CORE]: Path GAMEDIR is E:\modsmios\UltimateFoodsMod\run-data
[06feb2026 17:51:05.014] [main/DEBUG] [net.neoforged.fml.loading.FMLPaths/CORE]: Path MODSDIR is E:\modsmios\UltimateFoodsMod\run-data\mods
[06feb2026 17:51:05.014] [main/DEBUG] [net.neoforged.fml.loading.FMLPaths/CORE]: Path CONFIGDIR is E:\modsmios\UltimateFoodsMod\run-data\config
[06feb2026 17:51:05.014] [main/DEBUG] [net.neoforged.fml.loading.FMLPaths/CORE]: Path FMLCONFIG is E:\modsmios\UltimateFoodsMod\run-data\config\fml.toml
[06feb2026 17:51:05.148] [main/TRACE] [net.neoforged.fml.loading.FMLConfig/CORE]: Loaded FML config from E:\modsmios\UltimateFoodsMod\run-data\config\fml.toml
[06feb2026 17:51:05.148] [main/TRACE] [net.neoforged.fml.loading.FMLConfig/CORE]: FMLConfig disableConfigWatcher is false
[06feb2026 17:51:05.148] [main/TRACE] [net.neoforged.fml.loading.FMLConfig/CORE]: FMLConfig earlyWindowControl is true
[06feb2026 17:51:05.148] [main/TRACE] [net.neoforged.fml.loading.FMLConfig/CORE]: FMLConfig maxThreads is 2
[06feb2026 17:51:05.148] [main/TRACE] [net.neoforged.fml.loading.FMLConfig/CORE]: FMLConfig versionCheck is true
[06feb2026 17:51:05.148] [main/TRACE] [net.neoforged.fml.loading.FMLConfig/CORE]: FMLConfig defaultConfigPath is defaultconfigs
[06feb2026 17:51:05.148] [main/TRACE] [net.neoforged.fml.loading.FMLConfig/CORE]: FMLConfig disableOptimizedDFU is true
[06feb2026 17:51:05.148] [main/TRACE] [net.neoforged.fml.loading.FMLConfig/CORE]: FMLConfig earlyWindowProvider is fmlearlywindow
[06feb2026 17:51:05.148] [main/TRACE] [net.neoforged.fml.loading.FMLConfig/CORE]: FMLConfig earlyWindowWidth is 854
[06feb2026 17:51:05.148] [main/TRACE] [net.neoforged.fml.loading.FMLConfig/CORE]: FMLConfig earlyWindowHeight is 480
[06feb2026 17:51:05.148] [main/TRACE] [net.neoforged.fml.loading.FMLConfig/CORE]: FMLConfig earlyWindowFBScale is 1
[06feb2026 17:51:05.148] [main/TRACE] [net.neoforged.fml.loading.FMLConfig/CORE]: FMLConfig earlyWindowMaximized is false
[06feb2026 17:51:05.148] [main/TRACE] [net.neoforged.fml.loading.FMLConfig/CORE]: FMLConfig earlyWindowSkipGLVersions is []
[06feb2026 17:51:05.148] [main/TRACE] [net.neoforged.fml.loading.FMLConfig/CORE]: FMLConfig earlyWindowSquir is false
[06feb2026 17:51:05.195] [main/DEBUG] [net.neoforged.fml.loading.targets.CommonLaunchHandler/CORE]: Got mod coordinates UltimateFoodsMod%%E:\modsmios\UltimateFoodsMod\build\resources\main;UltimateFoodsMod%%E:\modsmios\UltimateFoodsMod\build\classes\java\main from env
[06feb2026 17:51:05.195] [main/DEBUG] [net.neoforged.fml.loading.targets.CommonLaunchHandler/CORE]: Found supplied mod coordinates [{UltimateFoodsMod=[E:\modsmios\UltimateFoodsMod\build\resources\main, E:\modsmios\UltimateFoodsMod\build\classes\java\main]}]
[06feb2026 17:51:05.210] [main/DEBUG] [cpw.mods.modlauncher.TransformationServicesHandler/MODLAUNCHER]: Found additional transformation services from discovery services: 
[06feb2026 17:51:05.226] [main/INFO] [net.neoforged.fml.loading.ImmediateWindowHandler/]: ImmediateWindowProvider not loading because launch target is forgedatadev
[06feb2026 17:51:05.642] [main/DEBUG] [cpw.mods.modlauncher.TransformationServicesHandler/MODLAUNCHER]: Found transformer services : [mixin,fml]
[06feb2026 17:51:05.642] [main/DEBUG] [cpw.mods.modlauncher.TransformationServicesHandler/MODLAUNCHER]: Transformation services loading
[06feb2026 17:51:05.644] [main/DEBUG] [cpw.mods.modlauncher.TransformationServiceDecorator/MODLAUNCHER]: Loading service mixin
[06feb2026 17:51:05.645] [main/DEBUG] [cpw.mods.modlauncher.TransformationServiceDecorator/MODLAUNCHER]: Loaded service mixin
[06feb2026 17:51:05.645] [main/DEBUG] [cpw.mods.modlauncher.TransformationServiceDecorator/MODLAUNCHER]: Loading service fml
[06feb2026 17:51:05.646] [main/DEBUG] [net.neoforged.fml.loading.FMLLoader/CORE]: FML 4.0.42 loading
[06feb2026 17:51:05.647] [main/DEBUG] [net.neoforged.fml.loading.FMLLoader/CORE]: FML found ModLauncher version : 11.0.5+main.901c6ea8
[06feb2026 17:51:05.647] [main/DEBUG] [net.neoforged.fml.loading.FMLLoader/CORE]: FML found AccessTransformer version : 10.0.1+139da711
[06feb2026 17:51:05.648] [main/DEBUG] [net.neoforged.fml.loading.FMLLoader/CORE]: FML found EventBus version : null
[06feb2026 17:51:05.650] [main/DEBUG] [net.neoforged.fml.loading.FMLLoader/CORE]: Found Runtime Dist Cleaner
[06feb2026 17:51:05.650] [main/DEBUG] [cpw.mods.modlauncher.TransformationServiceDecorator/MODLAUNCHER]: Loaded service fml
[06feb2026 17:51:05.651] [main/DEBUG] [cpw.mods.modlauncher.TransformationServicesHandler/MODLAUNCHER]: Configuring option handling for services
[06feb2026 17:51:05.736] [main/DEBUG] [net.neoforged.fml.loading.FMLServiceProvider/CORE]: Received command line version data  : VersionInfo[neoForgeVersion=21.1.215, fmlVersion=4.0.42, mcVersion=1.21.1, neoFormVersion=20240808.144430]
[06feb2026 17:51:05.736] [main/DEBUG] [cpw.mods.modlauncher.TransformationServicesHandler/MODLAUNCHER]: Transformation services initializing
[06feb2026 17:51:05.736] [main/DEBUG] [cpw.mods.modlauncher.TransformationServiceDecorator/MODLAUNCHER]: Initializing transformation service mixin
[06feb2026 17:51:05.817] [main/DEBUG] [mixin/]: MixinService [ModLauncher] was successfully booted in cpw.mods.cl.ModuleClassLoader@17c1bced
[06feb2026 17:51:05.889] [main/INFO] [mixin/]: SpongePowered MIXIN Subsystem Version=0.8.7 Source=union:/C:/Users/SrNadien/.gradle/caches/modules-2/files-2.1/net.fabricmc/sponge-mixin/0.15.2+mixin.0.8.7/2af2f021d8e02a0220dc27a7a72b4666d66d44ca/sponge-mixin-0.15.2+mixin.0.8.7.jar%23142!/ Service=ModLauncher Env=CLIENT
[06feb2026 17:51:05.901] [main/DEBUG] [mixin/]: Initialising Mixin Platform Manager
[06feb2026 17:51:05.901] [main/DEBUG] [mixin/]: Adding mixin platform agents for container ModLauncher Root Container(ModLauncher:4f56a0a2)
[06feb2026 17:51:05.901] [main/DEBUG] [mixin/]: Instancing new MixinPlatformAgentMinecraftForge for ModLauncher Root Container(ModLauncher:4f56a0a2)
[06feb2026 17:51:05.901] [main/DEBUG] [mixin/]: MixinPlatformAgentMinecraftForge rejected container ModLauncher Root Container(ModLauncher:4f56a0a2)
[06feb2026 17:51:05.901] [main/DEBUG] [mixin/]: Instancing new MixinPlatformAgentDefault for ModLauncher Root Container(ModLauncher:4f56a0a2)
[06feb2026 17:51:05.901] [main/DEBUG] [mixin/]: MixinPlatformAgentDefault accepted container ModLauncher Root Container(ModLauncher:4f56a0a2)
[06feb2026 17:51:05.901] [main/DEBUG] [cpw.mods.modlauncher.TransformationServiceDecorator/MODLAUNCHER]: Initialized transformation service mixin
[06feb2026 17:51:05.901] [main/DEBUG] [cpw.mods.modlauncher.TransformationServiceDecorator/MODLAUNCHER]: Initializing transformation service fml
[06feb2026 17:51:05.901] [main/DEBUG] [net.neoforged.fml.loading.FMLServiceProvider/CORE]: Setting up basic FML game directories
[06feb2026 17:51:05.901] [main/DEBUG] [net.neoforged.fml.loading.FMLPaths/CORE]: Path GAMEDIR is E:\modsmios\UltimateFoodsMod\run-data
[06feb2026 17:51:05.901] [main/DEBUG] [net.neoforged.fml.loading.FMLPaths/CORE]: Path MODSDIR is E:\modsmios\UltimateFoodsMod\run-data\mods
[06feb2026 17:51:05.901] [main/DEBUG] [net.neoforged.fml.loading.FMLPaths/CORE]: Path CONFIGDIR is E:\modsmios\UltimateFoodsMod\run-data\config
[06feb2026 17:51:05.917] [main/DEBUG] [net.neoforged.fml.loading.FMLPaths/CORE]: Path FMLCONFIG is E:\modsmios\UltimateFoodsMod\run-data\config\fml.toml
[06feb2026 17:51:05.917] [main/DEBUG] [net.neoforged.fml.loading.FMLServiceProvider/CORE]: Loading configuration
[06feb2026 17:51:05.917] [main/TRACE] [net.neoforged.fml.loading.FMLConfig/CORE]: Loaded FML config from E:\modsmios\UltimateFoodsMod\run-data\config\fml.toml
[06feb2026 17:51:05.917] [main/TRACE] [net.neoforged.fml.loading.FMLConfig/CORE]: FMLConfig disableConfigWatcher is false
[06feb2026 17:51:05.917] [main/TRACE] [net.neoforged.fml.loading.FMLConfig/CORE]: FMLConfig earlyWindowControl is true
[06feb2026 17:51:05.917] [main/TRACE] [net.neoforged.fml.loading.FMLConfig/CORE]: FMLConfig maxThreads is 2
[06feb2026 17:51:05.917] [main/TRACE] [net.neoforged.fml.loading.FMLConfig/CORE]: FMLConfig versionCheck is true
[06feb2026 17:51:05.917] [main/TRACE] [net.neoforged.fml.loading.FMLConfig/CORE]: FMLConfig defaultConfigPath is defaultconfigs
[06feb2026 17:51:05.917] [main/TRACE] [net.neoforged.fml.loading.FMLConfig/CORE]: FMLConfig disableOptimizedDFU is true
[06feb2026 17:51:05.933] [main/TRACE] [net.neoforged.fml.loading.FMLConfig/CORE]: FMLConfig earlyWindowProvider is fmlearlywindow
[06feb2026 17:51:05.933] [main/TRACE] [net.neoforged.fml.loading.FMLConfig/CORE]: FMLConfig earlyWindowWidth is 854
[06feb2026 17:51:05.933] [main/TRACE] [net.neoforged.fml.loading.FMLConfig/CORE]: FMLConfig earlyWindowHeight is 480
[06feb2026 17:51:05.933] [main/TRACE] [net.neoforged.fml.loading.FMLConfig/CORE]: FMLConfig earlyWindowFBScale is 1
[06feb2026 17:51:05.933] [main/TRACE] [net.neoforged.fml.loading.FMLConfig/CORE]: FMLConfig earlyWindowMaximized is false
[06feb2026 17:51:05.933] [main/TRACE] [net.neoforged.fml.loading.FMLConfig/CORE]: FMLConfig earlyWindowSkipGLVersions is []
[06feb2026 17:51:05.933] [main/TRACE] [net.neoforged.fml.loading.FMLConfig/CORE]: FMLConfig earlyWindowSquir is false
[06feb2026 17:51:05.933] [main/DEBUG] [net.neoforged.fml.loading.LaunchContext/SCAN]: Located paths when launch context was created: [C:\Users\SrNadien\.gradle\caches\modules-2\files-2.1\org.lwjgl\lwjgl-freetype\3.3.3\15a8c1de7f51d07a92eae7ce1222557073a0c0c3\lwjgl-freetype-3.3.3-natives-windows-x86.jar, C:\Users\SrNadien\.gradle\caches\modules-2\files-2.1\org.lwjgl\lwjgl-stb\3.3.3\1d9facdf6541de114b0f963be33505b7679c78cb\lwjgl-stb-3.3.3-natives-windows.jar, C:\Users\SrNadien\.gradle\caches\modules-2\files-2.1\net.minecrell\terminalconsoleappender\1.3.0\b562e9bb61235c9520e26282cdee71f8f802d1fc\terminalconsoleappender-1.3.0.jar, C:\Users\SrNadien\.gradle\caches\modules-2\files-2.1\org.lwjgl\lwjgl-glfw\3.3.3\32334f3fd5270a59bad9939a93115acb6de36dcf\lwjgl-glfw-3.3.3-natives-windows-x86.jar, C:\Users\SrNadien\.gradle\caches\modules-2\files-2.1\com.electronwill.night-config\toml\3.8.3\90b2fd6efcb4a7d5b9810cf78f9d824994d717f2\toml-3.8.3.jar, C:\Users\SrNadien\.gradle\caches\modules-2\files-2.1\org.apache.httpcomponents\httpcore\4.4.16\51cf043c87253c9f58b539c9f7e44c8894223850\httpcore-4.4.16.jar, C:\Users\SrNadien\.gradle\caches\modules-2\files-2.1\net.neoforged.fancymodloader\loader\4.0.42\76e15f98bf676fb44b36c5e776f52a55581ec43a\loader-4.0.42.jar, C:\Users\SrNadien\.gradle\caches\modules-2\files-2.1\org.lwjgl\lwjgl-jemalloc\3.3.3\426222fc027602a5f21b9c0fe79cde6a4c7a011f\lwjgl-jemalloc-3.3.3-natives-windows.jar, C:\Users\SrNadien\.gradle\caches\modules-2\files-2.1\net.neoforged.fancymodloader\earlydisplay\4.0.42\46555dbfff14e9e052f1f693aed14d542a74e111\earlydisplay-4.0.42.jar, C:\Users\SrNadien\.gradle\caches\modules-2\files-2.1\com.mojang\brigadier\1.3.10\d15b53a14cf20fdcaa98f731af5dda654452c010\brigadier-1.3.10.jar, C:\Users\SrNadien\.gradle\caches\modules-2\files-2.1\net.minecraftforge\srgutils\0.4.15\ca408b131759478f164e010fae0d73997e125fb5\srgutils-0.4.15.jar, C:\Users\SrNadien\.gradle\caches\modules-2\files-2.1\ca.weblite\java-objc-bridge\1.1\1227f9e0666314f9de41477e3ec277e542ed7f7b\java-objc-bridge-1.1.jar, C:\Users\SrNadien\.gradle\caches\modules-2\files-2.1\com.google.errorprone\error_prone_annotations\2.18.0\89b684257096f548fa39a7df9fdaa409d4d4df91\error_prone_annotations-2.18.0.jar, C:\Users\SrNadien\.gradle\caches\modules-2\files-2.1\io.netty\netty-transport-native-unix-common\4.1.97.Final\d469d84265ab70095b01b40886cabdd433b6e664\netty-transport-native-unix-common-4.1.97.Final.jar, C:\Users\SrNadien\.gradle\caches\modules-2\files-2.1\org.lwjgl\lwjgl-opengl\3.3.3\2f6b0147078396a58979125a4c947664e98293a\lwjgl-opengl-3.3.3.jar, C:\Users\SrNadien\.gradle\caches\modules-2\files-2.1\com.mojang\text2speech\1.17.9\3cad216e3a7f0c19b4b394388bc9ffc446f13b14\text2speech-1.17.9.jar, C:\Users\SrNadien\.gradle\caches\modules-2\files-2.1\io.netty\netty-transport\4.1.97.Final\f37380d23c9bb079bc702910833b2fd532c9abd0\netty-transport-4.1.97.Final.jar, C:\Users\SrNadien\.gradle\caches\modules-2\files-2.1\org.lwjgl\lwjgl-freetype\3.3.3\a0db6c84a8becc8ca05f9dbfa985edc348a824c7\lwjgl-freetype-3.3.3.jar, C:\Users\SrNadien\.gradle\caches\modules-2\files-2.1\net.neoforged\mergetool\2.0.3\1275202cbbb248f49345cf6787ce299afd9a02fb\mergetool-2.0.3-api.jar, C:\Users\SrNadien\.gradle\caches\modules-2\files-2.1\org.lz4\lz4-java\1.8.0\4b986a99445e49ea5fbf5d149c4b63f6ed6c6780\lz4-java-1.8.0.jar, C:\Users\SrNadien\.gradle\caches\modules-2\files-2.1\org.apache.commons\commons-compress\1.26.0\659feffdd12280201c8aacb8f7be94f9a883c824\commons-compress-1.26.0.jar, C:\Users\SrNadien\.gradle\caches\modules-2\files-2.1\cpw.mods\modlauncher\11.0.5\b8f0d49294f733fdb6173931b263553e943dc950\modlauncher-11.0.5.jar, C:\Users\SrNadien\.gradle\caches\modules-2\files-2.1\org.jetbrains\annotations\24.1.0\7af6a669488450c4a07c2c3254e2151df42d7d04\annotations-24.1.0.jar, C:\Users\SrNadien\.gradle\caches\modules-2\files-2.1\net.java.dev.jna\jna-platform\5.14.0\28934d48aed814f11e4c584da55c49fa7032b31b\jna-platform-5.14.0.jar, C:\Users\SrNadien\.gradle\caches\modules-2\files-2.1\io.netty\netty-codec\4.1.97.Final\384ba4d75670befbedb45c4d3b497a93639c206d\netty-codec-4.1.97.Final.jar, C:\Users\SrNadien\.gradle\caches\modules-2\files-2.1\com.google.code.gson\gson\2.10.1\b3add478d4382b78ea20b1671390a858002feb6c\gson-2.10.1.jar, C:\Users\SrNadien\.gradle\caches\modules-2\files-2.1\com.github.oshi\oshi-core\6.4.10\b1d8ab82d11d92fd639b56d639f8f46f739dd5fa\oshi-core-6.4.10.jar, C:\Users\SrNadien\.gradle\caches\modules-2\files-2.1\org.lwjgl\lwjgl-tinyfd\3.3.3\a6697981b0449a5087c1d546fc08b4f73e8f98c9\lwjgl-tinyfd-3.3.3-natives-windows.jar, E:\modsmios\UltimateFoodsMod\.gradle\repositories\ng_dummy_ng\net\minecraft\client\1.21.1\client-1.21.1-client-extra.jar, C:\Users\SrNadien\.gradle\caches\modules-2\files-2.1\org.apache.logging.log4j\log4j-slf4j2-impl\2.22.1\d7e6693c2606cb7e7335047d7bb96dec52db5665\log4j-slf4j2-impl-2.22.1.jar, C:\Users\SrNadien\.gradle\caches\modules-2\files-2.1\net.neoforged\bus\8.0.5\5b2d33285ab5d1554e9798ad98c40d6ea3868bd5\bus-8.0.5.jar, C:\Users\SrNadien\.gradle\caches\modules-2\files-2.1\org.lwjgl\lwjgl\3.3.3\9e670718e050aeaeea0c2d5b907cffb142f2e58f\lwjgl-3.3.3-natives-windows-x86.jar, C:\Users\SrNadien\.gradle\caches\modules-2\files-2.1\com.google.guava\guava\32.1.2-jre\5e64ec7e056456bef3a4bc4c6fdaef71e8ab6318\guava-32.1.2-jre.jar, C:\Users\SrNadien\.gradle\caches\modules-2\files-2.1\org.lwjgl\lwjgl-tinyfd\3.3.3\82d755ca94b102e9ca77283b9e2dc46d1b15fbe5\lwjgl-tinyfd-3.3.3.jar, C:\Users\SrNadien\.gradle\caches\modules-2\files-2.1\org.lwjgl\lwjgl-glfw\3.3.3\efa1eb78c5ccd840e9f329717109b5e892d72f8e\lwjgl-glfw-3.3.3.jar, C:\Users\SrNadien\.gradle\caches\modules-2\files-2.1\net.neoforged\accesstransformers\10.0.1\fd83b5725f76eae9115e9355fa1c456a6a441400\accesstransformers-10.0.1.jar, C:\Users\SrNadien\.gradle\caches\modules-2\files-2.1\net.sf.jopt-simple\jopt-simple\5.0.4\4fdac2fbe92dfad86aa6e9301736f6b4342a3f5c\jopt-simple-5.0.4.jar, C:\Users\SrNadien\.gradle\caches\modules-2\files-2.1\net.neoforged.accesstransformers\at-modlauncher\10.0.1\5aba50202aceead086bc09fbc2751c9f05cb4890\at-modlauncher-10.0.1.jar, C:\Users\SrNadien\.gradle\caches\modules-2\files-2.1\org.antlr\antlr4-runtime\4.13.1\17125bae1d965624e265ef49552f6465a2bfa307\antlr4-runtime-4.13.1.jar, C:\Users\SrNadien\.gradle\caches\modules-2\files-2.1\com.ibm.icu\icu4j\73.2\61ad4ef7f9131fcf6d25c34b817f90d6da06c9e9\icu4j-73.2.jar, C:\Users\SrNadien\.gradle\caches\modules-2\files-2.1\com.mojang\patchy\2.2.10\da05971b07cbb379d002cf7eaec6a2048211fefc\patchy-2.2.10.jar, C:\Users\SrNadien\.gradle\caches\modules-2\files-2.1\org.apache.logging.log4j\log4j-api\2.22.1\bea6fede6328fabafd7e68363161a7ea6605abd1\log4j-api-2.22.1.jar, C:\Users\SrNadien\.gradle\caches\modules-2\files-2.1\org.jline\jline-reader\3.20.0\8f15415b022a25b473e8e16c28ae913186ffb9c4\jline-reader-3.20.0.jar, C:\Users\SrNadien\.gradle\caches\modules-2\files-2.1\io.netty\netty-buffer\4.1.97.Final\f8f3d8644afa5e6e1a40a3a6aeb9d9aa970ecb4f\netty-buffer-4.1.97.Final.jar, C:\Users\SrNadien\.gradle\caches\modules-2\files-2.1\com.google.j2objc\j2objc-annotations\2.8\c85270e307e7b822f1086b93689124b89768e273\j2objc-annotations-2.8.jar, C:\Users\SrNadien\.gradle\caches\modules-2\files-2.1\net.java.dev.jna\jna\5.14.0\67bf3eaea4f0718cb376a181a629e5f88fa1c9dd\jna-5.14.0.jar, C:\Users\SrNadien\.gradle\caches\modules-2\files-2.1\org.jcraft\jorbis\0.0.17\8872d22b293e8f5d7d56ff92be966e6dc28ebdc6\jorbis-0.0.17.jar, C:\Users\SrNadien\.gradle\caches\modules-2\files-2.1\commons-io\commons-io\2.15.1\f11560da189ab563a5c8e351941415430e9304ea\commons-io-2.15.1.jar, C:\Users\SrNadien\.gradle\caches\modules-2\files-2.1\com.mojang\datafixerupper\8.0.16\67d4de6d7f95d89bcf5862995fb854ebaec02a34\datafixerupper-8.0.16.jar, C:\Users\SrNadien\.gradle\caches\modules-2\files-2.1\commons-logging\commons-logging\1.2\4bfc12adfe4842bf07b657f0369c4cb522955686\commons-logging-1.2.jar, C:\Users\SrNadien\.gradle\caches\modules-2\files-2.1\io.netty\netty-transport-classes-epoll\4.1.97.Final\795da37ded759e862457a82d9d92c4d39ce8ecee\netty-transport-classes-epoll-4.1.97.Final.jar, C:\Users\SrNadien\.gradle\caches\modules-2\files-2.1\com.electronwill.night-config\core\3.8.3\b442a95f09e349927f5a945ecb594455870fcf4f\core-3.8.3.jar, C:\Users\SrNadien\.gradle\caches\modules-2\files-2.1\net.jodah\typetools\0.6.3\a01aaa6ddaea9ec07ec4f209487b7a46a526283a\typetools-0.6.3.jar, C:\Users\SrNadien\.gradle\caches\modules-2\files-2.1\org.jline\jline-terminal\3.20.0\d0ddcc708ddf527a3454c941b7b9225cc83a15ff\jline-terminal-3.20.0.jar, C:\Users\SrNadien\.gradle\caches\modules-2\files-2.1\org.lwjgl\lwjgl-stb\3.3.3\25dd6161988d7e65f71d5065c99902402ee32746\lwjgl-stb-3.3.3.jar, C:\Users\SrNadien\.gradle\caches\modules-2\files-2.1\com.machinezoo.noexception\noexception\1.7.1\b65330c98e38a1f915fa54a6e5eca496505e3f0a\noexception-1.7.1.jar, C:\Users\SrNadien\.gradle\caches\modules-2\files-2.1\org.apache.logging.log4j\log4j-core\2.22.1\7183a25510a02ad00cc6a95d3b3d2a7d3c5a8dc4\log4j-core-2.22.1.jar, C:\Users\SrNadien\.gradle\caches\modules-2\files-2.1\org.apache.httpcomponents\httpclient\4.5.13\e5f6cae5ca7ecaac1ec2827a9e2d65ae2869cada\httpclient-4.5.13.jar, C:\Users\SrNadien\.gradle\caches\modules-2\files-2.1\org.lwjgl\lwjgl-openal\3.3.3\daada81ceb5fc0c291fbfdd4433cb8d9423577f2\lwjgl-openal-3.3.3.jar, C:\Users\SrNadien\.gradle\caches\modules-2\files-2.1\com.mojang\blocklist\1.0.10\5c685c5ffa94c4cd39496c7184c1d122e515ecef\blocklist-1.0.10.jar, C:\Users\SrNadien\.gradle\caches\modules-2\files-2.1\org.lwjgl\lwjgl-opengl\3.3.3\65e956d3735a1abdc82eff4baec1b61174697d4b\lwjgl-opengl-3.3.3-natives-windows-arm64.jar, C:\Users\SrNadien\.gradle\caches\modules-2\files-2.1\org.openjdk.nashorn\nashorn-core\15.4\f67f5ffaa5f5130cf6fb9b133da00c7df3b532a5\nashorn-core-15.4.jar, C:\Users\SrNadien\.gradle\caches\modules-2\files-2.1\net.neoforged\JarJarSelector\0.4.1\fb3cc7a58af22ad2880adb98af6d518128c47dae\JarJarSelector-0.4.1.jar, C:\Users\SrNadien\.gradle\caches\modules-2\files-2.1\org.joml\joml\1.10.5\22566d58af70ad3d72308bab63b8339906deb649\joml-1.10.5.jar, C:\Users\SrNadien\.gradle\caches\modules-2\files-2.1\io.netty\netty-handler\4.1.97.Final\abb86c6906bf512bf2b797a41cd7d2e8d3cd7c36\netty-handler-4.1.97.Final.jar, C:\Users\SrNadien\.gradle\caches\modules-2\files-2.1\org.checkerframework\checker-qual\3.33.0\de2b60b62da487644fc11f734e73c8b0b431238f\checker-qual-3.33.0.jar, C:\Users\SrNadien\.gradle\caches\modules-2\files-2.1\com.mojang\authlib\6.0.54\de8bc95660e1b2fe8793fd427a7a10dcec5b3ea7\authlib-6.0.54.jar, C:\Users\SrNadien\.gradle\caches\modules-2\files-2.1\org.lwjgl\lwjgl-openal\3.3.3\87b8d5050e3adb46bb58fe1cb2669a4a48fce10d\lwjgl-openal-3.3.3-natives-windows-x86.jar, C:\Users\SrNadien\.gradle\caches\modules-2\files-2.1\com.google.code.findbugs\jsr305\3.0.2\25ea2e8b0c338a877313bd4672d3fe056ea78f0d\jsr305-3.0.2.jar, C:\Users\SrNadien\.gradle\caches\modules-2\files-2.1\org.lwjgl\lwjgl\3.3.3\29589b5f87ed335a6c7e7ee6a5775f81f97ecb84\lwjgl-3.3.3.jar, C:\Users\SrNadien\.gradle\caches\modules-2\files-2.1\org.codehaus.plexus\plexus-utils\3.3.0\cf43b5391de623b36fe066a21127baef82c64022\plexus-utils-3.3.0.jar, C:\Users\SrNadien\.gradle\caches\modules-2\files-2.1\com.google.guava\listenablefuture\9999.0-empty-to-avoid-conflict-with-guava\b421526c5f297295adef1c886e5246c39d4ac629\listenablefuture-9999.0-empty-to-avoid-conflict-with-guava.jar, C:\Users\SrNadien\.gradle\caches\modules-2\files-2.1\org.slf4j\slf4j-api\2.0.9\7cf2726fdcfbc8610f9a71fb3ed639871f315340\slf4j-api-2.0.9.jar, C:\Users\SrNadien\.gradle\caches\modules-2\files-2.1\org.lwjgl\lwjgl-jemalloc\3.3.3\b543467b7ff3c6920539a88ee602d34098628be5\lwjgl-jemalloc-3.3.3.jar, C:\Users\SrNadien\.gradle\caches\modules-2\files-2.1\net.neoforged\JarJarMetadata\0.4.1\f8da03683dc81694556dc3e177c5e3bb77ae6fcb\JarJarMetadata-0.4.1.jar, C:\Users\SrNadien\.gradle\caches\modules-2\files-2.1\com.mojang\logging\1.2.7\24cb95ffb0e3433fd6e844c04e68009e504ca1c0\logging-1.2.7.jar, C:\Users\SrNadien\.gradle\caches\modules-2\files-2.1\org.apache.maven\maven-artifact\3.8.5\4433f50c07debefaed0553bd0068f4f48d449313\maven-artifact-3.8.5.jar, C:\Users\SrNadien\.gradle\caches\modules-2\files-2.1\it.unimi.dsi\fastutil\8.5.12\c24946d46824bd528054bface3231d2ecb7e95e8\fastutil-8.5.12.jar, C:\Users\SrNadien\.gradle\caches\modules-2\files-2.1\com.google.guava\failureaccess\1.0.1\1dcf1de382a0bf95a3d8b0849546c88bac1292c9\failureaccess-1.0.1.jar, C:\Users\SrNadien\.gradle\caches\modules-2\files-2.1\commons-codec\commons-codec\1.16.0\4e3eb3d79888d76b54e28b350915b5dc3919c9de\commons-codec-1.16.0.jar, C:\Users\SrNadien\.gradle\caches\modules-2\files-2.1\net.neoforged\coremods\7.0.3\9147e6f638b4272b3bd5fc8f92ad37802512c6c\coremods-7.0.3.jar, C:\Users\SrNadien\.gradle\caches\modules-2\files-2.1\net.fabricmc\sponge-mixin\0.15.2+mixin.0.8.7\2af2f021d8e02a0220dc27a7a72b4666d66d44ca\sponge-mixin-0.15.2+mixin.0.8.7.jar, C:\Users\SrNadien\.gradle\caches\modules-2\files-2.1\org.apache.commons\commons-lang3\3.14.0\1ed471194b02f2c6cb734a0cd6f6f107c673afae\commons-lang3-3.14.0.jar, C:\Users\SrNadien\.gradle\caches\modules-2\files-2.1\io.netty\netty-common\4.1.97.Final\7cceacaf11df8dc63f23d0fb58e9d4640fc88404\netty-common-4.1.97.Final.jar, C:\Users\SrNadien\.gradle\caches\modules-2\files-2.1\io.netty\netty-resolver\4.1.97.Final\cec8348108dc76c47cf87c669d514be52c922144\netty-resolver-4.1.97.Final.jar]
[06feb2026 17:51:05.933] [main/DEBUG] [net.neoforged.fml.loading.FMLServiceProvider/CORE]: Preparing launch handler
[06feb2026 17:51:05.933] [main/DEBUG] [net.neoforged.fml.loading.FMLLoader/CORE]: Using forgedatadev as launch service
[06feb2026 17:51:05.933] [main/DEBUG] [net.neoforged.fml.common.asm.RuntimeDistCleaner/DISTXFORM]: Configuring for Dist CLIENT
[06feb2026 17:51:05.948] [main/DEBUG] [cpw.mods.modlauncher.TransformationServiceDecorator/MODLAUNCHER]: Initialized transformation service fml
[06feb2026 17:51:05.948] [main/DEBUG] [cpw.mods.modlauncher.TransformationServicesHandler/MODLAUNCHER]: Transformation services begin scanning
[06feb2026 17:51:05.948] [main/DEBUG] [cpw.mods.modlauncher.TransformationServiceDecorator/MODLAUNCHER]: Beginning scan trigger - transformation service mixin
[06feb2026 17:51:05.948] [main/DEBUG] [cpw.mods.modlauncher.TransformationServiceDecorator/MODLAUNCHER]: End scan trigger - transformation service mixin
[06feb2026 17:51:05.964] [main/DEBUG] [cpw.mods.modlauncher.TransformationServiceDecorator/MODLAUNCHER]: Beginning scan trigger - transformation service fml
[06feb2026 17:51:05.964] [main/DEBUG] [net.neoforged.fml.loading.FMLServiceProvider/CORE]: Initiating mod scan
[06feb2026 17:51:05.964] [main/DEBUG] [net.neoforged.fml.loading.targets.CommonLaunchHandler/CORE]: Got mod coordinates UltimateFoodsMod%%E:\modsmios\UltimateFoodsMod\build\resources\main;UltimateFoodsMod%%E:\modsmios\UltimateFoodsMod\build\classes\java\main from env
[06feb2026 17:51:05.964] [main/DEBUG] [net.neoforged.fml.loading.targets.CommonLaunchHandler/CORE]: Found supplied mod coordinates [{UltimateFoodsMod=[E:\modsmios\UltimateFoodsMod\build\resources\main, E:\modsmios\UltimateFoodsMod\build\classes\java\main]}]
[06feb2026 17:51:05.964] [main/DEBUG] [net.neoforged.fml.loading.targets.CommonDevLaunchHandler/]: Launching with NeoForge from E:\modsmios\UltimateFoodsMod\.gradle\repositories\ng_dummy_ng\net\neoforged\neoforge\21.1.215\neoforge-21.1.215.jar
[06feb2026 17:51:06.041] [main/DEBUG] [net.neoforged.fml.util.ServiceLoaderUtil/CORE]: Found 4 implementations of IModFileCandidateLocator:
[06feb2026 17:51:06.043] [main/DEBUG] [net.neoforged.fml.util.ServiceLoaderUtil/CORE]: 	       0 - [built-in] net.neoforged.fml.loading.moddiscovery.locators.NeoForgeDevProvider from loader-4.0.42.jar
[06feb2026 17:51:06.044] [main/DEBUG] [net.neoforged.fml.util.ServiceLoaderUtil/CORE]: 	       0 - net.neoforged.fml.loading.moddiscovery.locators.ModsFolderLocator from loader-4.0.42.jar
[06feb2026 17:51:06.044] [main/DEBUG] [net.neoforged.fml.util.ServiceLoaderUtil/CORE]: 	       0 - net.neoforged.fml.loading.moddiscovery.locators.MavenDirectoryLocator from loader-4.0.42.jar
[06feb2026 17:51:06.044] [main/DEBUG] [net.neoforged.fml.util.ServiceLoaderUtil/CORE]: 	   -1000 - [built-in] net.neoforged.fml.loading.moddiscovery.locators.UserdevLocator from loader-4.0.42.jar
[06feb2026 17:51:06.049] [main/DEBUG] [net.neoforged.fml.util.ServiceLoaderUtil/CORE]: Found 2 implementations of IModFileReader:
[06feb2026 17:51:06.051] [main/DEBUG] [net.neoforged.fml.util.ServiceLoaderUtil/CORE]: 	       0 - net.neoforged.fml.loading.moddiscovery.readers.JarModsDotTomlModFileReader from loader-4.0.42.jar
[06feb2026 17:51:06.052] [main/DEBUG] [net.neoforged.fml.util.ServiceLoaderUtil/CORE]: 	   -1000 - net.neoforged.fml.loading.moddiscovery.readers.NestedLibraryModReader from loader-4.0.42.jar
[06feb2026 17:51:06.055] [main/DEBUG] [net.neoforged.fml.util.ServiceLoaderUtil/CORE]: Found 1 implementations of IDependencyLocator:
[06feb2026 17:51:06.056] [main/DEBUG] [net.neoforged.fml.util.ServiceLoaderUtil/CORE]: 	       0 - net.neoforged.fml.loading.moddiscovery.locators.JarInJarDependencyLocator from loader-4.0.42.jar
[06feb2026 17:51:06.056] [main/DEBUG] [net.neoforged.fml.loading.moddiscovery.ModDiscoverer/SCAN]: Scanning for mods and other resources to load. We know 4 ways to find mods
[06feb2026 17:51:06.057] [main/DEBUG] [net.neoforged.fml.loading.moddiscovery.ModDiscoverer/SCAN]: Trying locator neoforge devenv provider ([E:\modsmios\UltimateFoodsMod\.gradle\repositories\ng_dummy_ng\net\neoforged\neoforge\21.1.215\neoforge-21.1.215.jar])
[06feb2026 17:51:06.883] [main/DEBUG] [net.neoforged.fml.loading.moddiscovery.ModFileInfo/LOADING]: Found valid mod file neoforge-21.1.215.jar with {minecraft} mods - versions {1.21.1}
[06feb2026 17:51:06.883] [main/INFO] [net.neoforged.fml.loading.moddiscovery.ModDiscoverer/SCAN]: Found mod file "neoforge-21.1.215.jar" [locator: neoforge devenv provider ([E:\modsmios\UltimateFoodsMod\.gradle\repositories\ng_dummy_ng\net\neoforged\neoforge\21.1.215\neoforge-21.1.215.jar])]
[06feb2026 17:51:06.915] [main/DEBUG] [net.neoforged.fml.loading.moddiscovery.readers.JarModsDotTomlModFileReader/SCAN]: Found META-INF/neoforge.mods.toml mod of type null: E:\modsmios\UltimateFoodsMod\.gradle\repositories\ng_dummy_ng\net\neoforged\neoforge\21.1.215\neoforge-21.1.215.jar
[06feb2026 17:51:06.915] [main/DEBUG] [net.neoforged.fml.loading.moddiscovery.ModFileParser/LOADING]: Considering mod file candidate E:\modsmios\UltimateFoodsMod\.gradle\repositories\ng_dummy_ng\net\neoforged\neoforge\21.1.215\neoforge-21.1.215.jar
[06feb2026 17:51:06.971] [main/DEBUG] [net.neoforged.fml.loading.moddiscovery.ModFileInfo/LOADING]: Found valid mod file neoforge-21.1.215.jar with {neoforge} mods - versions {21.1.215}
[06feb2026 17:51:06.971] [main/INFO] [net.neoforged.fml.loading.moddiscovery.ModDiscoverer/SCAN]: Found mod file "neoforge-21.1.215.jar" [locator: neoforge devenv provider ([E:\modsmios\UltimateFoodsMod\.gradle\repositories\ng_dummy_ng\net\neoforged\neoforge\21.1.215\neoforge-21.1.215.jar])]
[06feb2026 17:51:06.986] [main/DEBUG] [net.neoforged.fml.loading.moddiscovery.ModDiscoverer/SCAN]: Locator neoforge devenv provider ([E:\modsmios\UltimateFoodsMod\.gradle\repositories\ng_dummy_ng\net\neoforged\neoforge\21.1.215\neoforge-21.1.215.jar]) found 2 mods, 0 warnings, 0 errors and skipped 0 candidates
[06feb2026 17:51:06.986] [main/DEBUG] [net.neoforged.fml.loading.moddiscovery.ModDiscoverer/SCAN]: Trying locator {mods folder locator at E:\modsmios\UltimateFoodsMod\run-data\mods}
[06feb2026 17:51:06.986] [main/DEBUG] [net.neoforged.fml.loading.moddiscovery.locators.ModsFolderLocator/SCAN]: Scanning mods dir E:\modsmios\UltimateFoodsMod\run-data\mods for mods
[06feb2026 17:51:06.986] [main/DEBUG] [net.neoforged.fml.loading.moddiscovery.ModDiscoverer/SCAN]: Locator {mods folder locator at E:\modsmios\UltimateFoodsMod\run-data\mods} found 0 mods, 0 warnings, 0 errors and skipped 0 candidates
[06feb2026 17:51:06.986] [main/DEBUG] [net.neoforged.fml.loading.moddiscovery.ModDiscoverer/SCAN]: Trying locator maven libs
[06feb2026 17:51:07.002] [main/DEBUG] [net.neoforged.fml.loading.moddiscovery.ModListHandler/CORE]: Found mod coordinates from lists: []
[06feb2026 17:51:07.002] [main/DEBUG] [net.neoforged.fml.loading.moddiscovery.ModDiscoverer/SCAN]: Locator maven libs found 0 mods, 0 warnings, 0 errors and skipped 0 candidates
[06feb2026 17:51:07.002] [main/DEBUG] [net.neoforged.fml.loading.moddiscovery.ModDiscoverer/SCAN]: Trying locator userdev mods and services
[06feb2026 17:51:07.002] [main/DEBUG] [net.neoforged.fml.loading.moddiscovery.readers.JarModsDotTomlModFileReader/SCAN]: Found META-INF/neoforge.mods.toml mod of type null: E:\modsmios\UltimateFoodsMod\build\resources\main
[06feb2026 17:51:07.002] [main/DEBUG] [net.neoforged.fml.loading.moddiscovery.ModFileParser/LOADING]: Considering mod file candidate E:\modsmios\UltimateFoodsMod\build\resources\main
[06feb2026 17:51:07.043] [main/DEBUG] [net.neoforged.fml.loading.moddiscovery.ModFileInfo/LOADING]: Found valid mod file main with {ultimatefoods} mods - versions {1.1.6}
[06feb2026 17:51:07.043] [main/INFO] [net.neoforged.fml.loading.moddiscovery.ModDiscoverer/SCAN]: Found mod file "main" [locator: userdev mods and services, reader: mod manifest]
[06feb2026 17:51:07.067] [main/DEBUG] [net.neoforged.fml.loading.moddiscovery.readers.JarModsDotTomlModFileReader/SCAN]: Found META-INF/neoforge.mods.toml mod of type null: E:\modsmios\UltimateFoodsMod\.gradle\repositories\ng_dummy_ng\net\neoforged\neoforge\21.1.215\neoforge-21.1.215.jar
[06feb2026 17:51:07.089] [main/DEBUG] [net.neoforged.fml.loading.moddiscovery.ModFileParser/LOADING]: Considering mod file candidate E:\modsmios\UltimateFoodsMod\.gradle\repositories\ng_dummy_ng\net\neoforged\neoforge\21.1.215\neoforge-21.1.215.jar
[06feb2026 17:51:07.101] [main/DEBUG] [net.neoforged.fml.loading.moddiscovery.ModFileInfo/LOADING]: Found valid mod file neoforge-21.1.215.jar with {neoforge} mods - versions {21.1.215}
[06feb2026 17:51:07.101] [main/INFO] [net.neoforged.fml.loading.moddiscovery.ModDiscoverer/SCAN]: Found mod file "neoforge-21.1.215.jar" [locator: userdev mods and services, reader: mod manifest]
[06feb2026 17:51:07.113] [main/DEBUG] [net.neoforged.fml.loading.moddiscovery.readers.JarModsDotTomlModFileReader/SCAN]: Found META-INF/neoforge.mods.toml mod of type null: C:\Users\SrNadien\.gradle\caches\modules-2\files-2.1\curse.maven\jei-238222\7420587\27d0d85e7e32e926fc3664ab6815df5cdabb7941\jei-238222-7420587.jar
[06feb2026 17:51:07.113] [main/DEBUG] [net.neoforged.fml.loading.moddiscovery.ModFileParser/LOADING]: Considering mod file candidate C:\Users\SrNadien\.gradle\caches\modules-2\files-2.1\curse.maven\jei-238222\7420587\27d0d85e7e32e926fc3664ab6815df5cdabb7941\jei-238222-7420587.jar
[06feb2026 17:51:07.127] [main/DEBUG] [net.neoforged.fml.loading.moddiscovery.ModFileInfo/LOADING]: Found valid mod file jei-238222-7420587.jar with {jei} mods - versions {19.27.0.340}
[06feb2026 17:51:07.128] [main/INFO] [net.neoforged.fml.loading.moddiscovery.ModDiscoverer/SCAN]: Found mod file "jei-238222-7420587.jar" [locator: userdev mods and services, reader: mod manifest]
[06feb2026 17:51:07.135] [main/DEBUG] [net.neoforged.fml.loading.moddiscovery.readers.JarModsDotTomlModFileReader/SCAN]: Found META-INF/neoforge.mods.toml mod of type null: C:\Users\SrNadien\.gradle\caches\modules-2\files-2.1\curse.maven\jade-324717\7428884\7d23a1dd515872bd6498b8edd06bb84e61f2c4e7\jade-324717-7428884.jar
[06feb2026 17:51:07.135] [main/DEBUG] [net.neoforged.fml.loading.moddiscovery.ModFileParser/LOADING]: Considering mod file candidate C:\Users\SrNadien\.gradle\caches\modules-2\files-2.1\curse.maven\jade-324717\7428884\7d23a1dd515872bd6498b8edd06bb84e61f2c4e7\jade-324717-7428884.jar
[06feb2026 17:51:07.282] [main/DEBUG] [net.neoforged.fml.loading.moddiscovery.ModFileInfo/LOADING]: Found valid mod file jade-324717-7428884.jar with {jade} mods - versions {15.10.4+neoforge}
[06feb2026 17:51:07.284] [main/INFO] [net.neoforged.fml.loading.moddiscovery.ModDiscoverer/SCAN]: Found mod file "jade-324717-7428884.jar" [locator: userdev mods and services, reader: mod manifest]
[06feb2026 17:51:07.293] [main/DEBUG] [net.neoforged.fml.loading.moddiscovery.readers.JarModsDotTomlModFileReader/SCAN]: Found META-INF/neoforge.mods.toml mod of type null: C:\Users\SrNadien\.gradle\caches\modules-2\files-2.1\mezz.jei\jei-1.21.1-neoforge\19.27.0.340\27d0d85e7e32e926fc3664ab6815df5cdabb7941\jei-1.21.1-neoforge-19.27.0.340.jar
[06feb2026 17:51:07.294] [main/DEBUG] [net.neoforged.fml.loading.moddiscovery.ModFileParser/LOADING]: Considering mod file candidate C:\Users\SrNadien\.gradle\caches\modules-2\files-2.1\mezz.jei\jei-1.21.1-neoforge\19.27.0.340\27d0d85e7e32e926fc3664ab6815df5cdabb7941\jei-1.21.1-neoforge-19.27.0.340.jar
[06feb2026 17:51:07.307] [main/DEBUG] [net.neoforged.fml.loading.moddiscovery.ModFileInfo/LOADING]: Found valid mod file jei-1.21.1-neoforge-19.27.0.340.jar with {jei} mods - versions {19.27.0.340}
[06feb2026 17:51:07.307] [main/INFO] [net.neoforged.fml.loading.moddiscovery.ModDiscoverer/SCAN]: Found mod file "jei-1.21.1-neoforge-19.27.0.340.jar" [locator: userdev mods and services, reader: mod manifest]
[06feb2026 17:51:07.385] [main/DEBUG] [net.neoforged.fml.loading.moddiscovery.ModDiscoverer/]: Skipping C:\Users\SrNadien\.gradle\caches\modules-2\files-2.1\com.github.oshi\oshi-core\6.4.10\b1d8ab82d11d92fd639b56d639f8f46f739dd5fa\oshi-core-6.4.10.jar because it was already located earlier
[06feb2026 17:51:07.385] [main/DEBUG] [net.neoforged.fml.loading.moddiscovery.ModDiscoverer/]: Skipping C:\Users\SrNadien\.gradle\caches\modules-2\files-2.1\com.mojang\authlib\6.0.54\de8bc95660e1b2fe8793fd427a7a10dcec5b3ea7\authlib-6.0.54.jar because it was already located earlier
[06feb2026 17:51:07.385] [main/DEBUG] [net.neoforged.fml.loading.moddiscovery.ModDiscoverer/]: Skipping C:\Users\SrNadien\.gradle\caches\modules-2\files-2.1\com.mojang\datafixerupper\8.0.16\67d4de6d7f95d89bcf5862995fb854ebaec02a34\datafixerupper-8.0.16.jar because it was already located earlier
[06feb2026 17:51:07.385] [main/DEBUG] [net.neoforged.fml.loading.moddiscovery.ModDiscoverer/]: Skipping C:\Users\SrNadien\.gradle\caches\modules-2\files-2.1\net.neoforged.fancymodloader\earlydisplay\4.0.42\46555dbfff14e9e052f1f693aed14d542a74e111\earlydisplay-4.0.42.jar because it was already located earlier
[06feb2026 17:51:07.385] [main/DEBUG] [net.neoforged.fml.loading.moddiscovery.ModDiscoverer/]: Skipping C:\Users\SrNadien\.gradle\caches\modules-2\files-2.1\net.neoforged.fancymodloader\loader\4.0.42\76e15f98bf676fb44b36c5e776f52a55581ec43a\loader-4.0.42.jar because it was already located earlier
[06feb2026 17:51:07.385] [main/DEBUG] [net.neoforged.fml.loading.moddiscovery.ModDiscoverer/]: Skipping C:\Users\SrNadien\.gradle\caches\modules-2\files-2.1\net.neoforged\JarJarSelector\0.4.1\fb3cc7a58af22ad2880adb98af6d518128c47dae\JarJarSelector-0.4.1.jar because it was already located earlier
[06feb2026 17:51:07.401] [main/DEBUG] [net.neoforged.fml.loading.moddiscovery.ModDiscoverer/]: Skipping C:\Users\SrNadien\.gradle\caches\modules-2\files-2.1\net.neoforged\JarJarMetadata\0.4.1\f8da03683dc81694556dc3e177c5e3bb77ae6fcb\JarJarMetadata-0.4.1.jar because it was already located earlier
[06feb2026 17:51:07.401] [main/DEBUG] [net.neoforged.fml.loading.moddiscovery.ModDiscoverer/]: Skipping C:\Users\SrNadien\.gradle\caches\modules-2\files-2.1\net.fabricmc\sponge-mixin\0.15.2+mixin.0.8.7\2af2f021d8e02a0220dc27a7a72b4666d66d44ca\sponge-mixin-0.15.2+mixin.0.8.7.jar because it was already located earlier
[06feb2026 17:51:07.401] [main/DEBUG] [net.neoforged.fml.loading.moddiscovery.ModDiscoverer/]: Skipping C:\Users\SrNadien\.gradle\caches\modules-2\files-2.1\com.google.code.gson\gson\2.10.1\b3add478d4382b78ea20b1671390a858002feb6c\gson-2.10.1.jar because it was already located earlier
[06feb2026 17:51:07.401] [main/DEBUG] [net.neoforged.fml.loading.moddiscovery.ModDiscoverer/]: Skipping C:\Users\SrNadien\.gradle\caches\modules-2\files-2.1\com.mojang\patchy\2.2.10\da05971b07cbb379d002cf7eaec6a2048211fefc\patchy-2.2.10.jar because it was already located earlier
[06feb2026 17:51:07.401] [main/DEBUG] [net.neoforged.fml.loading.moddiscovery.ModDiscoverer/]: Skipping C:\Users\SrNadien\.gradle\caches\modules-2\files-2.1\com.mojang\text2speech\1.17.9\3cad216e3a7f0c19b4b394388bc9ffc446f13b14\text2speech-1.17.9.jar because it was already located earlier
[06feb2026 17:51:07.401] [main/DEBUG] [net.neoforged.fml.loading.moddiscovery.ModDiscoverer/]: Skipping C:\Users\SrNadien\.gradle\caches\modules-2\files-2.1\com.google.guava\guava\32.1.2-jre\5e64ec7e056456bef3a4bc4c6fdaef71e8ab6318\guava-32.1.2-jre.jar because it was already located earlier
[06feb2026 17:51:07.401] [main/DEBUG] [net.neoforged.fml.loading.moddiscovery.ModDiscoverer/]: Skipping C:\Users\SrNadien\.gradle\caches\modules-2\files-2.1\com.google.guava\failureaccess\1.0.1\1dcf1de382a0bf95a3d8b0849546c88bac1292c9\failureaccess-1.0.1.jar because it was already located earlier
[06feb2026 17:51:07.401] [main/DEBUG] [net.neoforged.fml.loading.moddiscovery.ModDiscoverer/]: Skipping C:\Users\SrNadien\.gradle\caches\modules-2\files-2.1\com.ibm.icu\icu4j\73.2\61ad4ef7f9131fcf6d25c34b817f90d6da06c9e9\icu4j-73.2.jar because it was already located earlier
[06feb2026 17:51:07.401] [main/DEBUG] [net.neoforged.fml.loading.moddiscovery.ModDiscoverer/]: Skipping C:\Users\SrNadien\.gradle\caches\modules-2\files-2.1\com.mojang\blocklist\1.0.10\5c685c5ffa94c4cd39496c7184c1d122e515ecef\blocklist-1.0.10.jar because it was already located earlier
[06feb2026 17:51:07.401] [main/DEBUG] [net.neoforged.fml.loading.moddiscovery.ModDiscoverer/]: Skipping C:\Users\SrNadien\.gradle\caches\modules-2\files-2.1\com.mojang\brigadier\1.3.10\d15b53a14cf20fdcaa98f731af5dda654452c010\brigadier-1.3.10.jar because it was already located earlier
[06feb2026 17:51:07.401] [main/DEBUG] [net.neoforged.fml.loading.moddiscovery.ModDiscoverer/]: Skipping C:\Users\SrNadien\.gradle\caches\modules-2\files-2.1\com.mojang\logging\1.2.7\24cb95ffb0e3433fd6e844c04e68009e504ca1c0\logging-1.2.7.jar because it was already located earlier
[06feb2026 17:51:07.401] [main/DEBUG] [net.neoforged.fml.loading.moddiscovery.ModDiscoverer/]: Skipping C:\Users\SrNadien\.gradle\caches\modules-2\files-2.1\org.apache.httpcomponents\httpclient\4.5.13\e5f6cae5ca7ecaac1ec2827a9e2d65ae2869cada\httpclient-4.5.13.jar because it was already located earlier
[06feb2026 17:51:07.401] [main/DEBUG] [net.neoforged.fml.loading.moddiscovery.ModDiscoverer/]: Skipping C:\Users\SrNadien\.gradle\caches\modules-2\files-2.1\commons-codec\commons-codec\1.16.0\4e3eb3d79888d76b54e28b350915b5dc3919c9de\commons-codec-1.16.0.jar because it was already located earlier
[06feb2026 17:51:07.401] [main/DEBUG] [net.neoforged.fml.loading.moddiscovery.ModDiscoverer/]: Skipping C:\Users\SrNadien\.gradle\caches\modules-2\files-2.1\org.apache.commons\commons-compress\1.26.0\659feffdd12280201c8aacb8f7be94f9a883c824\commons-compress-1.26.0.jar because it was already located earlier
[06feb2026 17:51:07.401] [main/DEBUG] [net.neoforged.fml.loading.moddiscovery.ModDiscoverer/]: Skipping C:\Users\SrNadien\.gradle\caches\modules-2\files-2.1\commons-io\commons-io\2.15.1\f11560da189ab563a5c8e351941415430e9304ea\commons-io-2.15.1.jar because it was already located earlier
[06feb2026 17:51:07.401] [main/DEBUG] [net.neoforged.fml.loading.moddiscovery.ModDiscoverer/]: Skipping C:\Users\SrNadien\.gradle\caches\modules-2\files-2.1\commons-logging\commons-logging\1.2\4bfc12adfe4842bf07b657f0369c4cb522955686\commons-logging-1.2.jar because it was already located earlier
[06feb2026 17:51:07.401] [main/DEBUG] [net.neoforged.fml.loading.moddiscovery.ModDiscoverer/]: Skipping C:\Users\SrNadien\.gradle\caches\modules-2\files-2.1\io.netty\netty-handler\4.1.97.Final\abb86c6906bf512bf2b797a41cd7d2e8d3cd7c36\netty-handler-4.1.97.Final.jar because it was already located earlier
[06feb2026 17:51:07.401] [main/DEBUG] [net.neoforged.fml.loading.moddiscovery.ModDiscoverer/]: Skipping C:\Users\SrNadien\.gradle\caches\modules-2\files-2.1\io.netty\netty-codec\4.1.97.Final\384ba4d75670befbedb45c4d3b497a93639c206d\netty-codec-4.1.97.Final.jar because it was already located earlier
[06feb2026 17:51:07.401] [main/DEBUG] [net.neoforged.fml.loading.moddiscovery.ModDiscoverer/]: Skipping C:\Users\SrNadien\.gradle\caches\modules-2\files-2.1\io.netty\netty-transport-classes-epoll\4.1.97.Final\795da37ded759e862457a82d9d92c4d39ce8ecee\netty-transport-classes-epoll-4.1.97.Final.jar because it was already located earlier
[06feb2026 17:51:07.401] [main/DEBUG] [net.neoforged.fml.loading.moddiscovery.ModDiscoverer/]: Skipping C:\Users\SrNadien\.gradle\caches\modules-2\files-2.1\io.netty\netty-transport-native-unix-common\4.1.97.Final\d469d84265ab70095b01b40886cabdd433b6e664\netty-transport-native-unix-common-4.1.97.Final.jar because it was already located earlier
[06feb2026 17:51:07.401] [main/DEBUG] [net.neoforged.fml.loading.moddiscovery.ModDiscoverer/]: Skipping C:\Users\SrNadien\.gradle\caches\modules-2\files-2.1\io.netty\netty-transport\4.1.97.Final\f37380d23c9bb079bc702910833b2fd532c9abd0\netty-transport-4.1.97.Final.jar because it was already located earlier
[06feb2026 17:51:07.401] [main/DEBUG] [net.neoforged.fml.loading.moddiscovery.ModDiscoverer/]: Skipping C:\Users\SrNadien\.gradle\caches\modules-2\files-2.1\io.netty\netty-buffer\4.1.97.Final\f8f3d8644afa5e6e1a40a3a6aeb9d9aa970ecb4f\netty-buffer-4.1.97.Final.jar because it was already located earlier
[06feb2026 17:51:07.401] [main/DEBUG] [net.neoforged.fml.loading.moddiscovery.ModDiscoverer/]: Skipping C:\Users\SrNadien\.gradle\caches\modules-2\files-2.1\io.netty\netty-resolver\4.1.97.Final\cec8348108dc76c47cf87c669d514be52c922144\netty-resolver-4.1.97.Final.jar because it was already located earlier
[06feb2026 17:51:07.401] [main/DEBUG] [net.neoforged.fml.loading.moddiscovery.ModDiscoverer/]: Skipping C:\Users\SrNadien\.gradle\caches\modules-2\files-2.1\io.netty\netty-common\4.1.97.Final\7cceacaf11df8dc63f23d0fb58e9d4640fc88404\netty-common-4.1.97.Final.jar because it was already located earlier
[06feb2026 17:51:07.401] [main/DEBUG] [net.neoforged.fml.loading.moddiscovery.ModDiscoverer/]: Skipping C:\Users\SrNadien\.gradle\caches\modules-2\files-2.1\it.unimi.dsi\fastutil\8.5.12\c24946d46824bd528054bface3231d2ecb7e95e8\fastutil-8.5.12.jar because it was already located earlier
[06feb2026 17:51:07.401] [main/DEBUG] [net.neoforged.fml.loading.moddiscovery.ModDiscoverer/]: Skipping C:\Users\SrNadien\.gradle\caches\modules-2\files-2.1\net.java.dev.jna\jna-platform\5.14.0\28934d48aed814f11e4c584da55c49fa7032b31b\jna-platform-5.14.0.jar because it was already located earlier
[06feb2026 17:51:07.401] [main/DEBUG] [net.neoforged.fml.loading.moddiscovery.ModDiscoverer/]: Skipping C:\Users\SrNadien\.gradle\caches\modules-2\files-2.1\ca.weblite\java-objc-bridge\1.1\1227f9e0666314f9de41477e3ec277e542ed7f7b\java-objc-bridge-1.1.jar because it was already located earlier
[06feb2026 17:51:07.401] [main/DEBUG] [net.neoforged.fml.loading.moddiscovery.ModDiscoverer/]: Skipping C:\Users\SrNadien\.gradle\caches\modules-2\files-2.1\net.java.dev.jna\jna\5.14.0\67bf3eaea4f0718cb376a181a629e5f88fa1c9dd\jna-5.14.0.jar because it was already located earlier
[06feb2026 17:51:07.401] [main/DEBUG] [net.neoforged.fml.loading.moddiscovery.ModDiscoverer/]: Skipping C:\Users\SrNadien\.gradle\caches\modules-2\files-2.1\net.neoforged\mergetool\2.0.3\1275202cbbb248f49345cf6787ce299afd9a02fb\mergetool-2.0.3-api.jar because it was already located earlier
[06feb2026 17:51:07.401] [main/DEBUG] [net.neoforged.fml.loading.moddiscovery.ModDiscoverer/]: Skipping C:\Users\SrNadien\.gradle\caches\modules-2\files-2.1\net.neoforged.accesstransformers\at-modlauncher\10.0.1\5aba50202aceead086bc09fbc2751c9f05cb4890\at-modlauncher-10.0.1.jar because it was already located earlier
[06feb2026 17:51:07.401] [main/DEBUG] [net.neoforged.fml.loading.moddiscovery.ModDiscoverer/]: Skipping C:\Users\SrNadien\.gradle\caches\modules-2\files-2.1\net.neoforged\coremods\7.0.3\9147e6f638b4272b3bd5fc8f92ad37802512c6c\coremods-7.0.3.jar because it was already located earlier
[06feb2026 17:51:07.401] [main/DEBUG] [net.neoforged.fml.loading.moddiscovery.ModDiscoverer/]: Skipping C:\Users\SrNadien\.gradle\caches\modules-2\files-2.1\cpw.mods\modlauncher\11.0.5\b8f0d49294f733fdb6173931b263553e943dc950\modlauncher-11.0.5.jar because it was already located earlier
[06feb2026 17:51:07.401] [main/DEBUG] [net.neoforged.fml.loading.moddiscovery.ModDiscoverer/]: Skipping C:\Users\SrNadien\.gradle\caches\modules-2\files-2.1\net.sf.jopt-simple\jopt-simple\5.0.4\4fdac2fbe92dfad86aa6e9301736f6b4342a3f5c\jopt-simple-5.0.4.jar because it was already located earlier
[06feb2026 17:51:07.401] [main/DEBUG] [net.neoforged.fml.loading.moddiscovery.ModDiscoverer/]: Skipping C:\Users\SrNadien\.gradle\caches\modules-2\files-2.1\org.apache.maven\maven-artifact\3.8.5\4433f50c07debefaed0553bd0068f4f48d449313\maven-artifact-3.8.5.jar because it was already located earlier
[06feb2026 17:51:07.401] [main/DEBUG] [net.neoforged.fml.loading.moddiscovery.ModDiscoverer/]: Skipping C:\Users\SrNadien\.gradle\caches\modules-2\files-2.1\org.apache.commons\commons-lang3\3.14.0\1ed471194b02f2c6cb734a0cd6f6f107c673afae\commons-lang3-3.14.0.jar because it was already located earlier
[06feb2026 17:51:07.401] [main/DEBUG] [net.neoforged.fml.loading.moddiscovery.ModDiscoverer/]: Skipping C:\Users\SrNadien\.gradle\caches\modules-2\files-2.1\org.apache.httpcomponents\httpcore\4.4.16\51cf043c87253c9f58b539c9f7e44c8894223850\httpcore-4.4.16.jar because it was already located earlier
[06feb2026 17:51:07.401] [main/DEBUG] [net.neoforged.fml.loading.moddiscovery.ModDiscoverer/]: Skipping C:\Users\SrNadien\.gradle\caches\modules-2\files-2.1\org.apache.logging.log4j\log4j-slf4j2-impl\2.22.1\d7e6693c2606cb7e7335047d7bb96dec52db5665\log4j-slf4j2-impl-2.22.1.jar because it was already located earlier
[06feb2026 17:51:07.401] [main/DEBUG] [net.neoforged.fml.loading.moddiscovery.ModDiscoverer/]: Skipping C:\Users\SrNadien\.gradle\caches\modules-2\files-2.1\net.minecrell\terminalconsoleappender\1.3.0\b562e9bb61235c9520e26282cdee71f8f802d1fc\terminalconsoleappender-1.3.0.jar because it was already located earlier
[06feb2026 17:51:07.401] [main/DEBUG] [net.neoforged.fml.loading.moddiscovery.ModDiscoverer/]: Skipping C:\Users\SrNadien\.gradle\caches\modules-2\files-2.1\org.apache.logging.log4j\log4j-core\2.22.1\7183a25510a02ad00cc6a95d3b3d2a7d3c5a8dc4\log4j-core-2.22.1.jar because it was already located earlier
[06feb2026 17:51:07.401] [main/DEBUG] [net.neoforged.fml.loading.moddiscovery.ModDiscoverer/]: Skipping C:\Users\SrNadien\.gradle\caches\modules-2\files-2.1\net.neoforged\bus\8.0.5\5b2d33285ab5d1554e9798ad98c40d6ea3868bd5\bus-8.0.5.jar because it was already located earlier
[06feb2026 17:51:07.401] [main/DEBUG] [net.neoforged.fml.loading.moddiscovery.ModDiscoverer/]: Skipping C:\Users\SrNadien\.gradle\caches\modules-2\files-2.1\org.apache.logging.log4j\log4j-api\2.22.1\bea6fede6328fabafd7e68363161a7ea6605abd1\log4j-api-2.22.1.jar because it was already located earlier
[06feb2026 17:51:07.401] [main/DEBUG] [net.neoforged.fml.loading.moddiscovery.ModDiscoverer/]: Skipping C:\Users\SrNadien\.gradle\caches\modules-2\files-2.1\org.jcraft\jorbis\0.0.17\8872d22b293e8f5d7d56ff92be966e6dc28ebdc6\jorbis-0.0.17.jar because it was already located earlier
[06feb2026 17:51:07.401] [main/DEBUG] [net.neoforged.fml.loading.moddiscovery.ModDiscoverer/]: Skipping C:\Users\SrNadien\.gradle\caches\modules-2\files-2.1\org.joml\joml\1.10.5\22566d58af70ad3d72308bab63b8339906deb649\joml-1.10.5.jar because it was already located earlier
[06feb2026 17:51:07.401] [main/DEBUG] [net.neoforged.fml.loading.moddiscovery.ModDiscoverer/]: Skipping C:\Users\SrNadien\.gradle\caches\modules-2\files-2.1\org.lwjgl\lwjgl-freetype\3.3.3\a0db6c84a8becc8ca05f9dbfa985edc348a824c7\lwjgl-freetype-3.3.3.jar because it was already located earlier
[06feb2026 17:51:07.420] [main/DEBUG] [net.neoforged.fml.loading.moddiscovery.ModDiscoverer/]: Skipping C:\Users\SrNadien\.gradle\caches\modules-2\files-2.1\org.lwjgl\lwjgl-freetype\3.3.3\15a8c1de7f51d07a92eae7ce1222557073a0c0c3\lwjgl-freetype-3.3.3-natives-windows-x86.jar because it was already located earlier
[06feb2026 17:51:07.420] [main/DEBUG] [net.neoforged.fml.loading.moddiscovery.ModDiscoverer/]: Skipping C:\Users\SrNadien\.gradle\caches\modules-2\files-2.1\org.lwjgl\lwjgl-glfw\3.3.3\efa1eb78c5ccd840e9f329717109b5e892d72f8e\lwjgl-glfw-3.3.3.jar because it was already located earlier
[06feb2026 17:51:07.446] [main/DEBUG] [net.neoforged.fml.loading.moddiscovery.ModDiscoverer/]: Skipping C:\Users\SrNadien\.gradle\caches\modules-2\files-2.1\org.lwjgl\lwjgl-glfw\3.3.3\32334f3fd5270a59bad9939a93115acb6de36dcf\lwjgl-glfw-3.3.3-natives-windows-x86.jar because it was already located earlier
[06feb2026 17:51:07.447] [main/DEBUG] [net.neoforged.fml.loading.moddiscovery.ModDiscoverer/]: Skipping C:\Users\SrNadien\.gradle\caches\modules-2\files-2.1\org.lwjgl\lwjgl-jemalloc\3.3.3\b543467b7ff3c6920539a88ee602d34098628be5\lwjgl-jemalloc-3.3.3.jar because it was already located earlier
[06feb2026 17:51:07.447] [main/DEBUG] [net.neoforged.fml.loading.moddiscovery.ModDiscoverer/]: Skipping C:\Users\SrNadien\.gradle\caches\modules-2\files-2.1\org.lwjgl\lwjgl-jemalloc\3.3.3\426222fc027602a5f21b9c0fe79cde6a4c7a011f\lwjgl-jemalloc-3.3.3-natives-windows.jar because it was already located earlier
[06feb2026 17:51:07.463] [main/DEBUG] [net.neoforged.fml.loading.moddiscovery.ModDiscoverer/]: Skipping C:\Users\SrNadien\.gradle\caches\modules-2\files-2.1\org.lwjgl\lwjgl-openal\3.3.3\daada81ceb5fc0c291fbfdd4433cb8d9423577f2\lwjgl-openal-3.3.3.jar because it was already located earlier
[06feb2026 17:51:07.467] [main/DEBUG] [net.neoforged.fml.loading.moddiscovery.ModDiscoverer/]: Skipping C:\Users\SrNadien\.gradle\caches\modules-2\files-2.1\org.lwjgl\lwjgl-openal\3.3.3\87b8d5050e3adb46bb58fe1cb2669a4a48fce10d\lwjgl-openal-3.3.3-natives-windows-x86.jar because it was already located earlier
[06feb2026 17:51:07.467] [main/DEBUG] [net.neoforged.fml.loading.moddiscovery.ModDiscoverer/]: Skipping C:\Users\SrNadien\.gradle\caches\modules-2\files-2.1\org.lwjgl\lwjgl-opengl\3.3.3\2f6b0147078396a58979125a4c947664e98293a\lwjgl-opengl-3.3.3.jar because it was already located earlier
[06feb2026 17:51:07.467] [main/DEBUG] [net.neoforged.fml.loading.moddiscovery.ModDiscoverer/]: Skipping C:\Users\SrNadien\.gradle\caches\modules-2\files-2.1\org.lwjgl\lwjgl-opengl\3.3.3\65e956d3735a1abdc82eff4baec1b61174697d4b\lwjgl-opengl-3.3.3-natives-windows-arm64.jar because it was already located earlier
[06feb2026 17:51:07.483] [main/DEBUG] [net.neoforged.fml.loading.moddiscovery.ModDiscoverer/]: Skipping C:\Users\SrNadien\.gradle\caches\modules-2\files-2.1\org.lwjgl\lwjgl-stb\3.3.3\25dd6161988d7e65f71d5065c99902402ee32746\lwjgl-stb-3.3.3.jar because it was already located earlier
[06feb2026 17:51:07.483] [main/DEBUG] [net.neoforged.fml.loading.moddiscovery.ModDiscoverer/]: Skipping C:\Users\SrNadien\.gradle\caches\modules-2\files-2.1\org.lwjgl\lwjgl-stb\3.3.3\1d9facdf6541de114b0f963be33505b7679c78cb\lwjgl-stb-3.3.3-natives-windows.jar because it was already located earlier
[06feb2026 17:51:07.514] [main/DEBUG] [net.neoforged.fml.loading.moddiscovery.ModDiscoverer/]: Skipping C:\Users\SrNadien\.gradle\caches\modules-2\files-2.1\org.lwjgl\lwjgl-tinyfd\3.3.3\82d755ca94b102e9ca77283b9e2dc46d1b15fbe5\lwjgl-tinyfd-3.3.3.jar because it was already located earlier
[06feb2026 17:51:07.514] [main/DEBUG] [net.neoforged.fml.loading.moddiscovery.ModDiscoverer/]: Skipping C:\Users\SrNadien\.gradle\caches\modules-2\files-2.1\org.lwjgl\lwjgl-tinyfd\3.3.3\a6697981b0449a5087c1d546fc08b4f73e8f98c9\lwjgl-tinyfd-3.3.3-natives-windows.jar because it was already located earlier
[06feb2026 17:51:07.514] [main/DEBUG] [net.neoforged.fml.loading.moddiscovery.ModDiscoverer/]: Skipping C:\Users\SrNadien\.gradle\caches\modules-2\files-2.1\org.lwjgl\lwjgl\3.3.3\29589b5f87ed335a6c7e7ee6a5775f81f97ecb84\lwjgl-3.3.3.jar because it was already located earlier
[06feb2026 17:51:07.530] [main/DEBUG] [net.neoforged.fml.loading.moddiscovery.ModDiscoverer/]: Skipping C:\Users\SrNadien\.gradle\caches\modules-2\files-2.1\org.lwjgl\lwjgl\3.3.3\9e670718e050aeaeea0c2d5b907cffb142f2e58f\lwjgl-3.3.3-natives-windows-x86.jar because it was already located earlier
[06feb2026 17:51:07.530] [main/DEBUG] [net.neoforged.fml.loading.moddiscovery.ModDiscoverer/]: Skipping C:\Users\SrNadien\.gradle\caches\modules-2\files-2.1\org.lz4\lz4-java\1.8.0\4b986a99445e49ea5fbf5d149c4b63f6ed6c6780\lz4-java-1.8.0.jar because it was already located earlier
[06feb2026 17:51:07.530] [main/DEBUG] [net.neoforged.fml.loading.moddiscovery.ModDiscoverer/]: Skipping C:\Users\SrNadien\.gradle\caches\modules-2\files-2.1\net.neoforged\accesstransformers\10.0.1\fd83b5725f76eae9115e9355fa1c456a6a441400\accesstransformers-10.0.1.jar because it was already located earlier
[06feb2026 17:51:07.530] [main/DEBUG] [net.neoforged.fml.loading.moddiscovery.ModDiscoverer/]: Skipping C:\Users\SrNadien\.gradle\caches\modules-2\files-2.1\com.machinezoo.noexception\noexception\1.7.1\b65330c98e38a1f915fa54a6e5eca496505e3f0a\noexception-1.7.1.jar because it was already located earlier
[06feb2026 17:51:07.545] [main/DEBUG] [net.neoforged.fml.loading.moddiscovery.ModDiscoverer/]: Skipping C:\Users\SrNadien\.gradle\caches\modules-2\files-2.1\org.slf4j\slf4j-api\2.0.9\7cf2726fdcfbc8610f9a71fb3ed639871f315340\slf4j-api-2.0.9.jar because it was already located earlier
[06feb2026 17:51:07.545] [main/DEBUG] [net.neoforged.fml.loading.moddiscovery.ModDiscoverer/]: Skipping C:\Users\SrNadien\.gradle\caches\modules-2\files-2.1\com.google.code.findbugs\jsr305\3.0.2\25ea2e8b0c338a877313bd4672d3fe056ea78f0d\jsr305-3.0.2.jar because it was already located earlier
[06feb2026 17:51:07.545] [main/DEBUG] [net.neoforged.fml.loading.moddiscovery.ModDiscoverer/]: Skipping C:\Users\SrNadien\.gradle\caches\modules-2\files-2.1\org.jetbrains\annotations\24.1.0\7af6a669488450c4a07c2c3254e2151df42d7d04\annotations-24.1.0.jar because it was already located earlier
[06feb2026 17:51:07.545] [main/DEBUG] [net.neoforged.fml.loading.moddiscovery.ModDiscoverer/]: Skipping C:\Users\SrNadien\.gradle\caches\modules-2\files-2.1\com.electronwill.night-config\toml\3.8.3\90b2fd6efcb4a7d5b9810cf78f9d824994d717f2\toml-3.8.3.jar because it was already located earlier
[06feb2026 17:51:07.545] [main/DEBUG] [net.neoforged.fml.loading.moddiscovery.ModDiscoverer/]: Skipping C:\Users\SrNadien\.gradle\caches\modules-2\files-2.1\com.electronwill.night-config\core\3.8.3\b442a95f09e349927f5a945ecb594455870fcf4f\core-3.8.3.jar because it was already located earlier
[06feb2026 17:51:07.545] [main/DEBUG] [net.neoforged.fml.loading.moddiscovery.ModDiscoverer/]: Skipping C:\Users\SrNadien\.gradle\caches\modules-2\files-2.1\net.jodah\typetools\0.6.3\a01aaa6ddaea9ec07ec4f209487b7a46a526283a\typetools-0.6.3.jar because it was already located earlier
[06feb2026 17:51:07.545] [main/DEBUG] [net.neoforged.fml.loading.moddiscovery.ModDiscoverer/]: Skipping C:\Users\SrNadien\.gradle\caches\modules-2\files-2.1\org.openjdk.nashorn\nashorn-core\15.4\f67f5ffaa5f5130cf6fb9b133da00c7df3b532a5\nashorn-core-15.4.jar because it was already located earlier
[06feb2026 17:51:07.545] [main/DEBUG] [net.neoforged.fml.loading.moddiscovery.readers.JarModsDotTomlModFileReader/SCAN]: Found META-INF/MANIFEST.MF mod of type GAMELIBRARY: C:\Users\SrNadien\.gradle\caches\modules-2\files-2.1\io.github.llamalad7\mixinextras-neoforge\0.5.0\d734b83ce6542bb70ea31755c1595b88992dbe65\mixinextras-neoforge-0.5.0.jar
[06feb2026 17:51:07.545] [main/INFO] [net.neoforged.fml.loading.moddiscovery.ModDiscoverer/SCAN]: Found gamelibrary file "mixinextras-neoforge-0.5.0.jar" [locator: userdev mods and services, reader: mod manifest]
[06feb2026 17:51:07.545] [main/DEBUG] [net.neoforged.fml.loading.moddiscovery.ModDiscoverer/]: Skipping C:\Users\SrNadien\.gradle\caches\modules-2\files-2.1\org.antlr\antlr4-runtime\4.13.1\17125bae1d965624e265ef49552f6465a2bfa307\antlr4-runtime-4.13.1.jar because it was already located earlier
[06feb2026 17:51:07.545] [main/DEBUG] [net.neoforged.fml.loading.moddiscovery.ModDiscoverer/]: Skipping C:\Users\SrNadien\.gradle\caches\modules-2\files-2.1\org.jline\jline-reader\3.20.0\8f15415b022a25b473e8e16c28ae913186ffb9c4\jline-reader-3.20.0.jar because it was already located earlier
[06feb2026 17:51:07.545] [main/DEBUG] [net.neoforged.fml.loading.moddiscovery.ModDiscoverer/]: Skipping C:\Users\SrNadien\.gradle\caches\modules-2\files-2.1\org.jline\jline-terminal\3.20.0\d0ddcc708ddf527a3454c941b7b9225cc83a15ff\jline-terminal-3.20.0.jar because it was already located earlier
[06feb2026 17:51:07.545] [main/DEBUG] [net.neoforged.fml.loading.moddiscovery.ModDiscoverer/]: Skipping C:\Users\SrNadien\.gradle\caches\modules-2\files-2.1\net.minecraftforge\srgutils\0.4.15\ca408b131759478f164e010fae0d73997e125fb5\srgutils-0.4.15.jar because it was already located earlier
[06feb2026 17:51:07.545] [main/DEBUG] [net.neoforged.fml.loading.moddiscovery.ModDiscoverer/]: Skipping C:\Users\SrNadien\.gradle\caches\modules-2\files-2.1\com.google.guava\listenablefuture\9999.0-empty-to-avoid-conflict-with-guava\b421526c5f297295adef1c886e5246c39d4ac629\listenablefuture-9999.0-empty-to-avoid-conflict-with-guava.jar because it was already located earlier
[06feb2026 17:51:07.545] [main/DEBUG] [net.neoforged.fml.loading.moddiscovery.ModDiscoverer/]: Skipping C:\Users\SrNadien\.gradle\caches\modules-2\files-2.1\org.checkerframework\checker-qual\3.33.0\de2b60b62da487644fc11f734e73c8b0b431238f\checker-qual-3.33.0.jar because it was already located earlier
[06feb2026 17:51:07.545] [main/DEBUG] [net.neoforged.fml.loading.moddiscovery.ModDiscoverer/]: Skipping C:\Users\SrNadien\.gradle\caches\modules-2\files-2.1\com.google.errorprone\error_prone_annotations\2.18.0\89b684257096f548fa39a7df9fdaa409d4d4df91\error_prone_annotations-2.18.0.jar because it was already located earlier
[06feb2026 17:51:07.568] [main/DEBUG] [net.neoforged.fml.loading.moddiscovery.ModDiscoverer/]: Skipping C:\Users\SrNadien\.gradle\caches\modules-2\files-2.1\com.google.j2objc\j2objc-annotations\2.8\c85270e307e7b822f1086b93689124b89768e273\j2objc-annotations-2.8.jar because it was already located earlier
[06feb2026 17:51:07.570] [main/DEBUG] [net.neoforged.fml.loading.moddiscovery.ModDiscoverer/]: Skipping C:\Users\SrNadien\.gradle\caches\modules-2\files-2.1\org.codehaus.plexus\plexus-utils\3.3.0\cf43b5391de623b36fe066a21127baef82c64022\plexus-utils-3.3.0.jar because it was already located earlier
[06feb2026 17:51:07.570] [main/DEBUG] [net.neoforged.fml.loading.moddiscovery.ModDiscoverer/]: Skipping E:\modsmios\UltimateFoodsMod\.gradle\repositories\ng_dummy_ng\net\minecraft\client\1.21.1\client-1.21.1-client-extra.jar because it was already located earlier
[06feb2026 17:51:07.573] [main/DEBUG] [net.neoforged.fml.loading.moddiscovery.ModDiscoverer/SCAN]: Locator userdev mods and services found 6 mods, 0 warnings, 0 errors and skipped 85 candidates
[06feb2026 17:51:07.578] [main/DEBUG] [net.neoforged.fml.loading.UniqueModListBuilder/]: Found 2 mods for first modid neoforge, selecting most recent based on version data
[06feb2026 17:51:07.579] [main/DEBUG] [net.neoforged.fml.loading.UniqueModListBuilder/]: Selected file neoforge-21.1.215.jar for modid neoforge with version 21.1.215
[06feb2026 17:51:07.582] [main/DEBUG] [net.neoforged.fml.loading.UniqueModListBuilder/]: Found 2 mods for first modid jei, selecting most recent based on version data
[06feb2026 17:51:07.583] [main/DEBUG] [net.neoforged.fml.loading.UniqueModListBuilder/]: Selected file jei-238222-7420587.jar for modid jei with version 19.27.0.340
[06feb2026 17:51:07.591] [main/DEBUG] [net.neoforged.fml.loading.moddiscovery.ModDiscoverer/SCAN]: Successfully Loaded 6 mods. Attempting to load dependencies...
[06feb2026 17:51:07.592] [main/DEBUG] [net.neoforged.fml.loading.moddiscovery.ModDiscoverer/SCAN]: Trying locator jarinjar
[06feb2026 17:51:07.604] [main/TRACE] [net.neoforged.fml.loading.moddiscovery.locators.JarInJarDependencyLocator/]: Failed to load resource META-INF\jarjar\metadata.json from neoforge-21.1.215.jar, it does not contain dependency information.
[06feb2026 17:51:07.608] [main/TRACE] [net.neoforged.fml.loading.moddiscovery.locators.JarInJarDependencyLocator/]: Failed to load resource META-INF\jarjar\metadata.json from mixinextras-neoforge-0.5.0.jar, it does not contain dependency information.
[06feb2026 17:51:07.614] [main/TRACE] [net.neoforged.fml.loading.moddiscovery.locators.JarInJarDependencyLocator/]: Failed to load resource META-INF\jarjar\metadata.json from main, it does not contain dependency information.
[06feb2026 17:51:07.615] [main/TRACE] [net.neoforged.fml.loading.moddiscovery.locators.JarInJarDependencyLocator/]: Failed to load resource META-INF\jarjar\metadata.json from jade-324717-7428884.jar, it does not contain dependency information.
[06feb2026 17:51:07.626] [main/TRACE] [net.neoforged.fml.loading.moddiscovery.locators.JarInJarDependencyLocator/]: Failed to load resource META-INF\jarjar\metadata.json from jei-238222-7420587.jar, it does not contain dependency information.
[06feb2026 17:51:07.901] [main/DEBUG] [net.neoforged.fml.loading.moddiscovery.readers.JarModsDotTomlModFileReader/SCAN]: Found META-INF/MANIFEST.MF mod of type GAMELIBRARY: 
[06feb2026 17:51:07.917] [main/DEBUG] [net.neoforged.fml.loading.moddiscovery.readers.JarModsDotTomlModFileReader/SCAN]: Found META-INF/MANIFEST.MF mod of type LIBRARY: 
[06feb2026 17:51:07.917] [main/TRACE] [net.neoforged.fml.loading.moddiscovery.locators.JarInJarDependencyLocator/]: Failed to load resource META-INF\jarjar\metadata.json from mixinextras-neoforge-0.5.0.jar, it does not contain dependency information.
[06feb2026 17:51:07.917] [main/TRACE] [net.neoforged.fml.loading.moddiscovery.locators.JarInJarDependencyLocator/]: Failed to load resource META-INF\jarjar\metadata.json from net.neoforged.neoforge-coremods-21.1.215.jar, it does not contain dependency information.
[06feb2026 17:51:08.035] [main/DEBUG] [net.neoforged.fml.loading.moddiscovery.readers.JarModsDotTomlModFileReader/SCAN]: Found META-INF/MANIFEST.MF mod of type LIBRARY: 
[06feb2026 17:51:08.050] [main/DEBUG] [net.neoforged.fml.loading.moddiscovery.readers.JarModsDotTomlModFileReader/SCAN]: Found META-INF/MANIFEST.MF mod of type GAMELIBRARY: 
[06feb2026 17:51:08.050] [main/WARN] [net.neoforged.jarjar.selection.JarSelector/]: Attempted to select a dependency jar for JarJar which was passed in as source: library:mixinextras.neoforge. Using Mod File: C:\Users\SrNadien\.gradle\caches\modules-2\files-2.1\io.github.llamalad7\mixinextras-neoforge\0.5.0\d734b83ce6542bb70ea31755c1595b88992dbe65\mixinextras-neoforge-0.5.0.jar
[06feb2026 17:51:08.066] [main/INFO] [net.neoforged.fml.loading.moddiscovery.locators.JarInJarDependencyLocator/]: Found 1 dependencies adding them to mods collection
[06feb2026 17:51:08.066] [main/INFO] [net.neoforged.fml.loading.moddiscovery.ModDiscoverer/SCAN]: Found library file "net.neoforged.neoforge-coremods-21.1.215.jar" [parent: neoforge-21.1.215.jar, locator: jarinjar, reader: mod manifest]
[06feb2026 17:51:08.066] [main/INFO] [net.neoforged.fml.loading.moddiscovery.ModDiscoverer/]: 
     Mod List:
		Name Version (Mod Id)

		Jade 15.10.4+neoforge (jade)
		Just Enough Items 19.27.0.340 (jei)
		Minecraft 1.21.1 (minecraft)
		NeoForge 21.1.215 (neoforge)
		UltimateFoods  1.1.6 (ultimatefoods)
[06feb2026 17:51:08.082] [main/DEBUG] [net.neoforged.fml.loading.moddiscovery.ModFileInfo/LOADING]: Found valid mod file neoforge-21.1.215.jar with {minecraft} mods - versions {1.21.1}
[06feb2026 17:51:08.097] [main/DEBUG] [net.neoforged.fml.loading.moddiscovery.ModFile/LOADING]: Loading mod file E:\modsmios\UltimateFoodsMod\.gradle\repositories\ng_dummy_ng\net\neoforged\neoforge\21.1.215\neoforge-21.1.215.jar with languages [LanguageSpec[languageName=minecraft, acceptedVersions=1]]
[06feb2026 17:51:08.112] [main/DEBUG] [net.neoforged.fml.loading.moddiscovery.ModFileParser/LOADING]: Considering mod file candidate E:\modsmios\UltimateFoodsMod\build\resources\main
[06feb2026 17:51:08.132] [main/DEBUG] [net.neoforged.fml.loading.moddiscovery.ModFileInfo/LOADING]: Found valid mod file main with {ultimatefoods} mods - versions {1.1.6}
[06feb2026 17:51:08.133] [main/DEBUG] [net.neoforged.fml.loading.moddiscovery.ModFile/LOADING]: Loading mod file E:\modsmios\UltimateFoodsMod\build\resources\main with languages [LanguageSpec[languageName=javafml, acceptedVersions=[4,)]]
[06feb2026 17:51:08.133] [main/DEBUG] [net.neoforged.fml.loading.moddiscovery.ModFileParser/LOADING]: Considering mod file candidate C:\Users\SrNadien\.gradle\caches\modules-2\files-2.1\curse.maven\jade-324717\7428884\7d23a1dd515872bd6498b8edd06bb84e61f2c4e7\jade-324717-7428884.jar
[06feb2026 17:51:08.133] [main/DEBUG] [net.neoforged.fml.loading.moddiscovery.ModFileInfo/LOADING]: Found valid mod file jade-324717-7428884.jar with {jade} mods - versions {15.10.4+neoforge}
[06feb2026 17:51:08.133] [main/DEBUG] [net.neoforged.fml.loading.moddiscovery.ModFile/LOADING]: Loading mod file C:\Users\SrNadien\.gradle\caches\modules-2\files-2.1\curse.maven\jade-324717\7428884\7d23a1dd515872bd6498b8edd06bb84e61f2c4e7\jade-324717-7428884.jar with languages [LanguageSpec[languageName=javafml, acceptedVersions=[1,)]]
[06feb2026 17:51:08.133] [main/DEBUG] [net.neoforged.fml.loading.moddiscovery.ModFile/LOADING]: Found mixin config MixinConfig[config=jade.mixins.json, requiredMods=[]]
[06feb2026 17:51:08.133] [main/DEBUG] [net.neoforged.fml.loading.moddiscovery.ModFileParser/LOADING]: Considering mod file candidate E:\modsmios\UltimateFoodsMod\.gradle\repositories\ng_dummy_ng\net\neoforged\neoforge\21.1.215\neoforge-21.1.215.jar
[06feb2026 17:51:08.149] [main/DEBUG] [net.neoforged.fml.loading.moddiscovery.ModFileInfo/LOADING]: Found valid mod file neoforge-21.1.215.jar with {neoforge} mods - versions {21.1.215}
[06feb2026 17:51:08.149] [main/DEBUG] [net.neoforged.fml.loading.moddiscovery.ModFile/LOADING]: Loading mod file E:\modsmios\UltimateFoodsMod\.gradle\repositories\ng_dummy_ng\net\neoforged\neoforge\21.1.215\neoforge-21.1.215.jar with languages [LanguageSpec[languageName=javafml, acceptedVersions=[3,]]]
[06feb2026 17:51:08.149] [main/DEBUG] [net.neoforged.fml.loading.moddiscovery.ModFile/LOADING]: Found mixin config MixinConfig[config=neoforge.mixins.json, requiredMods=[]]
[06feb2026 17:51:08.149] [main/DEBUG] [net.neoforged.fml.loading.moddiscovery.ModFileParser/LOADING]: Considering mod file candidate C:\Users\SrNadien\.gradle\caches\modules-2\files-2.1\curse.maven\jei-238222\7420587\27d0d85e7e32e926fc3664ab6815df5cdabb7941\jei-238222-7420587.jar
[06feb2026 17:51:08.165] [main/DEBUG] [net.neoforged.fml.loading.moddiscovery.ModFileInfo/LOADING]: Found valid mod file jei-238222-7420587.jar with {jei} mods - versions {19.27.0.340}
[06feb2026 17:51:08.165] [main/DEBUG] [net.neoforged.fml.loading.moddiscovery.ModFile/LOADING]: Loading mod file C:\Users\SrNadien\.gradle\caches\modules-2\files-2.1\curse.maven\jei-238222\7420587\27d0d85e7e32e926fc3664ab6815df5cdabb7941\jei-238222-7420587.jar with languages [LanguageSpec[languageName=javafml, acceptedVersions=[4,)]]
[06feb2026 17:51:08.165] [main/DEBUG] [net.neoforged.fml.loading.moddiscovery.ModFile/LOADING]: Loading mod file C:\Users\SrNadien\.gradle\caches\modules-2\files-2.1\io.github.llamalad7\mixinextras-neoforge\0.5.0\d734b83ce6542bb70ea31755c1595b88992dbe65\mixinextras-neoforge-0.5.0.jar with languages []
[06feb2026 17:51:08.180] [main/DEBUG] [net.neoforged.fml.loading.moddiscovery.ModValidator/SCAN]: Found 6 mod files with 5 mods
[06feb2026 17:51:08.180] [main/DEBUG] [cpw.mods.modlauncher.TransformationServiceDecorator/MODLAUNCHER]: End scan trigger - transformation service fml
[06feb2026 17:51:08.212] [main/DEBUG] [net.neoforged.fml.util.ServiceLoaderUtil/CORE]: Found 3 implementations of IModLanguageLoader:
[06feb2026 17:51:08.212] [main/DEBUG] [net.neoforged.fml.util.ServiceLoaderUtil/CORE]: 	net.neoforged.fml.javafmlmod.FMLJavaModLanguageProvider from loader-4.0.42.jar
[06feb2026 17:51:08.212] [main/DEBUG] [net.neoforged.fml.util.ServiceLoaderUtil/CORE]: 	net.neoforged.fml.lowcodemod.LowCodeModLanguageProvider from loader-4.0.42.jar
[06feb2026 17:51:08.212] [main/DEBUG] [net.neoforged.fml.util.ServiceLoaderUtil/CORE]: 	net.neoforged.fml.mclanguageprovider.MinecraftModLanguageProvider from loader-4.0.42.jar
[06feb2026 17:51:08.212] [main/DEBUG] [net.neoforged.fml.loading.LanguageProviderLoader/CORE]: Found language provider javafml, version 4.0.42
[06feb2026 17:51:08.227] [main/DEBUG] [net.neoforged.fml.loading.LanguageProviderLoader/CORE]: Found language provider lowcodefml, version 4.0.42
[06feb2026 17:51:08.227] [main/DEBUG] [net.neoforged.fml.loading.LanguageProviderLoader/CORE]: Found language provider minecraft, version 4.0.42
[06feb2026 17:51:08.227] [main/DEBUG] [net.neoforged.fml.loading.ModSorter/]: Configured system mods: [minecraft, neoforge]
[06feb2026 17:51:08.227] [main/DEBUG] [net.neoforged.fml.loading.ModSorter/]: Found system mod: minecraft
[06feb2026 17:51:08.227] [main/DEBUG] [net.neoforged.fml.loading.ModSorter/]: Found system mod: neoforge
[06feb2026 17:51:08.253] [main/DEBUG] [net.neoforged.fml.loading.ModSorter/LOADING]: Found 7 mod requirements (5 mandatory, 2 optional)
[06feb2026 17:51:08.253] [main/DEBUG] [net.neoforged.fml.loading.ModSorter/LOADING]: Found 0 mod requirements missing (0 mandatory, 0 optional)
[06feb2026 17:51:08.339] [main/DEBUG] [net.neoforged.fml.loading.FMLLoader/SCAN]: Adding Access Transformer in C:\Users\SrNadien\.gradle\caches\modules-2\files-2.1\curse.maven\jade-324717\7428884\7d23a1dd515872bd6498b8edd06bb84e61f2c4e7\jade-324717-7428884.jar
[06feb2026 17:51:08.347] [main/DEBUG] [AXFORM/AXFORM]: Loading access transformer accesstransformer.cfg
[06feb2026 17:51:08.682] [main/DEBUG] [AXFORM/AXFORM]: Loaded access transformer accesstransformer.cfg
[06feb2026 17:51:08.682] [main/DEBUG] [net.neoforged.fml.loading.FMLLoader/SCAN]: Adding Access Transformer in E:\modsmios\UltimateFoodsMod\.gradle\repositories\ng_dummy_ng\net\neoforged\neoforge\21.1.215\neoforge-21.1.215.jar
[06feb2026 17:51:08.682] [main/DEBUG] [AXFORM/AXFORM]: Loading access transformer accesstransformer.cfg
[06feb2026 17:51:08.873] [main/DEBUG] [AXFORM/AXFORM]: Loaded access transformer accesstransformer.cfg
[06feb2026 17:51:08.874] [main/DEBUG] [net.neoforged.fml.loading.FMLLoader/SCAN]: Adding Access Transformer in C:\Users\SrNadien\.gradle\caches\modules-2\files-2.1\curse.maven\jei-238222\7420587\27d0d85e7e32e926fc3664ab6815df5cdabb7941\jei-238222-7420587.jar
[06feb2026 17:51:08.877] [main/DEBUG] [AXFORM/AXFORM]: Loading access transformer accesstransformer.cfg
[06feb2026 17:51:08.884] [main/DEBUG] [AXFORM/AXFORM]: Loaded access transformer accesstransformer.cfg
[06feb2026 17:51:08.884] [main/DEBUG] [mixin/]: Adding mixin platform agents for container net.neoforged.fml.loading.mixin.FMLMixinContainerHandle@37c2eacb
[06feb2026 17:51:08.884] [main/DEBUG] [mixin/]: Instancing new MixinPlatformAgentMinecraftForge for net.neoforged.fml.loading.mixin.FMLMixinContainerHandle@37c2eacb
[06feb2026 17:51:08.884] [main/DEBUG] [mixin/]: MixinPlatformAgentMinecraftForge rejected container net.neoforged.fml.loading.mixin.FMLMixinContainerHandle@37c2eacb
[06feb2026 17:51:08.884] [main/DEBUG] [mixin/]: Instancing new MixinPlatformAgentDefault for net.neoforged.fml.loading.mixin.FMLMixinContainerHandle@37c2eacb
[06feb2026 17:51:08.884] [main/DEBUG] [mixin/]: MixinPlatformAgentDefault accepted container net.neoforged.fml.loading.mixin.FMLMixinContainerHandle@37c2eacb
[06feb2026 17:51:08.884] [main/DEBUG] [mixin/]: Instancing new FMLMixinPlatformAgent for net.neoforged.fml.loading.mixin.FMLMixinContainerHandle@37c2eacb
[06feb2026 17:51:08.884] [main/DEBUG] [mixin/]: FMLMixinPlatformAgent accepted container net.neoforged.fml.loading.mixin.FMLMixinContainerHandle@37c2eacb
[06feb2026 17:51:08.900] [main/DEBUG] [cpw.mods.modlauncher.TransformationServicesHandler/MODLAUNCHER]: Transformation services loading transformers
[06feb2026 17:51:08.916] [main/DEBUG] [cpw.mods.modlauncher.TransformationServiceDecorator/MODLAUNCHER]: Initializing transformers for transformation service mixin
[06feb2026 17:51:08.916] [main/DEBUG] [cpw.mods.modlauncher.TransformationServiceDecorator/MODLAUNCHER]: Initialized transformers for transformation service mixin
[06feb2026 17:51:08.916] [main/DEBUG] [cpw.mods.modlauncher.TransformationServiceDecorator/MODLAUNCHER]: Initializing transformers for transformation service fml
[06feb2026 17:51:08.916] [main/DEBUG] [net.neoforged.fml.loading.FMLServiceProvider/LOADING]: Loading coremod transformers
[06feb2026 17:51:08.916] [main/DEBUG] [net.neoforged.fml.loading.FMLServiceProvider/CORE]: Not loading coremod script-engine since no mod requested it
[06feb2026 17:51:08.916] [main/DEBUG] [net.neoforged.fml.util.ServiceLoaderUtil/CORE]: Found 1 implementations of ICoreMod:
[06feb2026 17:51:08.916] [main/DEBUG] [net.neoforged.fml.util.ServiceLoaderUtil/CORE]: 	net.neoforged.neoforge.coremods.NeoForgeCoreMod from neoforge-21.1.215.jar > net.neoforged.neoforge-coremods-21.1.215.jar
[06feb2026 17:51:08.931] [main/DEBUG] [net.neoforged.fml.loading.FMLServiceProvider/CORE]: Adding [Target[className=net.minecraft.world.level.biome.Biome, elementName=, elementDescriptor=, targetType=cpw.mods.modlauncher.api.TargetType@5b1f29fa]] transformer from core-mod net.neoforged.neoforge.coremods.NeoForgeCoreMod@253b380a in neoforge-21.1.215.jar > net.neoforged.neoforge-coremods-21.1.215.jar
[06feb2026 17:51:08.931] [main/DEBUG] [net.neoforged.fml.loading.FMLServiceProvider/CORE]: Adding [Target[className=net.minecraft.world.level.levelgen.structure.Structure, elementName=, elementDescriptor=, targetType=cpw.mods.modlauncher.api.TargetType@5b1f29fa]] transformer from core-mod net.neoforged.neoforge.coremods.NeoForgeCoreMod@253b380a in neoforge-21.1.215.jar > net.neoforged.neoforge-coremods-21.1.215.jar
[06feb2026 17:51:08.931] [main/DEBUG] [net.neoforged.fml.loading.FMLServiceProvider/CORE]: Adding [Target[className=net.minecraft.world.level.block.FlowerPotBlock, elementName=, elementDescriptor=, targetType=cpw.mods.modlauncher.api.TargetType@5b1f29fa]] transformer from core-mod net.neoforged.neoforge.coremods.NeoForgeCoreMod@253b380a in neoforge-21.1.215.jar > net.neoforged.neoforge-coremods-21.1.215.jar
[06feb2026 17:51:08.931] [main/DEBUG] [net.neoforged.fml.loading.FMLServiceProvider/CORE]: Adding [Target[className=net/minecraft/world/level/levelgen/structure/structures/WoodlandMansionPieces$WoodlandMansionPiece, elementName=, elementDescriptor=, targetType=cpw.mods.modlauncher.api.TargetType@5b1f29fa], Target[className=net/minecraft/server/commands/SummonCommand, elementName=, elementDescriptor=, targetType=cpw.mods.modlauncher.api.TargetType@5b1f29fa], Target[className=net/minecraft/world/entity/npc/CatSpawner, elementName=, elementDescriptor=, targetType=cpw.mods.modlauncher.api.TargetType@5b1f29fa], Target[className=net/minecraft/world/entity/ai/village/VillageSiege, elementName=, elementDescriptor=, targetType=cpw.mods.modlauncher.api.TargetType@5b1f29fa], Target[className=net/minecraft/world/entity/npc/Villager, elementName=, elementDescriptor=, targetType=cpw.mods.modlauncher.api.TargetType@5b1f29fa], Target[className=net/minecraft/world/level/levelgen/structure/structures/OceanRuinPieces$OceanRuinPiece, elementName=, elementDescriptor=, targetType=cpw.mods.modlauncher.api.TargetType@5b1f29fa], Target[className=net/minecraft/world/level/levelgen/PatrolSpawner, elementName=, elementDescriptor=, targetType=cpw.mods.modlauncher.api.TargetType@5b1f29fa], Target[className=net/minecraft/world/level/levelgen/PhantomSpawner, elementName=, elementDescriptor=, targetType=cpw.mods.modlauncher.api.TargetType@5b1f29fa], Target[className=net/minecraft/world/level/levelgen/structure/structures/SwampHutPiece, elementName=, elementDescriptor=, targetType=cpw.mods.modlauncher.api.TargetType@5b1f29fa], Target[className=net/minecraft/world/level/levelgen/structure/structures/OceanMonumentPieces$OceanMonumentPiece, elementName=, elementDescriptor=, targetType=cpw.mods.modlauncher.api.TargetType@5b1f29fa], Target[className=net/minecraft/world/entity/animal/frog/Tadpole, elementName=, elementDescriptor=, targetType=cpw.mods.modlauncher.api.TargetType@5b1f29fa], Target[className=net/minecraft/world/level/levelgen/structure/templatesystem/StructureTemplate, elementName=, elementDescriptor=, targetType=cpw.mods.modlauncher.api.TargetType@5b1f29fa], Target[className=net/minecraft/world/entity/EntityType, elementName=, elementDescriptor=, targetType=cpw.mods.modlauncher.api.TargetType@5b1f29fa], Target[className=net/minecraft/world/entity/animal/horse/SkeletonTrapGoal, elementName=, elementDescriptor=, targetType=cpw.mods.modlauncher.api.TargetType@5b1f29fa], Target[className=net/minecraft/world/entity/monster/Evoker$EvokerSummonSpellGoal, elementName=, elementDescriptor=, targetType=cpw.mods.modlauncher.api.TargetType@5b1f29fa], Target[className=net/minecraft/world/entity/monster/Strider, elementName=, elementDescriptor=, targetType=cpw.mods.modlauncher.api.TargetType@5b1f29fa], Target[className=net/minecraft/world/entity/monster/Spider, elementName=, elementDescriptor=, targetType=cpw.mods.modlauncher.api.TargetType@5b1f29fa], Target[className=net/minecraft/world/entity/monster/Zombie, elementName=, elementDescriptor=, targetType=cpw.mods.modlauncher.api.TargetType@5b1f29fa], Target[className=net/minecraft/server/commands/RaidCommand, elementName=, elementDescriptor=, targetType=cpw.mods.modlauncher.api.TargetType@5b1f29fa], Target[className=net/minecraft/world/entity/monster/ZombieVillager, elementName=, elementDescriptor=, targetType=cpw.mods.modlauncher.api.TargetType@5b1f29fa], Target[className=net/minecraft/world/entity/raid/Raid, elementName=, elementDescriptor=, targetType=cpw.mods.modlauncher.api.TargetType@5b1f29fa], Target[className=net/minecraft/world/level/NaturalSpawner, elementName=, elementDescriptor=, targetType=cpw.mods.modlauncher.api.TargetType@5b1f29fa]] transformer from core-mod net.neoforged.neoforge.coremods.NeoForgeCoreMod@253b380a in neoforge-21.1.215.jar > net.neoforged.neoforge-coremods-21.1.215.jar
[06feb2026 17:51:08.931] [main/DEBUG] [cpw.mods.modlauncher.TransformStore/MODLAUNCHER]: Adding transformer net.neoforged.neoforge.coremods.ReplaceFieldWithGetterAccess@108bdbd8 to Target : cpw.mods.modlauncher.api.TargetType@5b1f29fa {Lnet/minecraft/world/level/biome/Biome;} {} {V}
[06feb2026 17:51:08.947] [main/DEBUG] [cpw.mods.modlauncher.TransformStore/MODLAUNCHER]: Adding transformer net.neoforged.neoforge.coremods.ReplaceFieldWithGetterAccess@597f48df to Target : cpw.mods.modlauncher.api.TargetType@5b1f29fa {Lnet/minecraft/world/level/levelgen/structure/Structure;} {} {V}
[06feb2026 17:51:08.947] [main/DEBUG] [cpw.mods.modlauncher.TransformStore/MODLAUNCHER]: Adding transformer net.neoforged.neoforge.coremods.ReplaceFieldWithGetterAccess@15dd5ac2 to Target : cpw.mods.modlauncher.api.TargetType@5b1f29fa {Lnet/minecraft/world/level/block/FlowerPotBlock;} {} {V}
[06feb2026 17:51:08.947] [main/DEBUG] [cpw.mods.modlauncher.TransformStore/MODLAUNCHER]: Adding transformer net.neoforged.neoforge.coremods.MethodRedirector@4d48bd85 to Target : cpw.mods.modlauncher.api.TargetType@5b1f29fa {Lnet/minecraft/world/level/levelgen/structure/structures/WoodlandMansionPieces$WoodlandMansionPiece;} {} {V}
[06feb2026 17:51:08.947] [main/DEBUG] [cpw.mods.modlauncher.TransformStore/MODLAUNCHER]: Adding transformer net.neoforged.neoforge.coremods.MethodRedirector@4d48bd85 to Target : cpw.mods.modlauncher.api.TargetType@5b1f29fa {Lnet/minecraft/server/commands/SummonCommand;} {} {V}
[06feb2026 17:51:08.947] [main/DEBUG] [cpw.mods.modlauncher.TransformStore/MODLAUNCHER]: Adding transformer net.neoforged.neoforge.coremods.MethodRedirector@4d48bd85 to Target : cpw.mods.modlauncher.api.TargetType@5b1f29fa {Lnet/minecraft/world/entity/npc/CatSpawner;} {} {V}
[06feb2026 17:51:08.947] [main/DEBUG] [cpw.mods.modlauncher.TransformStore/MODLAUNCHER]: Adding transformer net.neoforged.neoforge.coremods.MethodRedirector@4d48bd85 to Target : cpw.mods.modlauncher.api.TargetType@5b1f29fa {Lnet/minecraft/world/entity/ai/village/VillageSiege;} {} {V}
[06feb2026 17:51:08.947] [main/DEBUG] [cpw.mods.modlauncher.TransformStore/MODLAUNCHER]: Adding transformer net.neoforged.neoforge.coremods.MethodRedirector@4d48bd85 to Target : cpw.mods.modlauncher.api.TargetType@5b1f29fa {Lnet/minecraft/world/entity/npc/Villager;} {} {V}
[06feb2026 17:51:08.947] [main/DEBUG] [cpw.mods.modlauncher.TransformStore/MODLAUNCHER]: Adding transformer net.neoforged.neoforge.coremods.MethodRedirector@4d48bd85 to Target : cpw.mods.modlauncher.api.TargetType@5b1f29fa {Lnet/minecraft/world/level/levelgen/structure/structures/OceanRuinPieces$OceanRuinPiece;} {} {V}
[06feb2026 17:51:08.947] [main/DEBUG] [cpw.mods.modlauncher.TransformStore/MODLAUNCHER]: Adding transformer net.neoforged.neoforge.coremods.MethodRedirector@4d48bd85 to Target : cpw.mods.modlauncher.api.TargetType@5b1f29fa {Lnet/minecraft/world/level/levelgen/PatrolSpawner;} {} {V}
[06feb2026 17:51:08.947] [main/DEBUG] [cpw.mods.modlauncher.TransformStore/MODLAUNCHER]: Adding transformer net.neoforged.neoforge.coremods.MethodRedirector@4d48bd85 to Target : cpw.mods.modlauncher.api.TargetType@5b1f29fa {Lnet/minecraft/world/level/levelgen/PhantomSpawner;} {} {V}
[06feb2026 17:51:08.947] [main/DEBUG] [cpw.mods.modlauncher.TransformStore/MODLAUNCHER]: Adding transformer net.neoforged.neoforge.coremods.MethodRedirector@4d48bd85 to Target : cpw.mods.modlauncher.api.TargetType@5b1f29fa {Lnet/minecraft/world/level/levelgen/structure/structures/SwampHutPiece;} {} {V}
[06feb2026 17:51:08.947] [main/DEBUG] [cpw.mods.modlauncher.TransformStore/MODLAUNCHER]: Adding transformer net.neoforged.neoforge.coremods.MethodRedirector@4d48bd85 to Target : cpw.mods.modlauncher.api.TargetType@5b1f29fa {Lnet/minecraft/world/level/levelgen/structure/structures/OceanMonumentPieces$OceanMonumentPiece;} {} {V}
[06feb2026 17:51:08.947] [main/DEBUG] [cpw.mods.modlauncher.TransformStore/MODLAUNCHER]: Adding transformer net.neoforged.neoforge.coremods.MethodRedirector@4d48bd85 to Target : cpw.mods.modlauncher.api.TargetType@5b1f29fa {Lnet/minecraft/world/entity/animal/frog/Tadpole;} {} {V}
[06feb2026 17:51:08.947] [main/DEBUG] [cpw.mods.modlauncher.TransformStore/MODLAUNCHER]: Adding transformer net.neoforged.neoforge.coremods.MethodRedirector@4d48bd85 to Target : cpw.mods.modlauncher.api.TargetType@5b1f29fa {Lnet/minecraft/world/level/levelgen/structure/templatesystem/StructureTemplate;} {} {V}
[06feb2026 17:51:08.947] [main/DEBUG] [cpw.mods.modlauncher.TransformStore/MODLAUNCHER]: Adding transformer net.neoforged.neoforge.coremods.MethodRedirector@4d48bd85 to Target : cpw.mods.modlauncher.api.TargetType@5b1f29fa {Lnet/minecraft/world/entity/EntityType;} {} {V}
[06feb2026 17:51:08.947] [main/DEBUG] [cpw.mods.modlauncher.TransformStore/MODLAUNCHER]: Adding transformer net.neoforged.neoforge.coremods.MethodRedirector@4d48bd85 to Target : cpw.mods.modlauncher.api.TargetType@5b1f29fa {Lnet/minecraft/world/entity/animal/horse/SkeletonTrapGoal;} {} {V}
[06feb2026 17:51:08.947] [main/DEBUG] [cpw.mods.modlauncher.TransformStore/MODLAUNCHER]: Adding transformer net.neoforged.neoforge.coremods.MethodRedirector@4d48bd85 to Target : cpw.mods.modlauncher.api.TargetType@5b1f29fa {Lnet/minecraft/world/entity/monster/Evoker$EvokerSummonSpellGoal;} {} {V}
[06feb2026 17:51:08.947] [main/DEBUG] [cpw.mods.modlauncher.TransformStore/MODLAUNCHER]: Adding transformer net.neoforged.neoforge.coremods.MethodRedirector@4d48bd85 to Target : cpw.mods.modlauncher.api.TargetType@5b1f29fa {Lnet/minecraft/world/entity/monster/Strider;} {} {V}
[06feb2026 17:51:08.947] [main/DEBUG] [cpw.mods.modlauncher.TransformStore/MODLAUNCHER]: Adding transformer net.neoforged.neoforge.coremods.MethodRedirector@4d48bd85 to Target : cpw.mods.modlauncher.api.TargetType@5b1f29fa {Lnet/minecraft/world/entity/monster/Spider;} {} {V}
[06feb2026 17:51:08.947] [main/DEBUG] [cpw.mods.modlauncher.TransformStore/MODLAUNCHER]: Adding transformer net.neoforged.neoforge.coremods.MethodRedirector@4d48bd85 to Target : cpw.mods.modlauncher.api.TargetType@5b1f29fa {Lnet/minecraft/world/entity/monster/Zombie;} {} {V}
[06feb2026 17:51:08.947] [main/DEBUG] [cpw.mods.modlauncher.TransformStore/MODLAUNCHER]: Adding transformer net.neoforged.neoforge.coremods.MethodRedirector@4d48bd85 to Target : cpw.mods.modlauncher.api.TargetType@5b1f29fa {Lnet/minecraft/server/commands/RaidCommand;} {} {V}
[06feb2026 17:51:08.963] [main/DEBUG] [cpw.mods.modlauncher.TransformStore/MODLAUNCHER]: Adding transformer net.neoforged.neoforge.coremods.MethodRedirector@4d48bd85 to Target : cpw.mods.modlauncher.api.TargetType@5b1f29fa {Lnet/minecraft/world/entity/monster/ZombieVillager;} {} {V}
[06feb2026 17:51:08.963] [main/DEBUG] [cpw.mods.modlauncher.TransformStore/MODLAUNCHER]: Adding transformer net.neoforged.neoforge.coremods.MethodRedirector@4d48bd85 to Target : cpw.mods.modlauncher.api.TargetType@5b1f29fa {Lnet/minecraft/world/entity/raid/Raid;} {} {V}
[06feb2026 17:51:08.963] [main/DEBUG] [cpw.mods.modlauncher.TransformStore/MODLAUNCHER]: Adding transformer net.neoforged.neoforge.coremods.MethodRedirector@4d48bd85 to Target : cpw.mods.modlauncher.api.TargetType@5b1f29fa {Lnet/minecraft/world/level/NaturalSpawner;} {} {V}
[06feb2026 17:51:08.963] [main/DEBUG] [cpw.mods.modlauncher.TransformationServiceDecorator/MODLAUNCHER]: Initialized transformers for transformation service fml
[06feb2026 17:51:11.497] [main/DEBUG] [mixin/]: Processing prepare() for PlatformAgent[MixinPlatformAgentDefault:ModLauncher Root Container(ModLauncher:4f56a0a2)]
[06feb2026 17:51:11.497] [main/DEBUG] [mixin/]: Processing prepare() for PlatformAgent[MixinPlatformAgentDefault:net.neoforged.fml.loading.mixin.FMLMixinContainerHandle@37c2eacb]
[06feb2026 17:51:11.497] [main/DEBUG] [mixin/]: Processing prepare() for PlatformAgent[FMLMixinPlatformAgent:null]
[06feb2026 17:51:11.814] [main/DEBUG] [mixin/]: Processing launch tasks for PlatformAgent[MixinPlatformAgentDefault:ModLauncher Root Container(ModLauncher:4f56a0a2)]
[06feb2026 17:51:11.815] [main/DEBUG] [mixin/]: Adding mixin platform agents for container SecureJarResource(mixin_synthetic)
[06feb2026 17:51:11.816] [main/DEBUG] [mixin/]: Instancing new MixinPlatformAgentMinecraftForge for SecureJarResource(mixin_synthetic)
[06feb2026 17:51:11.816] [main/DEBUG] [mixin/]: MixinPlatformAgentMinecraftForge rejected container SecureJarResource(mixin_synthetic)
[06feb2026 17:51:11.816] [main/DEBUG] [mixin/]: Instancing new MixinPlatformAgentDefault for SecureJarResource(mixin_synthetic)
[06feb2026 17:51:11.817] [main/DEBUG] [mixin/]: MixinPlatformAgentDefault accepted container SecureJarResource(mixin_synthetic)
[06feb2026 17:51:11.818] [main/DEBUG] [mixin/]: Instancing new FMLMixinPlatformAgent for SecureJarResource(mixin_synthetic)
[06feb2026 17:51:11.818] [main/DEBUG] [mixin/]: FMLMixinPlatformAgent rejected container SecureJarResource(mixin_synthetic)
[06feb2026 17:51:11.819] [main/DEBUG] [mixin/]: Processing prepare() for PlatformAgent[MixinPlatformAgentDefault:SecureJarResource(mixin_synthetic)]
[06feb2026 17:51:11.820] [main/DEBUG] [mixin/]: Adding mixin platform agents for container SecureJarResource(minecraft)
[06feb2026 17:51:11.820] [main/DEBUG] [mixin/]: Instancing new MixinPlatformAgentMinecraftForge for SecureJarResource(minecraft)
[06feb2026 17:51:11.821] [main/DEBUG] [mixin/]: MixinPlatformAgentMinecraftForge rejected container SecureJarResource(minecraft)
[06feb2026 17:51:11.821] [main/DEBUG] [mixin/]: Instancing new MixinPlatformAgentDefault for SecureJarResource(minecraft)
[06feb2026 17:51:11.821] [main/DEBUG] [mixin/]: MixinPlatformAgentDefault accepted container SecureJarResource(minecraft)
[06feb2026 17:51:11.821] [main/DEBUG] [mixin/]: Instancing new FMLMixinPlatformAgent for SecureJarResource(minecraft)
[06feb2026 17:51:11.821] [main/DEBUG] [mixin/]: FMLMixinPlatformAgent rejected container SecureJarResource(minecraft)
[06feb2026 17:51:11.821] [main/DEBUG] [mixin/]: Processing prepare() for PlatformAgent[MixinPlatformAgentDefault:SecureJarResource(minecraft)]
[06feb2026 17:51:11.835] [main/DEBUG] [mixin/]: Adding mixin platform agents for container SecureJarResource(ultimatefoods)
[06feb2026 17:51:11.836] [main/DEBUG] [mixin/]: Instancing new MixinPlatformAgentMinecraftForge for SecureJarResource(ultimatefoods)
[06feb2026 17:51:11.836] [main/DEBUG] [mixin/]: MixinPlatformAgentMinecraftForge rejected container SecureJarResource(ultimatefoods)
[06feb2026 17:51:11.836] [main/DEBUG] [mixin/]: Instancing new MixinPlatformAgentDefault for SecureJarResource(ultimatefoods)
[06feb2026 17:51:11.836] [main/DEBUG] [mixin/]: MixinPlatformAgentDefault accepted container SecureJarResource(ultimatefoods)
[06feb2026 17:51:11.836] [main/DEBUG] [mixin/]: Instancing new FMLMixinPlatformAgent for SecureJarResource(ultimatefoods)
[06feb2026 17:51:11.836] [main/DEBUG] [mixin/]: FMLMixinPlatformAgent rejected container SecureJarResource(ultimatefoods)
[06feb2026 17:51:11.836] [main/DEBUG] [mixin/]: Processing prepare() for PlatformAgent[MixinPlatformAgentDefault:SecureJarResource(ultimatefoods)]
[06feb2026 17:51:11.836] [main/DEBUG] [mixin/]: Adding mixin platform agents for container SecureJarResource(jade)
[06feb2026 17:51:11.836] [main/DEBUG] [mixin/]: Instancing new MixinPlatformAgentMinecraftForge for SecureJarResource(jade)
[06feb2026 17:51:11.836] [main/DEBUG] [mixin/]: MixinPlatformAgentMinecraftForge rejected container SecureJarResource(jade)
[06feb2026 17:51:11.836] [main/DEBUG] [mixin/]: Instancing new MixinPlatformAgentDefault for SecureJarResource(jade)
[06feb2026 17:51:11.836] [main/DEBUG] [mixin/]: MixinPlatformAgentDefault accepted container SecureJarResource(jade)
[06feb2026 17:51:11.836] [main/DEBUG] [mixin/]: Instancing new FMLMixinPlatformAgent for SecureJarResource(jade)
[06feb2026 17:51:11.836] [main/DEBUG] [mixin/]: FMLMixinPlatformAgent rejected container SecureJarResource(jade)
[06feb2026 17:51:11.836] [main/DEBUG] [mixin/]: Processing prepare() for PlatformAgent[MixinPlatformAgentDefault:SecureJarResource(jade)]
[06feb2026 17:51:11.836] [main/DEBUG] [mixin/]: Registering mixin config: jade.mixins.json source=SecureJarResource(jade)
[06feb2026 17:51:11.836] [main/DEBUG] [mixin/]: Adding mixin platform agents for container SecureJarResource(jei)
[06feb2026 17:51:11.836] [main/DEBUG] [mixin/]: Instancing new MixinPlatformAgentMinecraftForge for SecureJarResource(jei)
[06feb2026 17:51:11.836] [main/DEBUG] [mixin/]: MixinPlatformAgentMinecraftForge rejected container SecureJarResource(jei)
[06feb2026 17:51:11.836] [main/DEBUG] [mixin/]: Instancing new MixinPlatformAgentDefault for SecureJarResource(jei)
[06feb2026 17:51:11.836] [main/DEBUG] [mixin/]: MixinPlatformAgentDefault accepted container SecureJarResource(jei)
[06feb2026 17:51:11.836] [main/DEBUG] [mixin/]: Instancing new FMLMixinPlatformAgent for SecureJarResource(jei)
[06feb2026 17:51:11.836] [main/DEBUG] [mixin/]: FMLMixinPlatformAgent rejected container SecureJarResource(jei)
[06feb2026 17:51:11.836] [main/DEBUG] [mixin/]: Processing prepare() for PlatformAgent[MixinPlatformAgentDefault:SecureJarResource(jei)]
[06feb2026 17:51:11.836] [main/DEBUG] [mixin/]: Adding mixin platform agents for container SecureJarResource(mixinextras.neoforge)
[06feb2026 17:51:11.850] [main/DEBUG] [mixin/]: Instancing new MixinPlatformAgentMinecraftForge for SecureJarResource(mixinextras.neoforge)
[06feb2026 17:51:11.850] [main/DEBUG] [mixin/]: MixinPlatformAgentMinecraftForge rejected container SecureJarResource(mixinextras.neoforge)
[06feb2026 17:51:11.850] [main/DEBUG] [mixin/]: Instancing new MixinPlatformAgentDefault for SecureJarResource(mixinextras.neoforge)
[06feb2026 17:51:11.850] [main/DEBUG] [mixin/]: MixinPlatformAgentDefault accepted container SecureJarResource(mixinextras.neoforge)
[06feb2026 17:51:11.850] [main/DEBUG] [mixin/]: Instancing new FMLMixinPlatformAgent for SecureJarResource(mixinextras.neoforge)
[06feb2026 17:51:11.850] [main/DEBUG] [mixin/]: FMLMixinPlatformAgent rejected container SecureJarResource(mixinextras.neoforge)
[06feb2026 17:51:11.851] [main/DEBUG] [mixin/]: Processing prepare() for PlatformAgent[MixinPlatformAgentDefault:SecureJarResource(mixinextras.neoforge)]
[06feb2026 17:51:11.851] [main/DEBUG] [mixin/]: Registering mixin config: mixinextras.init.mixins.json source=SecureJarResource(mixinextras.neoforge)
[06feb2026 17:51:11.859] [main/DEBUG] [mixin/]: inject() running with 8 agents
[06feb2026 17:51:11.859] [main/DEBUG] [mixin/]: Processing inject() for PlatformAgent[MixinPlatformAgentDefault:ModLauncher Root Container(ModLauncher:4f56a0a2)]
[06feb2026 17:51:11.869] [main/DEBUG] [mixin/]: Processing inject() for PlatformAgent[MixinPlatformAgentDefault:net.neoforged.fml.loading.mixin.FMLMixinContainerHandle@37c2eacb]
[06feb2026 17:51:11.869] [main/DEBUG] [mixin/]: Processing inject() for PlatformAgent[FMLMixinPlatformAgent:null]
[06feb2026 17:51:11.869] [main/DEBUG] [mixin/]: Processing inject() for PlatformAgent[MixinPlatformAgentDefault:SecureJarResource(mixin_synthetic)]
[06feb2026 17:51:11.869] [main/DEBUG] [mixin/]: Processing inject() for PlatformAgent[MixinPlatformAgentDefault:SecureJarResource(minecraft)]
[06feb2026 17:51:11.869] [main/DEBUG] [mixin/]: Processing inject() for PlatformAgent[MixinPlatformAgentDefault:SecureJarResource(ultimatefoods)]
[06feb2026 17:51:11.869] [main/DEBUG] [mixin/]: Processing inject() for PlatformAgent[MixinPlatformAgentDefault:SecureJarResource(jade)]
[06feb2026 17:51:11.869] [main/DEBUG] [mixin/]: Processing inject() for PlatformAgent[MixinPlatformAgentDefault:SecureJarResource(jei)]
[06feb2026 17:51:11.869] [main/DEBUG] [mixin/]: Processing inject() for PlatformAgent[MixinPlatformAgentDefault:SecureJarResource(mixinextras.neoforge)]
[06feb2026 17:51:11.869] [main/INFO] [cpw.mods.modlauncher.LaunchServiceHandler/MODLAUNCHER]: Launching target 'forgedatadev' with arguments [--gameDir, ., --assetsDir, C:\Users\SrNadien\.gradle\caches\minecraft\assets, --mod, ultimatefoods, --all, --output, E:\modsmios\UltimateFoodsMod\src\generated\resources, --existing, E:\modsmios\UltimateFoodsMod\src\main\resources, --assetIndex, asset-index]
[06feb2026 17:51:12.115] [main/DEBUG] [mixin/]: Preparing mixins for MixinEnvironment[DEFAULT]
[06feb2026 17:51:12.115] [main/DEBUG] [mixin/]: Selecting config jade.mixins.json
[06feb2026 17:51:12.115] [main/DEBUG] [mixin/]: Selecting config neoforge.mixins.json
[06feb2026 17:51:12.115] [main/DEBUG] [mixin/]: Selecting config mixinextras.init.mixins.json
[06feb2026 17:51:12.352] [main/DEBUG] [MixinExtras|Service/]: com.llamalad7.mixinextras.service.MixinExtrasServiceImpl(version=0.5.0) is taking over from null
[06feb2026 17:51:12.697] [main/DEBUG] [mixin/]: Registering new injector for @Inject with org.spongepowered.asm.mixin.injection.struct.CallbackInjectionInfo
[06feb2026 17:51:12.697] [main/DEBUG] [mixin/]: Registering new injector for @ModifyArg with org.spongepowered.asm.mixin.injection.struct.ModifyArgInjectionInfo
[06feb2026 17:51:12.697] [main/DEBUG] [mixin/]: Registering new injector for @ModifyArgs with org.spongepowered.asm.mixin.injection.struct.ModifyArgsInjectionInfo
[06feb2026 17:51:12.712] [main/DEBUG] [mixin/]: Registering new injector for @Redirect with org.spongepowered.asm.mixin.injection.struct.RedirectInjectionInfo
[06feb2026 17:51:12.712] [main/DEBUG] [mixin/]: Registering new injector for @ModifyVariable with org.spongepowered.asm.mixin.injection.struct.ModifyVariableInjectionInfo
[06feb2026 17:51:12.712] [main/DEBUG] [mixin/]: Registering new injector for @ModifyConstant with org.spongepowered.asm.mixin.injection.struct.ModifyConstantInjectionInfo
[06feb2026 17:51:12.832] [main/DEBUG] [mixin/]: Preparing jade.mixins.json (6)
[06feb2026 17:51:12.949] [main/DEBUG] [net.neoforged.accesstransformer.AccessTransformer/AXFORM]: Transforming net.minecraft.world.level.block.entity.AbstractFurnaceBlockEntity FIELD litTime to access PUBLIC and LEAVE
[06feb2026 17:51:13.137] [main/TRACE] [mixin/]: Added class metadata for net/minecraft/world/level/block/entity/AbstractFurnaceBlockEntity to metadata cache
[06feb2026 17:51:13.161] [main/TRACE] [mixin/]: Added class metadata for net/neoforged/neoforge/common/loot/CanItemPerformAbility to metadata cache
[06feb2026 17:51:13.181] [main/DEBUG] [net.neoforged.accesstransformer.AccessTransformer/AXFORM]: Transforming net.minecraft.world.entity.Entity FIELD ENTITY_COUNTER to access PROTECTED and LEAVE
[06feb2026 17:51:13.198] [main/DEBUG] [net.neoforged.accesstransformer.AccessTransformer/AXFORM]: Transforming net.minecraft.world.entity.Entity METHOD getEncodeId()Ljava/lang/String; to access PUBLIC and LEAVE
[06feb2026 17:51:13.413] [main/TRACE] [mixin/]: Added class metadata for net/minecraft/world/entity/Entity to metadata cache
[06feb2026 17:51:13.429] [main/DEBUG] [net.neoforged.accesstransformer.AccessTransformer/AXFORM]: Transforming net.minecraft.client.gui.Font INNERCLASS StringRenderOutput to access PUBLIC and LEAVE
[06feb2026 17:51:13.431] [main/DEBUG] [net.neoforged.accesstransformer.AccessTransformer/AXFORM]: Transforming net.minecraft.client.gui.Font FIELD fonts to access PUBLIC and LEAVE
[06feb2026 17:51:13.431] [main/DEBUG] [net.neoforged.accesstransformer.AccessTransformer/AXFORM]: Transforming net.minecraft.client.gui.Font FIELD filterFishyGlyphs to access PUBLIC and LEAVE
[06feb2026 17:51:13.431] [main/DEBUG] [net.neoforged.accesstransformer.AccessTransformer/AXFORM]: Transforming net.minecraft.client.gui.Font FIELD splitter to access PUBLIC and REMOVEFINAL
[06feb2026 17:51:13.431] [main/DEBUG] [net.neoforged.accesstransformer.AccessTransformer/AXFORM]: Transforming net.minecraft.client.gui.Font METHOD getFontSet(Lnet/minecraft/resources/ResourceLocation;)Lnet/minecraft/client/gui/font/FontSet; to access PUBLIC and LEAVE
[06feb2026 17:51:13.431] [main/DEBUG] [net.neoforged.fml.common.asm.RuntimeDistCleaner/DISTXFORM]: Removing Class Annotation: net/minecraft/client/gui/Font @Lnet/neoforged/api/distmarker/OnlyIn;
[06feb2026 17:51:13.431] [main/TRACE] [mixin/]: Added class metadata for net/minecraft/client/gui/Font to metadata cache
[06feb2026 17:51:13.431] [main/DEBUG] [net.neoforged.accesstransformer.AccessTransformer/AXFORM]: Transforming net.minecraft.client.multiplayer.SessionSearchTrees INNERCLASS Key to access PUBLIC and LEAVE
[06feb2026 17:51:13.431] [main/DEBUG] [net.neoforged.accesstransformer.AccessTransformer/AXFORM]: Transforming net.minecraft.client.multiplayer.SessionSearchTrees FIELD CREATIVE_NAMES to access PUBLIC and LEAVE
[06feb2026 17:51:13.431] [main/DEBUG] [net.neoforged.accesstransformer.AccessTransformer/AXFORM]: Transforming net.minecraft.client.multiplayer.SessionSearchTrees FIELD CREATIVE_TAGS to access PUBLIC and LEAVE
[06feb2026 17:51:13.431] [main/DEBUG] [net.neoforged.fml.common.asm.RuntimeDistCleaner/DISTXFORM]: Removing Class Annotation: net/minecraft/client/multiplayer/SessionSearchTrees @Lnet/neoforged/api/distmarker/OnlyIn;
[06feb2026 17:51:13.448] [main/TRACE] [mixin/]: Added class metadata for net/minecraft/client/multiplayer/SessionSearchTrees to metadata cache
[06feb2026 17:51:13.448] [main/DEBUG] [net.neoforged.accesstransformer.AccessTransformer/AXFORM]: Transforming net.minecraft.client.gui.Font$StringRenderOutput CLASS to access PUBLIC and LEAVE
[06feb2026 17:51:13.448] [main/DEBUG] [net.neoforged.fml.common.asm.RuntimeDistCleaner/DISTXFORM]: Removing Class Annotation: net/minecraft/client/gui/Font$StringRenderOutput @Lnet/neoforged/api/distmarker/OnlyIn;
[06feb2026 17:51:13.479] [main/TRACE] [mixin/]: Added class metadata for net/minecraft/client/gui/Font$StringRenderOutput to metadata cache
[06feb2026 17:51:13.479] [main/DEBUG] [mixin/]: Preparing neoforge.mixins.json (2)
[06feb2026 17:51:13.521] [main/DEBUG] [net.neoforged.accesstransformer.AccessTransformer/AXFORM]: Transforming net.minecraft.world.level.block.entity.BlockEntityType INNERCLASS BlockEntitySupplier to access PUBLIC and LEAVE
[06feb2026 17:51:13.536] [main/TRACE] [mixin/]: Added class metadata for net/minecraft/world/level/block/entity/BlockEntityType to metadata cache
[06feb2026 17:51:13.552] [main/TRACE] [mixin/]: Added class metadata for net/minecraft/core/MappedRegistry to metadata cache
[06feb2026 17:51:13.552] [main/DEBUG] [mixin/]: Preparing mixinextras.init.mixins.json (0)
[06feb2026 17:51:13.583] [main/TRACE] [mixin/]: Added class metadata for net/minecraft/world/item/Item$TooltipContext to metadata cache
[06feb2026 17:51:13.630] [main/DEBUG] [net.neoforged.fml.common.asm.RuntimeDistCleaner/DISTXFORM]: Removing Class Annotation: net/minecraft/client/gui/Font$DisplayMode @Lnet/neoforged/api/distmarker/OnlyIn;
[06feb2026 17:51:13.630] [main/TRACE] [mixin/]: Added class metadata for net/minecraft/client/gui/Font$DisplayMode to metadata cache
[06feb2026 17:51:13.645] [main/DEBUG] [mixin/]: Prepared 8 mixins in 1,515 sec (189,4ms avg) (0ms load, 0ms transform, 0ms plugin)
[06feb2026 17:51:14.490] [main/DEBUG] [io.netty.util.internal.logging.InternalLoggerFactory/]: Using SLF4J as the default logging framework
[06feb2026 17:51:14.498] [main/DEBUG] [io.netty.util.ResourceLeakDetector/]: -Dio.netty.leakDetection.level: simple
[06feb2026 17:51:14.498] [main/DEBUG] [io.netty.util.ResourceLeakDetector/]: -Dio.netty.leakDetection.targetRecords: 4
[06feb2026 17:51:16.982] [main/INFO] [net.neoforged.neoforge.data.loading.DatagenModLoader/]: Initializing Data Gatherer for mods [ultimatefoods]
[06feb2026 17:51:17.135] [main/INFO] [MixinExtras|Service/]: Initializing MixinExtras via com.llamalad7.mixinextras.service.MixinExtrasServiceImpl(version=0.5.0).
[06feb2026 17:51:17.135] [main/DEBUG] [mixin/]: Registering new injector for @SugarWrapper with com.llamalad7.mixinextras.sugar.impl.SugarWrapperInjectionInfo
[06feb2026 17:51:17.135] [main/DEBUG] [mixin/]: Registering new injector for @FactoryRedirectWrapper with com.llamalad7.mixinextras.wrapper.factory.FactoryRedirectWrapperInjectionInfo
[06feb2026 17:51:17.150] [main/DEBUG] [mixin/]: Registering new injector for @ExpressionInjectorWrapper with com.llamalad7.mixinextras.expression.impl.wrapper.ExpressionInjectorWrapperInjectionInfo
[06feb2026 17:51:17.232] [main/DEBUG] [mixin/]: Mixing MappedRegistryAccessor from neoforge.mixins.json into net.minecraft.core.MappedRegistry
[06feb2026 17:51:17.285] [main/DEBUG] [mixin/]: neoforge.mixins.json:MappedRegistryAccessor from mod neoforge: Class version 65 required is higher than the class version supported by the current version of Mixin (JAVA_16 supports class version 60)
[06feb2026 17:51:19.032] [main/DEBUG] [mixin/]: Mixing EntityAccess from jade.mixins.json into net.minecraft.world.entity.Entity
[06feb2026 17:51:19.048] [main/DEBUG] [mixin/]: jade.mixins.json:EntityAccess from mod jade: Class version 65 required is higher than the class version supported by the current version of Mixin (JAVA_16 supports class version 60)
[06feb2026 17:51:31.170] [main/DEBUG] [mixin/]: Mixing BlockEntityTypeAccessor from neoforge.mixins.json into net.minecraft.world.level.block.entity.BlockEntityType
[06feb2026 17:51:31.170] [main/DEBUG] [mixin/]: neoforge.mixins.json:BlockEntityTypeAccessor from mod neoforge: Class version 65 required is higher than the class version supported by the current version of Mixin (JAVA_16 supports class version 60)
[06feb2026 17:51:31.349] [main/DEBUG] [mixin/]: Mixing AbstractFurnaceBlockEntityAccess from jade.mixins.json into net.minecraft.world.level.block.entity.AbstractFurnaceBlockEntity
[06feb2026 17:51:31.349] [main/DEBUG] [mixin/]: jade.mixins.json:AbstractFurnaceBlockEntityAccess from mod jade: Class version 65 required is higher than the class version supported by the current version of Mixin (JAVA_16 supports class version 60)
[06feb2026 17:51:41.915] [main/DEBUG] [io.netty.util.internal.PlatformDependent0/]: -Dio.netty.noUnsafe: false
[06feb2026 17:51:41.915] [main/DEBUG] [io.netty.util.internal.PlatformDependent0/]: Java version: 21
[06feb2026 17:51:41.915] [main/DEBUG] [io.netty.util.internal.PlatformDependent0/]: sun.misc.Unsafe.theUnsafe: available
[06feb2026 17:51:41.915] [main/DEBUG] [io.netty.util.internal.PlatformDependent0/]: sun.misc.Unsafe.copyMemory: available
[06feb2026 17:51:41.930] [main/DEBUG] [io.netty.util.internal.PlatformDependent0/]: sun.misc.Unsafe.storeFence: available
[06feb2026 17:51:41.930] [main/DEBUG] [io.netty.util.internal.PlatformDependent0/]: java.nio.Buffer.address: available
[06feb2026 17:51:41.930] [main/DEBUG] [io.netty.util.internal.PlatformDependent0/]: java.nio.Bits.unaligned: available, true
[06feb2026 17:51:41.946] [main/DEBUG] [io.netty.util.internal.PlatformDependent0/]: java.nio.DirectByteBuffer.<init>(long, {int,long}): unavailable
[06feb2026 17:51:41.946] [main/DEBUG] [io.netty.util.internal.PlatformDependent/]: sun.misc.Unsafe: available
[06feb2026 17:51:41.946] [main/DEBUG] [io.netty.util.internal.PlatformDependent/]: maxDirectMemory: 2147483648 bytes (maybe)
[06feb2026 17:51:41.946] [main/DEBUG] [io.netty.util.internal.PlatformDependent/]: -Dio.netty.tmpdir: C:\Users\SrNadien\AppData\Local\Temp (java.io.tmpdir)
[06feb2026 17:51:41.946] [main/DEBUG] [io.netty.util.internal.PlatformDependent/]: -Dio.netty.bitMode: 64 (sun.arch.data.model)
[06feb2026 17:51:41.961] [main/DEBUG] [io.netty.util.internal.PlatformDependent/]: Platform: Windows
[06feb2026 17:51:41.961] [main/DEBUG] [io.netty.util.internal.PlatformDependent/]: -Dio.netty.maxDirectMemory: -1 bytes
[06feb2026 17:51:41.961] [main/DEBUG] [io.netty.util.internal.PlatformDependent/]: -Dio.netty.uninitializedArrayAllocationThreshold: -1
[06feb2026 17:51:41.961] [main/DEBUG] [io.netty.util.internal.CleanerJava9/]: java.nio.ByteBuffer.cleaner(): available
[06feb2026 17:51:41.961] [main/DEBUG] [io.netty.util.internal.PlatformDependent/]: -Dio.netty.noPreferDirect: false
[06feb2026 17:51:53.586] [main/DEBUG] [net.neoforged.neoforge.registries.GameData/REGISTRIES]: Creating vanilla freeze snapshot
[06feb2026 17:51:53.692] [main/DEBUG] [net.neoforged.neoforge.registries.GameData/REGISTRIES]: Vanilla freeze snapshot created
[06feb2026 17:51:53.708] [main/DEBUG] [net.neoforged.fml.ModWorkManager/LOADING]: Using 2 threads for parallel mod-loading
[06feb2026 17:51:53.762] [main/DEBUG] [net.neoforged.fml.javafmlmod.FMLModContainer/LOADING]: Creating FMLModContainer instance for [nadiendev.ultimatefoods.UltimateFoodsCore]
[06feb2026 17:51:53.777] [main/DEBUG] [net.neoforged.fml.javafmlmod.FMLModContainer/LOADING]: Creating FMLModContainer instance for [snownee.jade.util.CommonProxy]
[06feb2026 17:51:53.785] [main/DEBUG] [net.neoforged.fml.javafmlmod.FMLModContainer/LOADING]: Creating FMLModContainer instance for [net.neoforged.neoforge.common.NeoForgeMod, net.neoforged.neoforge.client.ClientNeoForgeMod]
[06feb2026 17:51:53.794] [main/DEBUG] [net.neoforged.fml.javafmlmod.FMLModContainer/LOADING]: Creating FMLModContainer instance for [mezz.jei.neoforge.JustEnoughItems]
[06feb2026 17:51:53.811] [modloading-worker-0/INFO] [nadiendev.ultimatefoods.UltimateFoodsCore/]: Inicializando Ultimate Foods Mod...
[06feb2026 17:51:53.841] [modloading-worker-0/INFO] [nadiendev.ultimatefoods.UltimateFoodsCore/]: Sonidos registrados
[06feb2026 17:51:53.891] [modloading-worker-0/INFO] [nadiendev.ultimatefoods.UltimateFoodsCore/]: Efectos registrados
[06feb2026 17:51:53.905] [modloading-worker-0/INFO] [nadiendev.ultimatefoods.UltimateFoodsCore/]: Materiales de armadura registrados
[06feb2026 17:51:53.925] [modloading-worker-0/INFO] [nadiendev.ultimatefoods.UltimateFoodsCore/]: Bloques registrados
[06feb2026 17:51:53.952] [modloading-worker-0/INFO] [nadiendev.ultimatefoods.UltimateFoodsCore/]: Bloques de mineral registrados
[06feb2026 17:51:53.954] [modloading-worker-0/INFO] [nadiendev.ultimatefoods.UltimateFoodsCore/]: Items registrados
[06feb2026 17:51:53.961] [modloading-worker-0/INFO] [nadiendev.ultimatefoods.UltimateFoodsCore/]: Armadura registrada
[06feb2026 17:51:53.984] [modloading-worker-0/INFO] [nadiendev.ultimatefoods.UltimateFoodsCore/]: Herramientas registradas
[06feb2026 17:51:53.989] [modloading-worker-0/INFO] [nadiendev.ultimatefoods.UltimateFoodsCore/]: Tab creativo registrado
[06feb2026 17:51:53.994] [modloading-worker-0/INFO] [nadiendev.ultimatefoods.UltimateFoodsCore/]: Ultimate Foods Mod inicializado correctamente!
[06feb2026 17:51:53.995] [modloading-worker-0/DEBUG] [net.neoforged.fml.javafmlmod.AutomaticEventSubscriber/LOADING]: Attempting to inject @EventBusSubscriber classes into the eventbus for ultimatefoods
[06feb2026 17:51:53.998] [modloading-worker-0/DEBUG] [net.neoforged.fml.javafmlmod.AutomaticEventSubscriber/LOADING]: Scanning class nadiendev.ultimatefoods.events.ClientSetup for @SubscribeEvent-annotated methods
[06feb2026 17:51:54.008] [modloading-worker-0/DEBUG] [net.neoforged.fml.javafmlmod.AutomaticEventSubscriber/]: Subscribing @EventBusSubscriber class Lnadiendev/ultimatefoods/events/ClientSetup; to the mod event bus of mod ultimatefoods
[06feb2026 17:51:54.014] [modloading-worker-0/DEBUG] [net.neoforged.fml.javafmlmod.AutomaticEventSubscriber/LOADING]: Scanning class nadiendev.ultimatefoods.events.PoopEffectHandler for @SubscribeEvent-annotated methods
[06feb2026 17:51:54.071] [modloading-worker-0/DEBUG] [net.neoforged.fml.javafmlmod.AutomaticEventSubscriber/]: Subscribing @EventBusSubscriber class Lnadiendev/ultimatefoods/events/PoopEffectHandler; to the game event bus
[06feb2026 17:51:54.206] [modloading-worker-0/DEBUG] [net.neoforged.neoforge.internal.versions.neoforge.NeoForgeVersion/CORE]: Found NeoForge version 21.1.215
[06feb2026 17:51:54.220] [modloading-worker-0/DEBUG] [net.neoforged.neoforge.internal.versions.neoforge.NeoForgeVersion/CORE]: Found FML version 4.0.42
[06feb2026 17:51:54.221] [modloading-worker-0/INFO] [net.neoforged.neoforge.common.NeoForgeMod/NEOFORGE-MOD]: NeoForge mod loading, version 21.1.215, for MC 1.21.1
[06feb2026 17:51:54.271] [modloading-worker-0/DEBUG] [net.neoforged.fml.javafmlmod.AutomaticEventSubscriber/LOADING]: Attempting to inject @EventBusSubscriber classes into the eventbus for jade
[06feb2026 17:51:54.293] [modloading-worker-0/DEBUG] [net.neoforged.fml.config.ConfigTracker/CONFIG]: Config file jei-server.toml for jei tracking
[06feb2026 17:51:54.306] [modloading-worker-0/DEBUG] [net.neoforged.fml.config.ConfigTracker/CONFIG]: Config file neoforge-client.toml for neoforge tracking
[06feb2026 17:51:54.307] [modloading-worker-0/DEBUG] [net.neoforged.fml.config.ConfigTracker/CONFIG]: Config file neoforge-server.toml for neoforge tracking
[06feb2026 17:51:54.307] [modloading-worker-0/DEBUG] [net.neoforged.fml.config.ConfigTracker/CONFIG]: Config file neoforge-common.toml for neoforge tracking
[06feb2026 17:51:54.476] [modloading-worker-0/DEBUG] [mezz.jei.common.platform.Services/]: Loaded mezz.jei.neoforge.platform.PlatformHelper@39c5f005 for service interface mezz.jei.common.platform.IPlatformHelper
[06feb2026 17:51:54.502] [modloading-worker-0/DEBUG] [mezz.jei.common.config.file.ConfigSchema/]: Localization has not loaded yet, waiting to save the config file until JEI starts.
[06feb2026 17:51:54.644] [modloading-worker-0/DEBUG] [mezz.jei.common.config.file.ConfigSchema/]: Localization has not loaded yet, waiting to save the config file until JEI starts.
[06feb2026 17:51:54.650] [modloading-worker-0/DEBUG] [mezz.jei.common.config.file.ConfigSchema/]: Localization has not loaded yet, waiting to save the config file until JEI starts.
[06feb2026 17:51:54.671] [modloading-worker-0/DEBUG] [mezz.jei.common.config.file.ConfigSchema/]: Localization has not loaded yet, waiting to save the config file until JEI starts.
[06feb2026 17:51:54.727] [modloading-worker-0/INFO] [mezz.jei.library.load.PluginCaller/]: Sending ConfigManager...
[06feb2026 17:51:54.736] [modloading-worker-0/DEBUG] [mezz.jei.library.load.PluginCallerTimerRunnable/]: Sending ConfigManager: jei:minecraft...
[06feb2026 17:51:54.740] [modloading-worker-0/DEBUG] [mezz.jei.library.load.PluginCallerTimerRunnable/]: Sending ConfigManager: ultimatefoods:jei_plugin...
[06feb2026 17:51:54.741] [modloading-worker-0/DEBUG] [mezz.jei.library.load.PluginCallerTimerRunnable/]: Sending ConfigManager: jade:main...
[06feb2026 17:51:54.742] [modloading-worker-0/DEBUG] [mezz.jei.library.load.PluginCallerTimerRunnable/]: Sending ConfigManager: jei:neoforge_gui...
[06feb2026 17:51:54.743] [modloading-worker-0/DEBUG] [mezz.jei.library.load.PluginCallerTimerRunnable/]: Sending ConfigManager: jei:debug...
[06feb2026 17:51:54.744] [modloading-worker-0/DEBUG] [mezz.jei.library.load.PluginCallerTimerRunnable/]: Sending ConfigManager: jei:gui...
[06feb2026 17:51:54.744] [modloading-worker-0/DEBUG] [mezz.jei.library.load.PluginCallerTimerRunnable/]: Sending ConfigManager: jei:internal...
[06feb2026 17:51:54.747] [modloading-worker-0/INFO] [mezz.jei.library.load.PluginCaller/]: Sending ConfigManager took 14.02 milliseconds
[06feb2026 17:51:54.758] [modloading-worker-0/DEBUG] [net.neoforged.fml.javafmlmod.AutomaticEventSubscriber/LOADING]: Attempting to inject @EventBusSubscriber classes into the eventbus for jei
[06feb2026 17:51:54.794] [modloading-worker-0/DEBUG] [net.neoforged.fml.javafmlmod.AutomaticEventSubscriber/LOADING]: Attempting to inject @EventBusSubscriber classes into the eventbus for neoforge
[06feb2026 17:51:54.797] [modloading-worker-0/DEBUG] [net.neoforged.fml.javafmlmod.AutomaticEventSubscriber/LOADING]: Scanning class net.neoforged.neoforge.server.command.ConfigCommand for @SubscribeEvent-annotated methods
[06feb2026 17:51:54.801] [modloading-worker-0/DEBUG] [net.neoforged.fml.javafmlmod.AutomaticEventSubscriber/]: Subscribing @EventBusSubscriber class Lnet/neoforged/neoforge/server/command/ConfigCommand; to the game event bus
[06feb2026 17:51:54.804] [modloading-worker-0/DEBUG] [net.neoforged.fml.javafmlmod.AutomaticEventSubscriber/LOADING]: Scanning class net.neoforged.neoforge.network.filters.GenericPacketSplitter for @SubscribeEvent-annotated methods
[06feb2026 17:51:54.941] [modloading-worker-0/DEBUG] [io.netty.buffer.AbstractByteBuf/]: -Dio.netty.buffer.checkAccessible: true
[06feb2026 17:51:54.943] [modloading-worker-0/DEBUG] [io.netty.buffer.AbstractByteBuf/]: -Dio.netty.buffer.checkBounds: true
[06feb2026 17:51:54.960] [modloading-worker-0/DEBUG] [io.netty.util.ResourceLeakDetectorFactory/]: Loaded default ResourceLeakDetector: io.netty.util.ResourceLeakDetector@735cd4b1
[06feb2026 17:51:54.995] [modloading-worker-0/DEBUG] [io.netty.util.internal.InternalThreadLocalMap/]: -Dio.netty.threadLocalMap.stringBuilder.initialSize: 1024
[06feb2026 17:51:54.995] [modloading-worker-0/DEBUG] [io.netty.util.internal.InternalThreadLocalMap/]: -Dio.netty.threadLocalMap.stringBuilder.maxSize: 4096
[06feb2026 17:51:55.009] [modloading-worker-0/DEBUG] [io.netty.buffer.PooledByteBufAllocator/]: -Dio.netty.allocator.numHeapArenas: 4
[06feb2026 17:51:55.011] [modloading-worker-0/DEBUG] [io.netty.buffer.PooledByteBufAllocator/]: -Dio.netty.allocator.numDirectArenas: 4
[06feb2026 17:51:55.012] [modloading-worker-0/DEBUG] [io.netty.buffer.PooledByteBufAllocator/]: -Dio.netty.allocator.pageSize: 8192
[06feb2026 17:51:55.012] [modloading-worker-0/DEBUG] [io.netty.buffer.PooledByteBufAllocator/]: -Dio.netty.allocator.maxOrder: 9
[06feb2026 17:51:55.019] [modloading-worker-0/DEBUG] [io.netty.buffer.PooledByteBufAllocator/]: -Dio.netty.allocator.chunkSize: 4194304
[06feb2026 17:51:55.025] [modloading-worker-0/DEBUG] [io.netty.buffer.PooledByteBufAllocator/]: -Dio.netty.allocator.smallCacheSize: 256
[06feb2026 17:51:55.025] [modloading-worker-0/DEBUG] [io.netty.buffer.PooledByteBufAllocator/]: -Dio.netty.allocator.normalCacheSize: 64
[06feb2026 17:51:55.026] [modloading-worker-0/DEBUG] [io.netty.buffer.PooledByteBufAllocator/]: -Dio.netty.allocator.maxCachedBufferCapacity: 32768
[06feb2026 17:51:55.027] [modloading-worker-0/DEBUG] [io.netty.buffer.PooledByteBufAllocator/]: -Dio.netty.allocator.cacheTrimInterval: 8192
[06feb2026 17:51:55.027] [modloading-worker-0/DEBUG] [io.netty.buffer.PooledByteBufAllocator/]: -Dio.netty.allocator.cacheTrimIntervalMillis: 0
[06feb2026 17:51:55.028] [modloading-worker-0/DEBUG] [io.netty.buffer.PooledByteBufAllocator/]: -Dio.netty.allocator.useCacheForAllThreads: false
[06feb2026 17:51:55.029] [modloading-worker-0/DEBUG] [io.netty.buffer.PooledByteBufAllocator/]: -Dio.netty.allocator.maxCachedByteBuffersPerChunk: 1023
[06feb2026 17:51:55.067] [modloading-worker-0/DEBUG] [io.netty.buffer.ByteBufUtil/]: -Dio.netty.allocator.type: pooled
[06feb2026 17:51:55.069] [modloading-worker-0/DEBUG] [io.netty.buffer.ByteBufUtil/]: -Dio.netty.threadLocalDirectBufferSize: 0
[06feb2026 17:51:55.072] [modloading-worker-0/DEBUG] [io.netty.buffer.ByteBufUtil/]: -Dio.netty.maxThreadLocalCharBufferSize: 16384
[06feb2026 17:51:55.090] [modloading-worker-0/DEBUG] [net.neoforged.fml.javafmlmod.AutomaticEventSubscriber/]: Subscribing @EventBusSubscriber class Lnet/neoforged/neoforge/network/filters/GenericPacketSplitter; to the mod event bus of mod neoforge
[06feb2026 17:51:55.112] [modloading-worker-0/DEBUG] [net.neoforged.fml.javafmlmod.AutomaticEventSubscriber/LOADING]: Scanning class net.neoforged.neoforge.network.NetworkInitialization for @SubscribeEvent-annotated methods
[06feb2026 17:51:55.115] [modloading-worker-0/DEBUG] [net.neoforged.fml.javafmlmod.AutomaticEventSubscriber/]: Subscribing @EventBusSubscriber class Lnet/neoforged/neoforge/network/NetworkInitialization; to the mod event bus of mod neoforge
[06feb2026 17:51:55.116] [modloading-worker-0/DEBUG] [net.neoforged.fml.javafmlmod.AutomaticEventSubscriber/LOADING]: Scanning class net.neoforged.neoforge.network.ConfigurationInitialization for @SubscribeEvent-annotated methods
[06feb2026 17:51:55.132] [modloading-worker-0/DEBUG] [net.neoforged.fml.javafmlmod.AutomaticEventSubscriber/]: Subscribing @EventBusSubscriber class Lnet/neoforged/neoforge/network/ConfigurationInitialization; to the mod event bus of mod neoforge
[06feb2026 17:51:55.135] [modloading-worker-0/DEBUG] [net.neoforged.fml.javafmlmod.AutomaticEventSubscriber/LOADING]: Scanning class net.neoforged.neoforge.common.MonsterRoomHooks for @SubscribeEvent-annotated methods
[06feb2026 17:51:55.141] [modloading-worker-0/DEBUG] [net.neoforged.fml.javafmlmod.AutomaticEventSubscriber/]: Subscribing @EventBusSubscriber class Lnet/neoforged/neoforge/common/MonsterRoomHooks; to the game event bus
[06feb2026 17:51:55.145] [modloading-worker-0/DEBUG] [net.neoforged.fml.javafmlmod.AutomaticEventSubscriber/LOADING]: Scanning class net.neoforged.neoforge.common.DeferredSpawnEggItem$CommonHandler for @SubscribeEvent-annotated methods
[06feb2026 17:51:55.162] [modloading-worker-0/DEBUG] [net.neoforged.fml.javafmlmod.AutomaticEventSubscriber/]: Subscribing @EventBusSubscriber class Lnet/neoforged/neoforge/common/DeferredSpawnEggItem$CommonHandler; to the mod event bus of mod neoforge
[06feb2026 17:51:55.163] [modloading-worker-0/DEBUG] [net.neoforged.fml.javafmlmod.AutomaticEventSubscriber/LOADING]: Scanning class net.neoforged.neoforge.common.DeferredSpawnEggItem$ColorRegisterHandler for @SubscribeEvent-annotated methods
[06feb2026 17:51:55.175] [modloading-worker-0/DEBUG] [net.neoforged.fml.javafmlmod.AutomaticEventSubscriber/]: Subscribing @EventBusSubscriber class Lnet/neoforged/neoforge/common/DeferredSpawnEggItem$ColorRegisterHandler; to the mod event bus of mod neoforge
[06feb2026 17:51:55.177] [modloading-worker-0/DEBUG] [net.neoforged.fml.javafmlmod.AutomaticEventSubscriber/LOADING]: Scanning class net.neoforged.neoforge.client.model.data.ModelDataManager for @SubscribeEvent-annotated methods
[06feb2026 17:51:55.181] [modloading-worker-0/DEBUG] [net.neoforged.fml.javafmlmod.AutomaticEventSubscriber/]: Subscribing @EventBusSubscriber class Lnet/neoforged/neoforge/client/model/data/ModelDataManager; to the game event bus
[06feb2026 17:51:55.181] [modloading-worker-0/DEBUG] [net.neoforged.fml.javafmlmod.AutomaticEventSubscriber/LOADING]: Scanning class net.neoforged.neoforge.client.ParticleBoundsDebugRenderer for @SubscribeEvent-annotated methods
[06feb2026 17:51:55.210] [modloading-worker-0/DEBUG] [net.neoforged.fml.javafmlmod.AutomaticEventSubscriber/]: Subscribing @EventBusSubscriber class Lnet/neoforged/neoforge/client/ParticleBoundsDebugRenderer; to the game event bus
[06feb2026 17:51:55.212] [modloading-worker-0/DEBUG] [net.neoforged.fml.javafmlmod.AutomaticEventSubscriber/LOADING]: Scanning class net.neoforged.neoforge.client.ClientHooks$ClientEvents for @SubscribeEvent-annotated methods
[06feb2026 17:51:55.233] [modloading-worker-0/DEBUG] [net.neoforged.fml.javafmlmod.AutomaticEventSubscriber/]: Subscribing @EventBusSubscriber class Lnet/neoforged/neoforge/client/ClientHooks$ClientEvents; to the mod event bus of mod neoforge
[06feb2026 17:51:55.239] [modloading-worker-0/DEBUG] [net.neoforged.fml.javafmlmod.AutomaticEventSubscriber/LOADING]: Scanning class net.neoforged.neoforge.client.BlockEntityRenderBoundsDebugRenderer for @SubscribeEvent-annotated methods
[06feb2026 17:51:55.244] [modloading-worker-0/DEBUG] [net.neoforged.fml.javafmlmod.AutomaticEventSubscriber/]: Subscribing @EventBusSubscriber class Lnet/neoforged/neoforge/client/BlockEntityRenderBoundsDebugRenderer; to the game event bus
[06feb2026 17:51:55.248] [modloading-worker-0/DEBUG] [net.neoforged.fml.javafmlmod.AutomaticEventSubscriber/LOADING]: Scanning class net.neoforged.neoforge.attachment.AttachmentSync for @SubscribeEvent-annotated methods
[06feb2026 17:51:55.277] [modloading-worker-0/DEBUG] [net.neoforged.fml.javafmlmod.AutomaticEventSubscriber/]: Subscribing @EventBusSubscriber class Lnet/neoforged/neoforge/attachment/AttachmentSync; to the game event bus
[06feb2026 17:51:55.280] [modloading-worker-0/DEBUG] [net.neoforged.fml.javafmlmod.AutomaticEventSubscriber/LOADING]: Scanning class net.neoforged.neoforge.attachment.AttachmentInternals for @SubscribeEvent-annotated methods
[06feb2026 17:51:55.282] [modloading-worker-0/DEBUG] [net.neoforged.fml.javafmlmod.AutomaticEventSubscriber/]: Subscribing @EventBusSubscriber class Lnet/neoforged/neoforge/attachment/AttachmentInternals; to the game event bus
[06feb2026 17:51:55.390] [modloading-sync-worker/DEBUG] [net.neoforged.neoforge.registries.GameData/REGISTRIES]: Unfreezing registries
[06feb2026 17:51:55.508] [modloading-sync-worker/DEBUG] [mixin/]: Mixing CanItemPerformAbilityAccess from jade.mixins.json into net.neoforged.neoforge.common.loot.CanItemPerformAbility
[06feb2026 17:51:55.522] [modloading-sync-worker/DEBUG] [mixin/]: jade.mixins.json:CanItemPerformAbilityAccess from mod jade: Class version 65 required is higher than the class version supported by the current version of Mixin (JAVA_16 supports class version 60)
[06feb2026 17:51:55.821] [modloading-sync-worker/DEBUG] [net.neoforged.neoforge.registries.GameData/REGISTRIES]: Freezing registries
[06feb2026 17:51:56.133] [modloading-sync-worker/DEBUG] [net.neoforged.neoforge.registries.GameData/REGISTRIES]: All registries frozen
[06feb2026 17:51:57.294] [main/WARN] [net.minecraft.server.packs.VanillaPackResourcesBuilder/]: Assets URL 'union:/E:/modsmios/UltimateFoodsMod/.gradle/repositories/ng_dummy_ng/net/neoforged/neoforge/21.1.215/neoforge-21.1.215.jar%23195!/assets/.mcassetsroot' uses unexpected schema
[06feb2026 17:51:57.294] [main/WARN] [net.minecraft.server.packs.VanillaPackResourcesBuilder/]: Assets URL 'union:/E:/modsmios/UltimateFoodsMod/.gradle/repositories/ng_dummy_ng/net/neoforged/neoforge/21.1.215/neoforge-21.1.215.jar%23195!/data/.mcassetsroot' uses unexpected schema
[06feb2026 17:51:57.918] [main/INFO] [nadiendev.ultimatefoods.UltimateFoodsCore/]: === INICIANDO GENERACIÓN DE DATOS ===
[06feb2026 17:51:57.963] [main/INFO] [nadiendev.ultimatefoods.UltimateFoodsCore/]: Provider de recetas registrado
[06feb2026 17:51:57.977] [main/INFO] [nadiendev.ultimatefoods.UltimateFoodsCore/]: Provider de WorldGen registrado
[06feb2026 17:51:58.020] [main/INFO] [nadiendev.ultimatefoods.UltimateFoodsCore/]: Provider de Loot Tables registrado
[06feb2026 17:51:58.037] [main/INFO] [nadiendev.ultimatefoods.UltimateFoodsCore/]: Provider de tags de bloques registrado
[06feb2026 17:51:58.041] [main/INFO] [nadiendev.ultimatefoods.UltimateFoodsCore/]: Provider de tags de items registrado
[06feb2026 17:51:58.070] [main/INFO] [nadiendev.ultimatefoods.UltimateFoodsCore/]: Provider de modelos de bloques registrado
[06feb2026 17:51:58.088] [main/INFO] [nadiendev.ultimatefoods.UltimateFoodsCore/]: Provider de sonidos registrado
[06feb2026 17:51:58.089] [main/INFO] [nadiendev.ultimatefoods.UltimateFoodsCore/]: === TODOS LOS PROVIDERS REGISTRADOS CORRECTAMENTE ===
[06feb2026 17:51:58.090] [main/INFO] [nadiendev.ultimatefoods.UltimateFoodsCore/]: Ejecuta el comando: gradlew runData
[06feb2026 17:51:58.793] [main/INFO] [net.minecraft.data.DataGenerator/]: Starting provider: Recipes
[06feb2026 17:52:00.303] [main/INFO] [net.minecraft.data.DataGenerator/]: Recipes finished after 1513 ms
[06feb2026 17:52:00.303] [main/INFO] [net.minecraft.data.DataGenerator/]: Starting provider: Registries
[06feb2026 17:52:00.353] [main/INFO] [net.minecraft.data.DataGenerator/]: Registries finished after 41 ms
[06feb2026 17:52:00.353] [main/INFO] [net.minecraft.data.DataGenerator/]: Starting provider: Loot Tables
[06feb2026 17:52:00.447] [main/INFO] [net.minecraft.data.DataGenerator/]: Loot Tables finished after 94 ms
[06feb2026 17:52:00.452] [main/INFO] [net.minecraft.data.DataGenerator/]: Starting provider: Tags for minecraft:block mod id ultimatefoods
[06feb2026 17:52:00.620] [main/INFO] [net.minecraft.data.DataGenerator/]: Tags for minecraft:block mod id ultimatefoods finished after 169 ms
[06feb2026 17:52:00.620] [main/INFO] [net.minecraft.data.DataGenerator/]: Starting provider: Tags for minecraft:item mod id ultimatefoods
[06feb2026 17:52:00.806] [main/INFO] [net.minecraft.data.DataGenerator/]: Tags for minecraft:item mod id ultimatefoods finished after 191 ms
[06feb2026 17:52:00.806] [main/INFO] [net.minecraft.data.DataGenerator/]: Starting provider: Block States: ultimatefoods
[06feb2026 17:52:00.992] [main/INFO] [net.minecraft.data.DataGenerator/]: Block States: ultimatefoods finished after 175 ms
[06feb2026 17:52:00.992] [main/INFO] [net.minecraft.data.DataGenerator/]: Starting provider: Sound Definitions
[06feb2026 17:52:01.002] [main/INFO] [net.minecraft.data.DataGenerator/]: Sound Definitions finished after 14 ms
[06feb2026 17:52:01.002] [main/INFO] [net.minecraft.data.DataGenerator/]: All providers took: 2211 ms
[06feb2026 17:52:01.064] [main/INFO] [net.minecraft.data.HashCache/]: Caching: total files: 67, old count: 0, new count: 68, removed stale: 0, written: 67
